char,radical,pinyin,tone,pinlu
㚇,夊,zōng,1,0
㨖,手,zhì,4,0
㫚,日,hū,1,0
㬹,肉,zhēng,1,0
䂑,矢,jī,1,0
䍇,缶,tà,4,0
䧹,隹,yīng,1,0
䳭,鳥,jí,2,0
䵠,黑,dí,2,0
一,一,yī,1,32747
丁,一,dīng,1,16
丂,一,kǎo,3,0
七,一,qī,1,950
丄,一,shàng,4,0
丅,一,xià,4,0
丆,一,hǎn,3,0
万,一,wàn,4,1335
丈,一,zhàng,4,112
三,一,sān,1,3030
上,一,shàng,4,12700
下,一,xià,4,6679
丌,一,jī,1,0
不,一,bù,4,23860
与,一,yǔ,3,972
丏,一,miǎn,3,0
丐,一,gài,4,0
丑,一,chǒu,3,31
丒,一,chǒu,3,0
专,一,zhuān,1,602
且,一,qiě,3,1051
丕,一,pī,1,0
世,一,shì,4,1238
丗,一,shì,4,0
丘,一,qiū,1,58
丙,一,bǐng,3,30
业,一,yè,4,2095
丛,一,cóng,2,69
东,一,dōng,1,1601
丝,一,sī,1,186
丞,一,chéng,2,0
丟,一,diū,1,144
両,一,liǎng,3,0
丢,一,diū,1,144
丣,一,yǒu,3,0
两,一,liǎng,3,3229
严,一,yán,2,633
並,一,bìng,4,0
丧,一,sàng,4,22
丨,丨,gǔn,3,0
个,丨,gè,4,13602
丫,丨,yā,1,56
丬,爿,qiáng,2,0
中,丨,zhōng,1,4941
丮,丨,jǐ,3,0
丯,丨,jiè,4,0
丰,丨,fēng,1,264
丱,丨,guàn,4,0
串,丨,chuàn,4,104
丳,丨,chǎn,3,0
临,丨,lín,2,220
丵,丨,zhuó,2,0
丶,丶,zhǔ,3,0
丷,丶,bā,1,0
丸,丶,wán,2,13
丹,丶,dān,1,42
为,丶,wèi,4,6395
主,丶,zhǔ,3,6884
丼,丶,jǐng,3,0
丽,一,lì,4,215
举,丶,jǔ,3,549
丿,丿,piě,3,0
乀,丿,fú,2,0
乁,丿,yí,2,0
乂,丿,yì,4,0
乃,丿,nǎi,3,27
乄,丿,wǔ,3,0
久,丿,jiǔ,3,467
乇,丿,tuō,1,0
么,丿,me,5,8053
义,丶,yì,4,4472
乊,丿,yī,1,0
之,丿,zhī,1,2282
乌,丿,wū,1,69
乍,丿,zhà,4,0
乎,丿,hū,1,588
乏,丿,fá,2,103
乐,丿,lè,4,337
乑,丿,yín,2,0
乒,丿,pīng,1,29
乓,丿,pāng,1,29
乔,丿,qiáo,2,0
乕,丿,hǔ,3,0
乖,丿,guāi,1,19
乗,丿,chéng,2,0
乘,丿,chéng,2,106
乙,乙,yǐ,3,45
乚,乙,yǐn,3,0
乛,乙,ya,1,0
乜,乙,miē,1,0
九,乙,jiǔ,3,1453
乞,乙,qǐ,3,0
也,乙,yě,3,7359
习,乙,xí,2,836
乡,幺,xiāng,1,433
乢,山,gài,4,0
乣,乙,jiǔ,3,0
乤,乙,xià,4,0
乥,乙,hù,4,0
书,乙,shū,1,1446
乧,乙,dǒu,3,0
乨,乙,shǐ,3,0
乩,乙,jī,1,0
乪,乙,náng,2,0
乫,乙,jiā,1,0
乬,乙,jù,4,0
乭,乙,shí,2,0
乮,乙,mǎo,3,0
乯,乙,hū,1,0
买,乙,mǎi,3,774
乱,乙,luàn,4,357
乲,乙,zī,1,0
乳,乙,rǔ,3,24
乴,乙,xué,2,0
乵,乙,yǎn,3,0
乶,乙,fǔ,3,0
乷,乙,shā,1,0
乸,乙,nǎ,3,0
乹,乙,gān,1,0
乺,乙,suǒ,3,0
乻,乙,yú,2,0
乼,乙,cui,1,0
乽,乙,zhě,3,0
乾,乙,qián,2,0
乿,乙,zhì,4,0
亀,乙,guī,1,0
亁,乙,gān,1,0
亂,乙,luàn,4,357
亃,乙,lǐn,3,0
亄,乙,yì,4,0
亅,亅,jué,2,0
了,亅,le,5,30774
亇,亅,ma,5,0
予,亅,yǔ,3,40
争,亅,zhēng,1,1708
亊,亅,shì,4,0
事,亅,shì,4,3566
二,二,èr,4,2718
亍,二,chù,4,0
于,二,yú,2,3483
亏,二,kuī,1,71
亐,一,yú,2,0
云,二,yún,2,207
互,二,hù,4,288
亓,二,qí,2,0
五,二,wǔ,3,1864
井,二,jǐng,3,147
亖,二,sì,4,0
亗,二,suì,4,0
亘,二,gèn,4,0
亙,二,gèn,4,0
亚,二,yà,4,26
些,二,xiē,1,3689
亜,二,yà,4,0
亝,二,qí,2,0
亞,二,yà,4,26
亟,二,jí,2,0
亠,亠,tóu,2,0
亡,亠,wáng,2,94
亢,亠,kàng,4,0
亣,亠,dà,4,0
交,亠,jiāo,1,642
亥,亠,hài,4,0
亦,亠,yì,4,35
产,亠,chǎn,3,4099
亨,亠,hēng,1,0
亩,亠,mǔ,3,107
亪,亠,ye,1,0
享,亠,xiǎng,3,76
京,亠,jīng,1,0
亭,亠,tíng,2,53
亮,亠,liàng,4,549
亯,亠,xiǎng,3,0
亰,亠,jīng,1,0
亲,亠,qīn,1,1457
亳,亠,bó,2,0
亴,亠,yòu,4,0
亵,亠,xiè,4,0
亶,亠,dǎn,3,0
亸,亠,duǒ,3,0
亹,亠,wěi,3,0
人,人,rén,2,17146
亻,人,rén,2,0
亼,人,jí,2,0
亽,人,jí,2,0
亿,人,yì,4,195
什,人,shén,2,4062
仁,人,rén,2,0
仂,人,lè,4,0
仃,人,dīng,1,0
仄,人,zè,4,0
仅,人,jǐn,3,402
仆,人,pū,1,0
仇,人,chóu,2,71
仈,人,bā,1,0
仉,人,zhǎng,3,0
今,人,jīn,1,1239
介,人,jiè,4,156
仌,人,bīng,1,0
仍,人,réng,2,378
从,人,cóng,2,3733
仏,人,fó,2,0
仐,人,sǎn,3,0
仑,人,lún,2,0
仒,人,bīng,1,0
仓,人,cāng,1,47
仔,人,zǐ,3,132
仕,人,shì,4,0
他,人,tā,1,16038
仗,人,zhàng,4,128
付,人,fù,4,160
仙,人,xiān,1,35
仚,人,xiān,1,0
仛,人,tuō,1,0
仜,人,hóng,2,0
仝,人,tóng,2,0
仞,人,rèn,4,0
仟,人,qiān,1,0
仠,人,gǎn,3,0
仡,人,gē,1,0
仢,人,bó,2,0
代,人,dài,4,1881
令,人,lìng,4,453
以,人,yǐ,3,6111
仦,人,chào,4,0
仧,人,cháng,2,0
仨,人,sā,1,0
仩,人,cháng,2,0
仪,人,yí,2,120
仫,人,mù,4,0
们,人,men,1,14950
仭,人,rèn,4,0
仮,人,fǎn,3,0
仯,人,chào,4,0
仰,人,yǎng,3,70
仱,人,qián,2,0
仲,人,zhòng,4,0
仳,人,pǐ,3,0
仴,人,wò,4,0
仵,人,wǔ,3,0
件,人,jiàn,4,1163
价,人,jià,4,430
仸,人,yǎo,3,0
仹,人,fēng,1,0
仺,人,cāng,1,0
任,人,rèn,4,1235
仼,人,wáng,2,0
份,人,fèn,4,178
仾,人,dī,1,0
仿,人,fǎng,3,273
伀,人,zhōng,1,0
企,人,qǐ,3,244
伂,人,pèi,4,0
伃,人,yú,2,0
伄,人,diào,4,0
伅,人,dùn,4,0
伆,人,wù,4,0
伇,人,yì,4,0
伈,人,xǐn,3,0
伉,人,kàng,4,0
伊,人,yī,1,13
伋,人,jí,2,0
伌,人,ài,4,0
伍,人,wǔ,3,216
伎,人,jì,4,0
伏,人,fú,2,100
伐,人,fá,2,52
休,人,xiū,1,197
伒,人,jìn,4,0
伓,人,pī,1,0
伔,人,dǎn,3,0
伕,人,fū,1,0
伖,人,tǎng,3,0
众,人,zhòng,4,1149
优,人,yōu,1,287
伙,人,huǒ,3,519
会,人,huì,4,6875
伛,人,yǔ,3,0
伜,人,cuì,4,0
伝,人,yún,2,0
伞,人,sǎn,3,57
伟,人,wěi,3,575
传,人,chuán,2,716
伡,人,chē,1,0
伢,人,yá,2,0
伣,人,qiàn,4,0
伤,人,shāng,1,393
伥,人,chāng,1,0
伦,人,lún,2,0
伧,人,cāng,1,0
伨,人,xùn,4,0
伪,人,wěi,3,48
伫,人,zhù,4,0
伬,人,ze,1,0
伭,人,xián,2,0
伮,人,nǔ,3,0
伯,人,bó,2,193
估,人,gū,1,67
伱,人,nǐ,3,0
伲,人,ní,2,0
伳,人,xiè,4,0
伴,人,bàn,4,106
伵,人,xù,4,0
伶,人,líng,2,15
伷,人,zhòu,4,0
伸,人,shēn,1,307
伹,人,qū,1,0
伺,人,cì,4,24
伻,人,bēng,1,0
似,人,sì,4,1000
伽,人,jiā,1,0
伾,人,pī,1,0
伿,人,yì,4,0
佀,人,sì,4,0
佁,人,yǐ,3,0
佂,人,zhēng,1,0
佃,人,diàn,4,12
佄,人,hān,1,0
佅,人,mài,4,0
但,人,dàn,4,2345
佇,人,zhù,4,0
佈,人,bù,4,0
佉,人,qū,1,0
佊,人,bǐ,3,0
佋,人,zhāo,1,0
佌,人,cǐ,3,0
位,人,wèi,4,1252
低,人,dī,1,664
住,人,zhù,4,1793
佐,人,zuǒ,3,0
佑,人,yòu,4,11
佒,人,yǎng,3,0
体,人,tǐ,3,1746
佔,人,zhàn,4,0
何,人,hé,2,691
佖,人,bì,4,0
佗,人,tuó,2,0
佘,人,shé,2,0
余,人,yú,2,287
佚,人,yì,4,0
佛,人,fú,2,252
作,人,zuò,4,4832
佝,人,gōu,1,0
佞,人,nìng,4,0
佟,人,tóng,2,0
你,人,nǐ,3,10944
佡,人,xiān,1,0
佢,人,qú,2,0
佣,人,yōng,1,0
佤,人,wǎ,3,0
佥,人,qiān,1,0
佦,人,shi,1,0
佧,人,kǎ,3,0
佨,人,bāo,1,0
佩,人,pèi,4,29
佪,人,huí,2,0
佫,人,hè,4,0
佬,人,lǎo,3,0
佭,人,xiáng,2,0
佮,人,gé,2,0
佯,人,yáng,2,0
佰,人,bǎi,3,0
佱,人,fǎ,3,0
佲,人,mǐng,3,0
佳,人,jiā,1,21
佴,人,nài,4,0
併,人,bìng,4,0
佶,人,jí,2,0
佷,人,hěn,3,0
佸,人,huó,2,0
佹,人,guǐ,3,0
佺,人,quán,2,0
佻,人,tiāo,1,0
佼,人,jiǎo,3,0
佽,人,cì,4,0
佾,人,yì,4,0
使,人,shǐ,3,2283
侀,人,xíng,2,0
侁,人,shēn,1,0
侂,人,tuō,1,0
侃,人,kǎn,3,0
侄,人,zhí,2,0
侅,人,gāi,1,0
來,人,lái,2,14549
侇,人,yí,2,0
侈,人,chǐ,3,0
侉,人,kuǎ,3,0
侊,人,guāng,1,0
例,人,lì,4,369
侌,人,yīn,1,0
侍,人,shì,4,20
侎,人,mǐ,3,0
侏,人,zhū,1,0
侐,人,xù,4,0
侑,人,yòu,4,0
侒,人,ān,1,0
侓,人,lù,4,0
侔,人,móu,2,0
侕,人,ér,2,0
侖,人,lún,2,0
侗,人,dòng,4,0
侘,人,chà,4,0
侙,人,chī,1,0
侚,人,xùn,4,0
供,人,gōng,1,316
侜,人,zhōu,1,0
依,人,yī,1,341
侞,人,rú,2,0
侟,人,cún,2,0
侠,人,xiá,2,0
価,人,sì,4,0
侢,人,dài,4,0
侣,人,lǚ,3,0
侤,人,ta,1,0
侥,人,jiǎo,3,0
侦,人,zhēn,1,51
侧,人,cè,4,125
侨,人,qiáo,2,0
侩,人,kuài,4,0
侪,人,chái,2,0
侫,人,nìng,4,0
侬,人,nóng,2,0
侭,人,jǐn,3,0
侮,人,wǔ,3,32
侯,人,hóu,2,0
侰,人,jiǒng,3,0
侱,人,chěng,3,0
侲,人,zhèn,4,0
侳,人,zuò,4,0
侴,人,chǒu,3,0
侵,人,qīn,1,341
侶,人,lǚ,3,0
侷,人,jú,2,0
侸,人,shù,4,0
侹,人,tǐng,3,0
侺,人,shèn,4,0
侻,人,tuì,4,0
侼,人,bó,2,0
侽,人,nán,2,0
侾,人,xiāo,1,0
便,人,biàn,4,1293
俀,人,tuǐ,3,0
俁,人,yǔ,3,0
係,人,xì,4,0
促,人,cù,4,140
俄,人,é,2,12
俅,人,qiú,2,0
俆,人,xú,2,0
俇,人,guàng,4,0
俈,人,kù,4,0
俉,人,wǔ,3,0
俊,人,jùn,4,0
俋,人,yì,4,0
俌,人,fǔ,3,0
俍,人,liáng,2,0
俎,人,zǔ,3,0
俏,人,qiào,4,0
俐,人,lì,4,0
俑,人,yǒng,3,0
俒,人,hùn,4,0
俓,人,jìng,4,0
俔,人,qiàn,4,0
俕,人,sàn,4,0
俖,人,pěi,3,0
俗,人,sú,2,51
俘,人,fú,2,31
俙,人,xī,1,0
俚,人,lǐ,3,0
俛,人,fǔ,3,0
俜,人,pīng,1,0
保,人,bǎo,3,852
俞,人,yú,2,0
俟,人,qí,2,0
俠,人,xiá,2,0
信,人,xìn,4,1068
俢,人,xiū,1,0
俣,人,yǔ,3,0
俤,人,dì,4,0
俥,人,chē,1,0
俦,人,chóu,2,0
俧,人,zhì,4,0
俨,人,yǎn,3,0
俩,人,liǎ,3,196
俪,人,lì,4,0
俫,人,lái,2,0
俬,人,sī,1,0
俭,人,jiǎn,3,9
修,人,xiū,1,464
俯,人,fǔ,3,22
俰,人,huò,4,0
俱,人,jù,4,18
俲,人,xiào,4,0
俳,人,pái,2,0
俴,人,jiàn,4,0
俵,人,biào,4,0
俶,人,chù,4,0
俷,人,fèi,4,0
俸,人,fèng,4,0
俹,人,yà,4,0
俺,人,ǎn,3,122
俻,人,bèi,4,0
俼,人,yù,4,0
俽,人,xīn,1,0
俾,人,bǐ,3,0
俿,人,hǔ,3,0
倀,人,chāng,1,0
倁,人,zhī,1,0
倂,人,bìng,4,0
倃,人,jiù,4,0
倄,人,yáo,2,0
倅,人,cuì,4,0
倆,人,liǎ,3,196
倇,人,wǎn,3,0
倈,人,lái,2,0
倉,人,cāng,1,47
倊,人,zòng,4,0
個,人,gè,4,13602
倌,人,guān,1,0
倍,人,bèi,4,219
倎,人,tiǎn,3,0
倏,人,shū,1,0
倐,人,shū,1,0
們,人,men,1,14950
倒,人,dào,4,895
倓,人,tán,2,0
倔,人,jué,2,0
倕,人,chuí,2,0
倖,人,xìng,4,0
倗,人,péng,2,0
倘,人,tǎng,3,45
候,人,hòu,4,2360
倚,人,yǐ,3,34
倛,人,qī,1,0
倜,人,tì,4,0
倝,人,gàn,4,0
倞,人,jìng,4,0
借,人,jiè,4,204
倠,人,suī,1,0
倡,人,chàng,4,55
倢,人,jié,2,0
倣,人,fǎng,3,0
値,人,zhí,2,0
倥,人,kǒng,3,0
倦,人,juàn,4,28
倧,人,zōng,1,0
倨,人,jù,4,0
倩,人,qiàn,4,0
倪,人,ní,2,0
倫,人,lún,2,0
倬,人,zhuō,1,0
倭,人,wō,1,0
倮,人,luǒ,3,0
倯,人,sōng,1,0
倰,人,lèng,4,0
倱,人,hùn,4,0
倲,人,dōng,1,0
倳,人,zì,4,0
倵,人,wǔ,3,0
倶,人,jù,4,0
倷,人,nǎi,3,0
倸,人,cǎi,3,0
倹,人,jiǎn,3,0
债,人,zhài,4,36
倻,人,yē,1,0
值,人,zhí,2,341
倽,人,shà,4,0
倾,人,qīng,1,175
倿,人,nìng,4,0
偀,人,yīng,1,0
偁,人,chēng,1,0
偂,人,qián,2,0
偃,人,yǎn,3,0
偄,人,ruǎn,3,0
偅,人,zhòng,4,0
偆,人,chǔn,3,0
假,人,jiǎ,3,266
偈,人,jì,4,0
偉,人,wěi,3,575
偊,人,yǔ,3,0
偋,人,bìng,4,0
偌,人,ruò,4,0
偍,人,tí,2,0
偎,人,wēi,1,16
偏,人,piān,1,153
偐,人,yàn,4,0
偑,人,fēng,1,0
偒,人,tǎng,3,0
偓,人,wò,4,0
偔,人,è,4,0
偕,人,xié,2,0
偖,人,chě,3,0
偗,人,shěng,3,0
偘,人,kǎn,3,0
偙,人,dì,4,0
做,人,zuò,4,2166
偛,人,chā,1,0
停,人,tíng,2,510
偝,人,bèi,4,0
偞,人,xiè,4,0
偟,人,huáng,2,0
偠,人,yǎo,3,0
偡,人,zhàn,4,0
偢,人,chǒu,3,0
偣,人,yān,1,0
偤,人,yóu,2,0
健,人,jiàn,4,142
偦,人,xǔ,3,0
偧,人,zhā,1,0
偨,人,cī,1,0
偩,人,fù,4,0
偪,人,bī,1,0
偫,人,zhì,4,0
偬,人,zǒng,3,0
偭,人,miǎn,3,0
偮,人,jí,2,0
偯,人,yǐ,3,0
偰,人,xiè,4,0
偱,人,xún,2,0
偲,人,cāi,1,0
偳,人,duān,1,0
側,人,cè,4,125
偵,人,zhēn,1,51
偶,人,ǒu,3,64
偷,人,tōu,1,204
偸,人,tōu,1,0
偺,人,zá,2,0
偻,人,lóu,2,0
偼,人,jié,2,0
偽,人,wěi,3,48
偾,人,fèn,4,0
偿,人,cháng,2,11
傀,人,kuǐ,3,0
傁,人,sǒu,3,0
傂,人,zhì,4,0
傃,人,sù,4,0
傄,人,xiā,1,0
傅,人,fù,4,201
傆,人,yuàn,4,0
傇,人,rǒng,3,0
傈,人,lì,4,0
傉,人,nù,4,0
傊,人,yùn,4,0
傋,人,jiǎng,3,0
傌,人,mà,4,0
傍,人,bàng,4,47
傎,人,diān,1,0
傏,人,táng,2,0
傐,人,hào,4,0
傑,人,jié,2,0
傒,人,xī,1,0
傓,人,shàn,4,0
傔,人,qiàn,4,0
傕,人,jué,2,0
傖,人,cāng,1,0
傗,人,chù,4,0
傘,人,sǎn,3,57
備,人,bèi,4,784
傚,人,xiào,4,0
傛,人,yǒng,3,0
傜,人,yáo,2,0
傝,人,tàn,4,0
傞,人,suō,1,0
傟,人,yǎng,3,0
傠,人,fá,2,0
傡,人,bìng,4,0
傢,人,jiā,1,0
傣,人,dǎi,3,0
傤,人,zài,4,0
傥,人,tǎng,3,0
傦,人,gǔ,3,0
傧,人,bīn,1,0
储,人,chǔ,3,25
傩,人,nuó,2,0
傪,人,cān,1,0
傫,人,lěi,3,0
催,人,cuī,1,41
傭,人,yōng,1,0
傮,人,zāo,1,0
傯,人,zǒng,3,0
傰,人,bēng,1,0
傱,人,sǒng,3,0
傲,人,ào,4,67
傳,人,chuán,2,716
傴,人,yǔ,3,0
債,人,zhài,4,36
傶,人,zú,2,0
傷,人,shāng,1,393
傸,人,chuǎng,3,0
傹,人,jìng,4,0
傺,人,chì,4,0
傻,人,shǎ,3,62
傼,人,hàn,4,0
傽,人,zhāng,1,0
傾,人,qīng,1,175
傿,人,yàn,4,0
僀,人,dì,4,0
僁,人,xiè,4,0
僂,人,lóu,2,0
僃,人,bèi,4,0
僄,人,piào,4,0
僅,人,jǐn,3,402
僆,人,liàn,4,0
僇,人,lù,4,0
僈,人,mán,2,0
僉,人,qiān,1,0
僊,人,xiān,1,0
僋,人,tàn,4,0
僌,人,yíng,2,0
働,人,dòng,4,0
僎,人,zhuàn,4,0
像,人,xiàng,4,233
僐,人,shàn,4,0
僑,人,qiáo,2,0
僒,人,jiǒng,3,0
僓,人,tuǐ,3,0
僔,人,zǔn,3,0
僕,人,pú,2,0
僖,人,xī,1,0
僗,人,láo,2,0
僘,人,chǎng,3,0
僙,人,guāng,1,0
僚,人,liáo,2,56
僛,人,qī,1,0
僜,人,chēng,1,0
僝,人,chán,2,0
僞,人,wěi,3,0
僟,人,jī,1,0
僠,人,bō,1,0
僡,人,huì,4,0
僢,人,chuǎn,3,0
僣,人,tiě,3,0
僤,人,dàn,4,0
僥,人,jiǎo,3,0
僦,人,jiù,4,0
僧,人,sēng,1,0
僨,人,fèn,4,0
僩,人,xiàn,4,0
僪,人,jú,2,0
僫,人,è,4,0
僬,人,jiāo,1,0
僭,人,jiàn,4,0
僮,人,tóng,2,0
僯,人,lìn,4,0
僰,人,bó,2,0
僱,人,gù,4,25
僲,人,xiān,1,0
僳,人,sù,4,0
僴,人,xiàn,4,0
僵,人,jiāng,1,34
僶,人,mǐn,3,0
僷,人,yè,4,0
僸,人,jìn,4,0
價,人,jià,4,430
僺,人,qiào,4,0
僻,人,pì,4,0
僼,人,fēng,1,0
僽,人,zhòu,4,0
僾,人,ài,4,0
僿,人,sài,4,0
儀,人,yí,2,120
儁,人,jùn,4,0
儂,人,nóng,2,0
儃,人,chán,2,0
億,人,yì,4,195
儅,人,dàng,4,0
儆,人,jǐng,3,0
儇,人,xuān,1,0
儈,人,kuài,4,0
儉,人,jiǎn,3,9
儊,人,chù,4,0
儋,人,dān,1,0
儌,人,jiǎo,3,0
儍,人,shǎ,3,0
儎,人,zài,4,0
儏,人,càn,4,0
儐,人,bīn,1,0
儑,人,án,2,0
儒,人,rú,2,0
儓,人,tái,2,0
儔,人,chóu,2,0
儕,人,chái,2,0
儖,人,lán,2,0
儗,人,nǐ,3,0
儘,人,jǐn,3,0
儙,人,qiàn,4,0
儚,人,méng,2,0
儛,人,wǔ,3,0
儜,人,níng,2,0
儝,人,qióng,2,0
儞,人,nǐ,3,0
償,人,cháng,2,11
儠,人,liè,4,0
儡,人,lěi,3,0
儢,人,lǚ,3,0
儣,人,kuǎng,3,0
儤,人,bào,4,0
儥,人,yù,4,0
儦,人,biāo,1,0
儧,人,zǎn,3,0
儨,人,zhì,4,0
儩,人,sì,4,0
優,人,yōu,1,287
儫,人,háo,2,0
儬,人,qìng,4,0
儭,人,chèn,4,0
儮,人,lì,4,0
儯,人,téng,2,0
儰,人,wěi,3,0
儱,人,lǒng,3,0
儲,人,chǔ,3,25
儳,人,chán,2,0
儴,人,ráng,2,0
儵,人,shū,1,0
儶,人,huì,4,0
儷,人,lì,4,0
儸,人,luó,2,0
儹,人,zǎn,3,0
儺,人,nuó,2,0
儻,人,tǎng,3,0
儼,人,yǎn,3,0
儽,人,léi,2,0
儾,人,nàng,4,0
儿,儿,ér,2,3835
兀,儿,wù,4,0
允,儿,yǔn,3,102
兂,儿,zān,1,0
元,儿,yuán,2,325
兄,儿,xiōng,1,122
充,儿,chōng,1,375
兆,儿,zhào,4,0
兇,儿,xiōng,1,0
先,儿,xiān,1,1962
光,儿,guāng,1,1636
兊,儿,duì,4,0
克,儿,kè,4,172
兌,儿,duì,4,0
免,儿,miǎn,3,193
兎,儿,tù,4,0
兏,儿,cháng,2,0
児,儿,ér,2,0
兑,儿,duì,4,0
兒,儿,ér,2,3835
兓,儿,jīn,1,0
兔,儿,tù,4,100
兕,儿,sì,4,0
兖,儿,yǎn,3,0
兗,儿,yǎn,3,0
兘,儿,shǐ,3,0
兙,儿,,0,0
党,儿,dǎng,3,2652
兛,儿,qiān,1,0
兜,儿,dōu,1,43
兝,儿,fēn,1,0
兞,儿,máo,2,0
兟,儿,shēn,1,0
兠,儿,dōu,1,0
兡,儿,,0,0
兢,儿,jīng,1,0
兣,儿,lǐ,3,0
兤,儿,huǎng,3,0
入,入,rù,4,784
兦,入,wáng,2,0
內,入,nèi,4,1434
全,入,quán,2,2824
兩,入,liǎng,3,3229
兪,入,yú,2,0
八,八,bā,1,1123
公,八,gōng,1,1289
六,八,liù,4,1035
兮,八,xī,1,0
兯,八,han,1,0
兰,八,lán,2,0
共,八,gòng,4,1298
兲,八,tiān,1,0
关,八,guān,1,1758
兴,八,xìng,4,663
兵,八,bīng,1,536
其,八,qí,2,1458
具,八,jù,4,735
典,八,diǎn,3,98
兹,八,zī,1,0
兺,八,fēn,1,0
养,八,yǎng,3,430
兼,八,jiān,1,40
兽,八,shòu,4,40
兾,八,jì,4,0
兿,八,yì,4,0
冀,八,jì,4,0
冁,八,chǎn,3,0
冂,冂,jiōng,1,0
冃,冂,mào,4,0
冄,冂,rǎn,3,0
内,冂,nèi,4,1434
円,冂,yuán,2,0
冇,冂,mǎo,3,0
冈,冂,gāng,1,37
冉,冂,rǎn,3,0
冊,冂,cè,4,21
冋,冂,jiōng,1,0
册,冂,cè,4,21
再,冂,zài,4,1697
冎,冂,guǎ,3,0
冏,冂,jiǒng,3,0
冐,冂,mào,4,0
冑,冂,zhòu,4,0
冒,冂,mào,4,187
冓,冂,gòu,4,0
冔,冂,xǔ,3,0
冕,冂,miǎn,3,0
冖,冖,mì,4,0
冗,冖,rǒng,3,0
冘,冖,yín,2,0
写,冖,xiě,3,1171
冚,冖,kǎn,3,0
军,冖,jūn,1,1842
农,冖,nóng,2,1281
冝,冖,yí,2,0
冞,冖,mí,2,0
冟,冖,shì,4,0
冠,冖,guān,1,0
冡,冖,méng,2,0
冢,冖,zhǒng,3,0
冣,冖,jù,4,0
冤,冖,yuān,1,48
冥,冖,míng,2,0
冦,冖,kòu,4,0
冧,冖,lín,2,0
冨,冖,fù,4,0
冩,冖,xiě,3,0
冪,冖,mì,4,0
冫,冫,bīng,1,0
冬,冫,dōng,1,272
冭,冫,tài,4,0
冯,冫,féng,2,0
冰,冫,bīng,1,167
冱,冫,hù,4,0
冲,冫,chōng,1,461
决,冫,jué,2,1503
冴,冫,hù,4,0
况,冫,kuàng,4,719
冶,冫,yě,3,61
冷,冫,lěng,3,453
冸,冫,pàn,4,0
冹,冫,fú,2,0
冺,冫,mǐn,3,0
冻,冫,dòng,4,133
冼,冫,xiǎn,3,0
冽,冫,liè,4,0
冾,冫,qià,4,0
冿,冫,jiān,1,0
净,冫,jìng,4,152
凁,冫,sōu,1,0
凂,冫,měi,3,0
凃,冫,tú,2,0
凄,冫,qī,1,16
凅,冫,gù,4,0
准,冫,zhǔn,3,897
凇,冫,sōng,1,0
凈,冫,jìng,4,0
凉,冫,liáng,2,129
凊,冫,qìng,4,0
凋,冫,diāo,1,0
凌,冫,líng,2,0
凍,冫,dòng,4,133
凎,冫,gàn,4,0
减,冫,jiǎn,3,300
凐,冫,yīn,1,0
凑,冫,còu,4,69
凒,冫,ái,2,0
凓,冫,lì,4,0
凔,冫,chuàng,4,0
凕,冫,mǐng,3,0
凖,冫,zhǔn,3,0
凗,冫,cuī,1,0
凘,冫,sī,1,0
凙,冫,duó,2,0
凚,冫,jìn,4,0
凛,冫,lǐn,3,0
凜,冫,lǐn,3,0
凝,冫,níng,2,138
凞,冫,xī,1,0
凟,冫,dú,2,0
几,几,jǐ,3,2739
凡,几,fán,2,135
凢,几,fán,2,0
凣,几,fán,2,0
凤,几,fèng,4,16
凥,几,jū,1,0
処,几,chǔ,3,0
凧,几,zhēng,1,0
凩,几,mù,4,0
凪,几,zhǐ,3,0
凫,几,fú,2,12
凬,几,fēng,1,0
凭,几,píng,2,134
凮,几,fēng,1,0
凯,几,kǎi,3,0
凰,几,huáng,2,16
凱,几,kǎi,3,0
凲,几,gān,1,0
凳,几,dèng,4,87
凴,几,píng,2,0
凵,凵,qiǎn,3,0
凶,凵,xiōng,1,78
凷,凵,kuài,4,0
凸,凵,tū,1,31
凹,凵,āo,1,31
出,凵,chū,1,6753
击,凵,jī,1,644
凼,凵,dàng,4,0
函,凵,hán,2,0
凾,凵,hán,2,0
凿,凵,záo,2,34
刀,刀,dāo,1,284
刁,刀,diāo,1,0
刂,刀,dāo,1,0
刃,刀,rèn,4,0
刄,刀,rèn,4,0
刅,刀,chuāng,1,0
分,刀,fēn,1,3496
切,刀,qiè,4,1068
刈,刀,yì,4,0
刉,刀,jī,1,0
刊,刀,kān,1,50
刋,刀,qiàn,4,0
刌,刀,cǔn,3,0
刍,刀,chú,2,0
刎,刀,wěn,3,0
刏,刀,jī,1,0
刐,刀,dǎn,3,0
刑,刀,xíng,2,115
划,刀,huà,4,506
刓,刀,wán,2,0
刔,刀,jué,2,0
刕,刀,lí,2,0
刖,刀,yuè,4,0
列,刀,liè,4,270
刘,刀,liú,2,0
则,刀,zé,2,535
刚,刀,gāng,1,873
创,刀,chuàng,4,448
刜,刀,fú,2,0
初,刀,chū,1,405
刞,刀,qù,4,0
刟,刀,diāo,1,0
删,刀,shān,1,0
刡,刀,mǐn,3,0
刢,刀,líng,2,0
刣,刀,zhōng,1,0
判,刀,pàn,4,252
別,刀,bié,2,2057
刦,刀,jié,2,0
刧,刀,jié,2,0
刨,刀,páo,2,12
利,刀,lì,4,1609
刪,刀,shān,1,0
别,刀,bié,2,2057
刬,刀,chàn,4,0
刭,刀,jǐng,3,0
刮,刀,guā,1,105
刯,刀,gēng,1,0
到,刀,dào,4,10349
刱,刀,chuàng,4,0
刲,刀,kuī,1,0
刳,刀,kū,1,0
刵,刀,èr,4,0
制,刀,zhì,4,1850
刷,刀,shuā,1,140
券,刀,quàn,4,0
刹,刀,shā,1,31
刺,刀,cì,4,162
刻,刀,kè,4,653
刼,刀,jié,2,0
刽,刀,guì,4,0
刾,刀,cì,4,0
刿,刀,guì,4,0
剀,刀,kǎi,3,0
剁,刀,duò,4,0
剂,刀,jì,4,79
剃,刀,tì,4,0
剄,刀,jǐng,3,0
剅,刀,lóu,2,0
剆,刀,luǒ,3,0
則,刀,zé,2,535
剈,刀,yuān,1,0
剉,刀,cuò,4,0
削,刀,xuē,1,227
剋,刀,kēi,1,0
剌,刀,là,4,0
前,刀,qián,2,3617
剎,刀,shā,1,31
剏,刀,chuàng,4,0
剐,刀,guǎ,3,0
剑,刀,jiàn,4,79
剒,刀,cuò,4,0
剓,刀,lí,2,0
剔,刀,tī,1,12
剕,刀,fèi,4,0
剖,刀,pōu,1,24
剗,刀,chǎn,3,0
剘,刀,qí,2,0
剚,刀,zì,4,0
剛,刀,gāng,1,873
剜,刀,wān,1,0
剝,刀,bō,1,212
剞,刀,jī,1,0
剟,刀,duō,1,0
剠,刀,qíng,2,0
剡,刀,shàn,4,0
剢,刀,dū,1,0
剣,刀,jiàn,4,0
剤,刀,jì,4,0
剥,刀,bō,1,212
剦,刀,yān,1,0
剧,刀,jù,4,123
剨,刀,huō,1,0
剩,刀,shèng,4,199
剪,刀,jiǎn,3,39
剫,刀,duó,2,0
剬,刀,duān,1,0
剭,刀,wū,1,0
剮,刀,guǎ,3,0
副,刀,fù,4,313
剰,刀,shèng,4,0
剱,刀,jiàn,4,0
割,刀,gē,1,128
剳,刀,dá,2,0
剴,刀,kǎi,3,0
創,刀,chuàng,4,448
剶,刀,chuān,1,0
剷,刀,chǎn,3,0
剸,刀,tuán,2,0
剹,刀,lù,4,0
剺,刀,lí,2,0
剻,刀,pěng,3,0
剼,刀,shān,1,0
剽,刀,piāo,1,0
剾,刀,kōu,1,0
剿,刀,jiǎo,3,25
劀,刀,guā,1,0
劁,刀,qiāo,1,0
劂,刀,jué,2,0
劃,刀,huà,4,0
劄,刀,zhá,2,0
劅,刀,zhuó,2,0
劇,刀,jù,4,123
劈,刀,pī,1,17
劉,刀,liú,2,0
劊,刀,guì,4,0
劋,刀,jiǎo,3,0
劌,刀,guì,4,0
劍,刀,jiàn,4,79
劏,刀,tāng,1,0
劐,刀,huō,1,0
劑,刀,jì,4,79
劒,刀,jiàn,4,0
劓,刀,yì,4,0
劔,刀,jiàn,4,0
劕,刀,zhì,4,0
劖,刀,chán,2,0
劗,刀,jiǎn,3,0
劘,刀,mó,2,0
劙,刀,lí,2,0
劚,刀,zhǔ,3,0
力,力,lì,4,2585
劜,力,yà,4,0
劝,力,quàn,4,121
办,力,bàn,4,1187
功,力,gōng,1,381
加,力,jiā,1,1861
务,力,wù,4,918
劢,力,mài,4,0
劣,力,liè,4,26
劤,力,jìn,4,0
劥,力,kēng,1,0
劦,力,xié,2,0
劧,力,zhǐ,3,0
动,力,dòng,4,5030
助,力,zhù,4,464
努,力,nǔ,3,251
劫,力,jié,2,0
劬,力,qú,2,0
劭,力,shào,4,0
劮,力,yì,4,0
劯,力,zhū,1,0
劰,力,mò,4,0
励,力,lì,4,93
劲,力,jìn,4,294
劳,力,láo,2,856
労,力,láo,2,0
劵,力,juàn,4,0
劶,力,kǒu,3,0
劷,力,yáng,2,0
劸,力,wā,1,0
効,力,xiào,4,0
劺,力,móu,2,0
劻,力,kuāng,1,0
劼,力,jié,2,0
劽,力,liè,4,0
劾,力,hé,2,0
势,力,shì,4,452
勀,力,kè,4,0
勁,力,jìn,4,294
勂,力,gào,4,0
勃,力,bó,2,54
勄,力,mǐn,3,0
勅,力,chì,4,0
勆,力,láng,2,0
勇,力,yǒng,3,223
勈,力,yǒng,3,0
勉,力,miǎn,3,37
勊,力,kè,4,0
勋,力,xūn,1,0
勌,力,juàn,4,0
勍,力,qíng,2,0
勎,力,lù,4,0
勏,力,bù,4,0
勐,力,měng,3,0
勑,力,chì,4,0
勒,力,lēi,1,13
勓,力,kài,4,0
勔,力,miǎn,3,0
動,力,dòng,4,5030
勖,力,xù,4,0
勗,日,xù,4,0
勘,力,kān,1,13
務,力,wù,4,918
勚,力,yì,4,0
勛,力,xūn,1,0
勜,力,wěng,3,0
勝,力,shèng,4,745
勞,力,láo,2,856
募,力,mù,4,0
勠,力,lù,4,0
勡,力,piào,4,0
勢,力,shì,4,452
勣,力,jī,1,0
勤,力,qín,2,100
勥,力,jiàng,4,0
勦,力,chāo,1,0
勧,力,quàn,4,0
勨,力,xiàng,4,0
勩,力,yì,4,0
勪,力,jué,2,0
勫,力,fān,1,0
勬,力,juān,1,0
勭,力,tóng,2,0
勮,力,jù,4,0
勯,力,dān,1,0
勰,力,xié,2,0
勱,力,mài,4,0
勲,力,xūn,1,0
勳,力,xūn,1,0
勴,力,lǜ,4,0
勵,力,lì,4,93
勶,力,chè,4,0
勷,力,ráng,2,0
勸,力,quàn,4,121
勹,勹,bāo,1,0
勺,勹,sháo,2,0
勻,勹,yún,2,34
勼,勹,jiū,1,0
勾,勹,gōu,1,42
勿,勹,wù,4,0
匀,勹,yún,2,34
匁,勹,wén,2,0
匂,勹,xiōng,1,0
匃,勹,gài,4,0
匄,勹,gài,4,0
包,勹,bāo,1,706
匆,勹,cōng,1,124
匇,勹,yì,4,0
匈,勹,xiōng,1,0
匉,勹,pēng,1,0
匊,勹,jū,1,0
匋,勹,táo,2,0
匌,勹,gé,2,0
匍,勹,pú,2,0
匎,勹,è,4,0
匏,勹,páo,2,0
匐,勹,fú,2,0
匑,勹,gōng,1,0
匒,勹,dá,2,0
匓,勹,jiù,4,0
匔,勹,gōng,1,0
匕,匕,bǐ,3,0
化,匕,huà,4,2148
北,匕,běi,3,726
匘,匕,nǎo,3,0
匙,匕,shi,1,13
匚,匚,fāng,1,0
匛,匚,jiù,4,0
匜,匚,yí,2,0
匝,匚,zā,1,0
匞,匚,jiàng,4,0
匟,匚,kàng,4,0
匠,匚,jiàng,4,86
匡,匚,kuāng,1,0
匢,匚,hū,1,0
匣,匚,xiá,2,0
匤,匚,qū,1,0
匥,匚,fán,2,0
匦,匚,guǐ,3,0
匧,匚,qiè,4,0
匨,匚,zāng,1,0
匩,匚,kuāng,1,0
匪,匚,fěi,3,118
匫,匚,hū,1,0
匬,匚,yǔ,3,0
匭,匚,guǐ,3,0
匮,匚,kuì,4,0
匯,匚,huì,4,73
匰,匚,dān,1,0
匱,匚,guì,4,0
匲,匚,lián,2,0
匳,匚,lián,2,0
匴,匚,suǎn,3,0
匵,匚,dú,2,0
匶,匚,jiù,4,0
匷,匚,jué,2,0
匸,匸,xì,4,0
匹,匸,pǐ,3,79
区,匸,qū,1,1211
医,匸,yī,1,460
匼,匸,kē,1,0
匽,匸,yǎn,3,0
匾,匸,biǎn,3,23
匿,匸,nì,4,0
區,匸,qū,1,1211
十,十,shí,2,4082
卂,十,xùn,4,0
千,十,qiān,1,881
卄,一,niàn,4,0
卅,十,sà,4,0
卆,十,zú,2,0
升,十,shēng,1,197
午,十,wǔ,3,270
卉,十,huì,4,0
半,十,bàn,4,1143
卋,十,shì,4,0
卌,十,xì,4,0
卍,十,wàn,4,0
华,十,huá,2,29
协,十,xié,2,150
卑,十,bēi,1,13
卒,十,zú,2,0
卓,十,zhuó,2,0
協,十,xié,2,150
单,十,dān,1,603
卖,十,mài,4,530
南,十,nán,2,749
単,十,dān,1,0
卙,十,jí,2,0
博,十,bó,2,121
卛,十,shuài,4,0
卜,卜,bo,1,25
卝,卜,kuàng,4,0
卞,卜,biàn,4,0
卟,卜,bǔ,3,0
占,卜,zhàn,4,343
卡,卜,kǎ,3,28
卢,卜,lú,2,0
卣,卜,yǒu,3,0
卤,卜,lǔ,3,0
卥,卜,xī,1,0
卦,卜,guà,4,0
卧,卜,wò,4,45
卨,卜,xiè,4,0
卩,卩,jié,2,0
卪,卩,jié,2,0
卫,卩,wèi,4,340
卬,卩,áng,2,0
卭,卩,qióng,2,0
卮,卩,zhī,1,0
卯,卩,mǎo,3,0
印,卩,yìn,4,300
危,卩,wēi,1,308
卲,卩,shào,4,0
即,卩,jí,2,511
却,卩,què,4,1157
卵,卩,luǎn,3,87
卶,卩,chǐ,3,0
卷,卩,juǎn,3,129
卸,卩,xiè,4,28
卹,卩,xù,4,0
卺,卩,jǐn,3,0
卻,卩,què,4,1157
卼,卩,wù,4,0
卽,卩,jí,2,0
卾,卩,è,4,0
卿,卩,qīng,1,0
厀,卩,xī,1,0
厁,卩,sān,1,0
厂,厂,chǎng,3,731
厃,厂,wěi,3,0
厄,厂,è,4,0
厅,厂,tīng,1,59
历,厂,lì,4,819
厇,厂,zhé,2,0
厈,厂,hǎn,3,0
厉,厂,lì,4,146
厊,厂,yǎ,3,0
压,厂,yā,1,625
厌,厂,yàn,4,67
厍,厂,shè,4,0
厎,厂,dǐ,3,0
厏,厂,zhǎ,3,0
厐,厂,páng,2,0
厑,厂,yá,2,0
厒,厂,qiè,4,0
厓,厂,yá,2,0
厔,厂,zhì,4,0
厕,厂,cè,4,10
厖,厂,máng,2,0
厗,厂,tí,2,0
厘,厂,lí,2,69
厙,厂,shè,4,0
厚,厂,hòu,4,202
厛,厂,tīng,1,0
厜,厂,zuī,1,0
厝,厂,cuò,4,0
厞,厂,fèi,4,0
原,厂,yuán,2,1701
厠,厂,cè,4,0
厡,厂,yuán,2,0
厢,厂,xiāng,1,18
厣,厂,yǎn,3,0
厤,厂,lì,4,0
厥,厂,jué,2,0
厦,厂,shà,4,17
厧,厂,diān,1,0
厨,厂,chú,2,48
厩,厂,jiù,4,0
厪,厂,jǐn,3,0
厫,厂,áo,2,0
厬,厂,guǐ,3,0
厭,厂,yàn,4,67
厮,厂,sī,1,0
厯,厂,lì,4,0
厰,厂,chǎng,3,0
厱,厂,lán,2,0
厲,厂,lì,4,146
厳,厂,yán,2,0
厴,厂,yǎn,3,0
厵,厂,yuán,2,0
厶,厶,sī,1,0
厷,厶,gōng,1,0
厸,厶,lín,2,0
厹,厶,róu,2,0
厺,厶,qù,4,0
去,厶,qù,4,7347
厼,厶,ěr,3,0
厽,厶,lěi,3,0
厾,厶,dū,1,0
县,厶,xiàn,4,429
叀,厶,zhuān,1,0
叁,厶,sān,1,0
参,厶,cān,1,550
參,厶,cān,1,550
叅,厶,cān,1,0
叆,厶,ài,4,0
叇,厶,dài,4,0
又,又,yòu,4,4892
叉,又,chā,1,0
及,又,jí,2,721
友,又,yǒu,3,712
双,又,shuāng,1,373
反,又,fǎn,3,2114
収,又,shōu,1,0
叏,又,guài,4,0
叐,又,bá,2,0
发,又,fā,1,5088
叒,又,ruò,4,0
叓,又,shì,4,0
叔,又,shū,1,368
叕,又,zhuó,2,0
取,又,qǔ,3,916
受,又,shòu,4,1082
变,又,biàn,4,1669
叙,又,xù,4,18
叚,又,xiá,2,0
叛,又,pàn,4,68
叜,又,sǒu,3,0
叝,又,jí,2,0
叞,又,wèi,4,0
叟,又,sǒu,3,0
叠,又,dié,2,39
叡,又,ruì,4,0
叢,又,cóng,2,69
口,口,kǒu,3,1721
古,口,gǔ,3,440
句,口,jù,4,624
另,口,lìng,4,476
叧,口,guǎ,3,0
叨,口,dāo,1,0
叩,口,kòu,4,0
只,口,zhǐ,3,3867
叫,口,jiào,4,2238
召,口,zhào,4,235
叭,口,bā,1,25
叮,口,dīng,1,38
可,口,kě,3,6054
台,口,tái,2,530
叱,口,chì,4,0
史,口,shǐ,3,847
右,口,yòu,4,490
叴,口,qiú,2,0
叵,口,pǒ,3,0
叶,口,yè,4,301
号,口,hào,4,490
司,口,sī,1,309
叹,口,tàn,4,153
叺,口,chǐ,3,0
叻,口,lè,4,0
叼,口,diāo,1,16
叽,口,jī,1,0
叾,口,liǎo,3,0
叿,口,hōng,1,0
吀,口,miē,1,0
吁,口,xū,1,32
吂,口,máng,2,0
吃,口,chī,1,1684
各,口,gè,4,1806
吅,口,xuān,1,0
吆,口,yāo,1,37
吇,口,zǐ,3,0
合,口,hé,2,1585
吉,口,jí,2,13
吊,口,diào,4,59
吋,口,cùn,4,0
同,口,tóng,2,4685
名,口,míng,2,767
后,口,hòu,4,4342
吏,口,lì,4,0
吐,口,tǔ,3,111
向,口,xiàng,4,2542
吒,口,zhā,1,0
吓,口,xià,4,135
吔,口,yě,3,0
吕,口,lǚ,3,0
吖,口,ā,1,0
吗,口,ma,5,1549
吘,口,ǒu,3,0
吙,口,huō,1,0
吚,口,yī,1,0
君,口,jūn,1,34
吜,口,chǒu,3,0
吝,口,lìn,4,0
吞,口,tūn,1,30
吟,口,yín,2,24
吠,口,fèi,4,0
吡,口,bǐ,3,0
吢,口,qìn,4,0
吣,口,qìn,4,0
吤,口,jiè,4,0
吥,口,bù,4,0
否,口,fǒu,3,230
吧,口,ba,5,2073
吨,口,dūn,1,157
吩,口,fēn,1,48
吪,口,é,2,0
含,口,hán,2,320
听,口,tīng,1,2076
吭,口,kēng,1,10
吮,口,shǔn,3,0
启,口,qǐ,3,60
吰,口,hóng,2,0
吱,口,zhī,1,0
吲,口,yǐn,3,0
吳,口,wú,2,0
吴,口,wú,2,0
吵,口,chǎo,3,85
吶,口,nà,4,2320
吷,口,xuè,4,0
吸,口,xī,1,371
吹,口,chuī,1,239
吺,口,dōu,1,0
吻,口,wěn,3,10
吼,口,hǒu,3,63
吽,口,hōng,1,0
吾,口,wú,2,0
呀,口,ya,1,1416
呁,口,jùn,4,0
呂,口,lǚ,3,0
呃,口,è,4,14
呄,口,gé,2,0
呅,口,méi,2,0
呆,口,dāi,1,136
呇,口,mèn,4,0
呈,口,chéng,2,40
呉,口,wú,2,0
告,口,gào,4,995
呋,口,fū,1,0
呌,口,jiào,4,0
呍,口,hōng,1,0
呎,口,chǐ,3,0
呏,口,shēng,1,0
呐,口,nà,4,2320
呑,口,tūn,1,0
呒,口,ḿ,2,0
呓,口,yì,4,0
呔,口,dāi,1,0
呕,口,ǒu,3,0
呖,口,lì,4,0
呗,口,bei,1,22
员,口,yuán,2,1766
呙,口,guō,1,0
呚,口,wen,1,0
呛,口,qiāng,1,0
呜,口,wū,1,11
呝,口,è,4,0
呞,口,shī,1,0
呟,口,juǎn,3,0
呠,口,pěn,3,0
呡,口,wěn,3,0
呢,口,ne,5,2328
呣,口,ḿ,2,0
呤,口,lìng,4,0
呥,口,rán,2,0
呦,口,yōu,1,0
呧,口,dǐ,3,0
周,口,zhōu,1,396
呩,口,shì,4,0
呪,口,zhòu,4,0
呫,口,tiè,4,0
呬,口,xì,4,0
呭,口,yì,4,0
呮,口,qì,4,0
呯,口,píng,2,0
呰,口,zǐ,3,0
呱,口,gū,1,0
呲,口,cī,1,0
味,口,wèi,4,281
呴,口,xǔ,3,0
呵,口,hē,1,456
呶,口,náo,2,0
呷,口,xiā,1,0
呸,口,pēi,1,32
呹,口,yì,4,0
呺,口,xiāo,1,0
呻,口,shēn,1,13
呼,口,hū,1,485
命,口,mìng,4,2703
呾,口,dá,2,0
呿,口,qù,4,0
咀,口,jǔ,3,15
咁,口,hán,2,0
咂,口,zā,1,18
咃,口,tuō,1,0
咄,口,duō,1,0
咅,口,pǒu,3,0
咆,口,páo,2,19
咇,口,bì,4,0
咈,口,fú,2,0
咉,口,yāng,1,0
咊,口,hé,2,0
咋,口,zǎ,3,17
和,口,hé,2,9584
咍,口,hāi,1,0
咎,口,jiù,4,0
咏,口,yǒng,3,0
咐,口,fù,4,72
咑,口,dā,1,0
咒,口,zhòu,4,11
咓,口,wǎ,3,0
咔,口,kā,1,0
咕,口,gū,1,14
咖,口,kā,1,9
咗,口,zuo,1,0
咘,口,bù,4,0
咙,口,lóng,2,26
咚,口,dōng,1,0
咛,口,níng,2,11
咜,口,ta,1,0
咝,口,sī,1,0
咞,口,xiàn,4,0
咟,口,huò,4,0
咠,口,qì,4,0
咡,口,èr,4,0
咢,口,è,4,0
咣,口,guāng,1,0
咤,口,zhà,4,0
咥,口,xì,4,0
咦,口,yí,2,41
咧,口,liě,3,53
咨,口,zī,1,0
咩,口,miē,1,0
咪,口,mī,1,0
咫,口,zhǐ,3,0
咬,口,yǎo,3,166
咭,口,jī,1,0
咮,口,zhòu,4,0
咯,口,gē,1,0
咰,口,shù,4,0
咱,口,zán,2,752
咲,口,xiào,4,0
咳,口,hāi,1,85
咴,口,huī,1,0
咵,口,kuǎ,3,0
咶,口,huài,4,0
咷,口,táo,2,0
咸,口,xián,2,10
咹,口,è,4,0
咺,口,xuǎn,3,0
咻,口,xiū,1,0
咼,口,guō,1,0
咽,口,yàn,4,61
咾,口,lǎo,3,0
咿,口,yī,1,0
哀,口,āi,1,55
品,口,pǐn,3,876
哂,口,shěn,3,0
哃,口,tóng,2,0
哄,口,hōng,1,40
哅,口,xiōng,1,0
哆,口,duō,1,30
哇,口,wa,5,102
哈,口,hā,1,228
哉,口,zāi,1,0
哊,口,yòu,4,0
哋,口,diè,4,0
哌,口,pài,4,0
响,口,xiǎng,3,798
哎,口,āi,1,302
哏,口,gén,2,56
哐,口,kuāng,1,0
哑,口,yǎ,3,14
哒,口,dā,1,0
哓,口,xiāo,1,0
哔,口,bì,4,0
哕,口,huì,4,0
哖,口,nián,2,0
哗,口,huā,1,54
哘,口,xing,1,0
哙,口,kuài,4,0
哚,口,duǒ,3,0
哛,口,fēn,1,0
哜,口,jì,4,0
哝,口,nóng,2,0
哞,口,mōu,1,0
哟,口,yō,1,96
哠,口,hào,4,0
員,口,yuán,2,1766
哢,口,lòng,4,0
哣,口,pǒu,3,0
哤,口,máng,2,0
哥,口,gē,1,708
哦,口,ó,2,259
哧,口,chī,1,35
哨,口,shào,4,51
哩,口,lī,1,225
哪,口,nǎ,3,1404
哫,口,zú,2,0
哬,口,hé,2,0
哭,口,kū,1,373
哮,口,xiào,4,19
哯,口,xiàn,4,0
哰,口,láo,2,0
哱,口,bō,1,0
哲,口,zhé,2,217
哳,口,zhā,1,0
哴,口,liàng,4,0
哵,口,bā,1,0
哶,口,miē,1,0
哷,口,liè,4,0
哸,口,suī,1,0
哹,口,fú,2,0
哺,口,bǔ,3,14
哻,口,hān,1,0
哼,口,hēng,1,147
哽,口,gěng,3,12
哾,口,shuō,1,0
哿,口,gě,3,0
唀,口,yòu,4,0
唁,口,yàn,4,0
唂,口,gū,1,0
唃,口,gǔ,3,0
唄,口,bei,1,22
唅,口,hán,2,0
唆,口,suō,1,0
唇,口,chún,2,97
唈,口,yì,4,0
唉,口,āi,1,0
唊,口,jiá,2,0
唋,口,tū,1,0
唌,口,xián,2,0
唍,口,wǎn,3,0
唎,口,lì,4,0
唏,口,xī,1,0
唐,口,táng,2,0
唑,口,zuò,4,0
唒,口,qiú,2,0
唓,口,chē,1,0
唔,口,wú,2,0
唕,口,zào,4,0
唖,口,yǎ,3,0
唗,口,dōu,1,0
唘,口,qǐ,3,0
唚,口,qìn,4,0
唛,口,mài,4,0
唜,口,mò,4,0
唝,口,hǒng,3,0
唞,口,dǒu,3,0
唟,口,qù,4,0
唠,口,láo,2,0
唡,口,liǎng,3,0
唢,口,suǒ,3,0
唣,口,zào,4,0
唤,口,huàn,4,92
唥,口,lang,1,0
唦,口,shā,1,0
唧,口,jī,1,0
唩,口,wō,1,0
唪,口,fěng,3,0
唫,口,jìn,4,0
唬,口,hǔ,3,14
唭,口,qì,4,0
售,口,shòu,4,78
唯,口,wéi,2,280
唰,口,shuā,1,36
唱,口,chàng,4,433
唲,口,ér,2,0
唳,口,lì,4,0
唴,口,qiàng,4,0
唵,口,ǎn,3,0
唶,口,zé,2,0
唷,口,yō,1,0
唸,口,niàn,4,0
唹,口,yū,1,0
唺,口,tiǎn,3,0
唻,口,lài,4,0
唼,口,shà,4,0
唽,口,xī,1,0
唾,口,tuò,4,14
唿,口,hū,1,0
啀,口,ái,2,0
啁,口,zhāo,1,0
啂,口,nǒu,3,0
啃,口,kěn,3,17
啄,口,zhuó,2,12
啅,口,zhuó,2,0
商,口,shāng,1,561
啇,口,dì,4,0
啈,口,hēng,1,0
啉,口,lín,2,0
啊,口,a,5,1506
啋,口,cǎi,3,0
啌,口,xiāng,1,0
啍,口,tūn,1,0
啎,口,wǔ,3,0
問,口,wèn,4,2892
啐,口,cuì,4,0
啑,口,shà,4,0
啒,口,gǔ,3,0
啓,口,qǐ,3,0
啔,口,qǐ,3,0
啕,口,táo,2,0
啖,口,dàn,4,0
啗,口,dàn,4,0
啘,口,yè,4,0
啙,口,zǐ,3,0
啚,口,bǐ,3,0
啛,口,cuì,4,0
啜,口,chuài,4,0
啝,口,hé,2,0
啞,口,yǎ,3,14
啟,攴,qǐ,3,60
啠,口,zhé,2,0
啡,口,fēi,1,9
啢,口,liǎng,3,0
啣,口,xián,2,0
啤,口,pí,2,12
啥,口,shá,2,109
啦,口,la,5,982
啧,口,zé,2,0
啨,口,yīng,1,0
啩,口,guà,4,0
啪,口,pā,1,49
啬,口,sè,4,0
啭,口,zhuàn,4,0
啮,口,niè,4,0
啯,口,guō,1,0
啰,口,luō,1,0
啳,口,quán,2,0
啴,口,chǎn,3,0
啵,口,bo,1,0
啶,口,dìng,4,0
啷,口,lāng,1,0
啸,口,xiào,4,21
啹,口,jú,2,0
啺,口,táng,2,0
啻,口,chì,4,0
啼,口,tí,2,12
啽,口,án,2,0
啾,口,jiū,1,32
啿,口,dàn,4,0
喀,口,kā,1,0
喁,口,yóng,2,0
喂,口,wèi,4,151
喃,口,nán,2,26
善,口,shàn,4,206
喅,口,yù,4,0
喆,口,zhé,2,0
喇,口,lǎ,3,25
喈,口,jiē,1,0
喉,口,hóu,2,51
喊,口,hǎn,3,464
喋,口,dié,2,0
喌,口,zhōu,1,0
喍,口,chái,2,0
喎,口,wāi,1,0
喏,口,nuò,4,0
喐,口,yù,4,0
喑,口,yīn,1,0
喒,口,zá,2,0
喓,口,yāo,1,0
喔,口,ō,1,103
喕,口,miǎn,3,0
喖,口,hú,2,0
喗,口,yǔn,3,0
喘,口,chuǎn,3,76
喙,口,huì,4,0
喚,口,huàn,4,92
喛,口,huàn,4,0
喜,口,xǐ,3,459
喝,口,hē,1,396
喞,口,jī,1,0
喟,口,kuì,4,0
喠,口,zhǒng,3,0
喡,口,wéi,2,0
喢,口,shà,4,0
喣,口,xù,4,0
喤,口,huáng,2,0
喥,口,duó,2,0
喦,口,niè,4,0
喧,口,xuān,1,0
喨,口,liàng,4,0
喩,口,yù,4,0
喪,口,sàng,4,22
喫,口,chī,1,0
喬,口,qiáo,2,0
喭,口,yàn,4,0
單,口,dān,1,603
喯,口,pèn,4,0
喰,口,cān,1,0
喱,口,lí,2,0
喲,口,yō,1,96
喳,口,zhā,1,0
喴,口,wēi,1,0
喵,口,miāo,1,0
営,口,yíng,2,0
喷,口,pēn,1,111
喸,口,bǔ,3,0
喹,口,kuí,2,0
喻,口,yù,4,0
喼,口,jiē,1,0
喽,口,lóu,2,46
喾,口,kù,4,0
喿,口,zào,4,0
嗀,口,hù,4,0
嗁,口,tí,2,0
嗂,口,yáo,2,0
嗃,口,hè,4,0
嗄,口,shà,4,0
嗅,口,xiù,4,14
嗆,口,qiāng,1,0
嗇,口,sè,4,0
嗈,口,yōng,1,0
嗉,口,sù,4,0
嗊,口,hǒng,3,0
嗋,口,xié,2,0
嗌,口,ài,4,0
嗍,口,suō,1,0
嗎,口,ma,5,1549
嗏,口,chā,1,0
嗐,口,hài,4,14
嗑,口,kē,1,0
嗒,口,dā,1,0
嗓,口,sǎng,3,63
嗔,口,chēn,1,0
嗕,口,rù,4,0
嗖,口,sōu,1,0
嗗,口,wā,1,0
嗘,口,jī,1,0
嗙,口,pǎng,3,0
嗚,口,wū,1,11
嗛,口,qiǎn,3,0
嗜,口,shì,4,0
嗝,口,gé,2,0
嗞,口,zī,1,0
嗟,口,jiē,1,0
嗠,口,lào,4,0
嗡,口,wēng,1,56
嗢,口,wà,4,0
嗣,口,sì,4,0
嗤,口,chī,1,0
嗥,口,háo,2,0
嗦,口,suō,1,30
嗧,口,,0,0
嗨,口,hāi,1,31
嗩,口,suǒ,3,0
嗪,口,qín,2,0
嗫,口,niè,4,0
嗬,口,hē,1,13
嗭,口,zhí,2,0
嗯,口,ǹg,4,288
嗱,口,ná,2,0
嗲,口,diǎ,3,0
嗳,口,ǎi,3,0
嗴,口,qiāng,1,0
嗵,口,tōng,1,0
嗶,口,bì,4,0
嗷,口,áo,2,0
嗸,口,áo,2,0
嗹,口,lián,2,0
嗺,口,zuī,1,0
嗻,口,zhē,1,0
嗼,口,mò,4,0
嗽,口,sòu,4,39
嗾,口,sǒu,3,0
嗿,口,tǎn,3,0
嘀,口,dí,2,14
嘁,口,qī,1,0
嘂,口,jiào,4,0
嘃,口,chōng,1,0
嘄,口,jiāo,1,0
嘅,口,kǎi,3,0
嘆,口,tàn,4,153
嘇,口,shān,1,0
嘈,口,cáo,2,13
嘉,口,jiā,1,0
嘊,口,ái,2,0
嘋,口,xiào,4,0
嘌,口,piào,4,0
嘍,口,lóu,2,46
嘎,口,gā,1,0
嘏,口,gǔ,3,0
嘐,口,xiāo,1,0
嘑,口,hū,1,0
嘒,口,huì,4,0
嘓,口,guō,1,0
嘔,口,ǒu,3,0
嘕,口,xiān,1,0
嘖,口,zé,2,0
嘗,口,cháng,2,38
嘘,口,xū,1,10
嘙,口,pó,2,0
嘚,口,dē,1,0
嘛,口,ma,5,339
嘜,口,mà,4,0
嘝,口,hú,2,0
嘞,口,lei,1,0
嘟,口,dū,1,0
嘠,口,gā,1,0
嘡,口,tāng,1,0
嘣,口,bēng,1,0
嘤,口,yīng,1,0
嘥,口,sāi,1,0
嘦,口,jiào,4,0
嘧,口,mì,4,0
嘩,口,huā,1,54
嘪,口,mǎi,3,0
嘫,口,rán,2,0
嘬,口,zuō,1,0
嘭,口,pēng,1,0
嘮,口,láo,2,0
嘯,口,xiào,4,21
嘰,口,jī,1,0
嘱,口,zhǔ,3,35
嘲,口,cháo,2,28
嘳,口,kuì,4,0
嘴,口,zuǐ,3,610
嘵,口,xiāo,1,0
嘶,口,sī,1,14
嘷,口,háo,2,0
嘸,口,fǔ,3,0
嘹,口,liáo,2,0
嘺,口,qiáo,2,0
嘻,口,xī,1,42
嘼,口,chù,4,0
嘽,口,chǎn,3,0
嘾,口,dàn,4,0
嘿,口,hēi,1,76
噀,口,xùn,4,0
噁,口,ě,3,0
噂,口,zǔn,3,0
噃,口,fān,1,0
噄,口,chī,1,0
噅,口,huī,1,0
噆,口,zǎn,3,0
噇,口,chuáng,2,0
噈,口,cù,4,0
噉,口,dàn,4,0
噊,口,yù,4,0
噋,口,tūn,1,0
噌,口,cēng,1,0
噍,口,jiào,4,0
噎,口,yē,1,0
噏,口,xī,1,0
噐,口,qì,4,0
噑,口,háo,2,0
噒,口,lián,2,0
噓,口,xū,1,10
噔,口,dēng,1,0
噕,爪,huī,1,0
噖,口,yín,2,0
噗,口,pū,1,0
噘,口,juē,1,0
噙,口,qín,2,0
噚,口,xún,2,0
噛,口,niè,4,0
噜,口,lū,1,0
噝,口,sī,1,0
噞,口,yǎn,3,0
噟,口,yìng,4,0
噠,口,dā,1,0
噡,口,zhān,1,0
噢,口,ō,1,103
噣,口,zhòu,4,0
噤,口,jìn,4,0
噥,口,nóng,2,0
噦,口,huì,4,0
噧,口,xiè,4,0
器,口,qì,4,771
噩,口,è,4,0
噪,口,zào,4,15
噫,口,yī,1,0
噬,口,shì,4,0
噭,口,jiào,4,0
噮,口,yuàn,4,0
噯,口,āi,1,0
噰,口,yōng,1,0
噱,口,xué,2,0
噲,口,kuài,4,0
噳,口,yǔ,3,0
噴,口,pēn,1,111
噵,口,dào,4,0
噶,口,gá,2,0
噷,口,hm,1,0
噸,口,dūn,1,157
噹,口,dāng,1,0
噺,口,xīn,1,0
噻,口,sāi,1,0
噼,口,pī,1,0
噽,口,pǐ,3,0
噾,口,yīn,1,0
噿,口,zuǐ,3,0
嚀,口,níng,2,11
嚁,口,dí,2,0
嚂,口,làn,4,0
嚃,口,tā,1,0
嚄,口,huō,1,0
嚅,口,rú,2,0
嚆,口,hāo,1,0
嚇,口,xià,4,135
嚈,口,yè,4,0
嚉,口,duō,1,0
嚊,口,pì,4,0
嚋,口,chóu,2,0
嚌,口,jì,4,0
嚍,口,jìn,4,0
嚎,口,háo,2,0
嚏,口,tì,4,0
嚐,口,cháng,2,0
嚑,口,xūn,1,0
嚓,口,cā,1,0
嚔,口,tì,4,0
嚕,口,lǔ,3,0
嚖,口,huì,4,0
嚗,口,bó,2,0
嚘,口,yōu,1,0
嚙,口,niè,4,0
嚚,口,yín,2,0
嚛,口,hù,4,0
嚜,口,me,5,0
嚝,口,hōng,1,0
嚞,口,zhé,2,0
嚟,口,lí,2,0
嚠,口,liú,2,0
嚡,口,hai,1,0
嚢,口,náng,2,0
嚣,口,xiāo,1,0
嚤,口,mó,2,0
嚥,口,yàn,4,0
嚦,口,lì,4,0
嚧,口,lú,2,0
嚨,口,lóng,2,26
嚩,口,mó,2,0
嚪,口,dàn,4,0
嚫,口,chèn,4,0
嚬,口,pín,2,0
嚭,口,pǐ,3,0
嚮,口,xiàng,4,0
嚯,口,huò,4,0
嚰,口,mó,2,0
嚱,口,xì,4,0
嚲,口,duǒ,3,0
嚳,口,kù,4,0
嚴,口,yán,2,633
嚵,口,chán,2,0
嚶,口,yīng,1,0
嚷,口,rǎng,3,88
嚺,口,tà,4,0
嚼,口,jué,2,15
嚽,口,chuò,4,0
嚾,口,huān,1,0
嚿,口,huò,4,0
囀,口,zhuàn,4,0
囁,口,niè,4,0
囂,口,xiāo,1,0
囃,口,cà,4,0
囅,口,chǎn,3,0
囆,口,chài,4,0
囇,口,lì,4,0
囈,口,yì,4,0
囉,口,luō,1,0
囊,口,náng,2,0
囋,口,zá,2,0
囌,口,sū,1,0
囍,口,xǐ,3,0
囎,口,zen,1,0
囏,口,jiān,1,0
囐,口,zá,2,0
囑,口,zhǔ,3,35
囒,口,lán,2,0
囓,口,niè,4,0
囔,口,nāng,1,0
囕,口,lǎn,3,0
囖,口,lo,5,0
囗,囗,wéi,2,0
囘,冂,huí,2,0
囙,囗,yīn,1,0
囚,囗,qiú,2,0
四,囗,sì,4,2101
囜,囗,nín,2,0
囝,囗,jiǎn,3,0
回,囗,huí,2,2949
囟,囗,xìn,4,0
因,囗,yīn,1,1919
囡,囗,nān,1,0
团,囗,tuán,2,887
団,囗,tuán,2,0
囤,囗,dùn,4,0
囥,囗,kàng,4,0
囦,囗,yuān,1,0
囧,囗,jiǒng,3,0
囨,囗,piān,1,0
囩,囗,yún,2,0
囪,囗,cōng,1,28
囫,囗,hú,2,0
囬,囗,huí,2,0
园,囗,yuán,2,258
囮,囗,é,2,0
囯,囗,guó,2,0
困,囗,kùn,4,386
囱,囗,cōng,1,28
囲,囗,tōng,1,0
図,囗,tú,2,0
围,囗,wéi,2,654
囵,囗,lún,2,0
囶,囗,guó,2,0
囷,囗,qūn,1,0
囸,囗,rì,4,0
囹,囗,líng,2,0
固,囗,gù,4,326
囻,囗,guó,2,0
囼,囗,tāi,1,0
国,囗,guó,2,6416
图,囗,tú,2,491
囿,囗,yòu,4,0
圀,囗,guó,2,0
圁,囗,yín,2,0
圂,囗,hùn,4,0
圃,囗,pǔ,3,0
圄,囗,yǔ,3,0
圅,囗,hán,2,0
圆,囗,yuán,2,197
圇,囗,lún,2,0
圈,囗,quān,1,181
圉,囗,yǔ,3,0
圊,囗,qīng,1,0
國,囗,guó,2,6416
圌,囗,chuí,2,0
圍,囗,wéi,2,654
圏,囗,quān,1,0
圑,囗,pǔ,3,0
園,囗,yuán,2,258
圓,囗,yuán,2,197
圔,囗,yà,4,0
圕,囗,tú,2,0
圖,囗,tú,2,491
團,囗,tuán,2,887
圚,囗,huì,4,0
圛,囗,yì,4,0
圜,囗,huán,2,0
圝,囗,luán,2,0
圞,囗,luán,2,0
土,土,tǔ,3,858
圠,土,yà,4,0
圡,土,tǔ,3,0
圢,土,tǐng,3,0
圣,土,shèng,4,28
圤,土,pú,2,0
圥,土,lù,4,0
圦,土,kuài,4,0
圧,土,yā,1,0
在,土,zài,4,19364
圩,土,wéi,2,0
圪,土,gē,1,0
圬,土,wū,1,0
圭,土,guī,1,0
圮,土,pǐ,3,0
圯,土,yí,2,0
地,土,de,5,12370
圱,土,qiān,1,0
圲,土,qiān,1,0
圳,土,zhèn,4,0
圴,土,zhuó,2,0
圵,土,dàng,4,0
圶,土,qià,4,0
圷,土,xià,4,0
圸,土,shān,1,0
圹,土,kuàng,4,0
场,土,chǎng,3,914
圻,土,qí,2,0
圼,土,niè,4,0
圽,土,mò,4,0
圾,土,jī,1,38
圿,土,jiá,2,0
址,土,zhǐ,3,24
坁,土,zhǐ,3,0
坂,土,bǎn,3,0
坃,土,xūn,1,0
坄,土,yì,4,0
坅,土,qǐn,3,0
坆,土,méi,2,0
均,土,jūn,1,204
坈,土,rǒng,3,0
坉,土,tún,2,0
坊,土,fāng,1,11
坋,土,bèn,4,0
坌,土,bèn,4,0
坍,土,tān,1,0
坎,土,kǎn,3,10
坏,土,huài,4,615
坐,土,zuò,4,1018
坑,土,kēng,1,90
坒,土,bì,4,0
坓,土,jǐng,3,0
坔,土,dì,4,0
坕,土,jīng,1,0
坖,土,jì,4,0
块,土,kuài,4,929
坘,土,dǐ,3,0
坙,土,jīng,1,0
坚,土,jiān,1,695
坛,土,tán,2,0
坜,土,lì,4,0
坝,土,bà,4,24
坞,土,wù,4,0
坟,土,fén,2,46
坠,土,zhuì,4,13
坡,土,pō,1,103
坢,土,bàn,4,0
坣,土,táng,2,0
坤,土,kūn,1,0
坥,土,qū,1,0
坦,土,tǎn,3,77
坧,土,zhī,1,0
坨,土,tuó,2,0
坩,土,gān,1,0
坪,土,píng,2,0
坫,土,diàn,4,0
坭,土,ní,2,0
坮,土,tái,2,0
坯,土,pī,1,24
坰,土,jiōng,1,0
坱,土,yǎng,3,0
坲,土,fó,2,0
坳,土,ào,4,0
坴,土,lù,4,0
坵,土,qiū,1,0
坶,土,mǔ,3,0
坷,土,kě,3,0
坸,土,gòu,4,0
坹,土,xuè,4,0
坺,土,bá,2,0
坻,土,dǐ,3,0
坼,土,chè,4,0
坽,土,líng,2,0
坾,土,zhù,4,0
坿,土,fù,4,0
垀,土,hū,1,0
垁,土,zhì,4,0
垂,土,chuí,2,88
垃,土,lā,1,38
垄,土,lǒng,3,28
垅,土,lǒng,3,0
垆,土,lú,2,0
垇,土,ào,4,0
垈,土,dài,4,0
垉,土,páo,2,0
垊,土,min,1,0
型,土,xíng,2,317
垌,土,dòng,4,0
垍,土,jì,4,0
垎,土,hè,4,0
垏,土,lǜ,4,0
垐,土,cí,2,0
垑,土,chǐ,3,0
垒,土,lěi,3,28
垓,土,gāi,1,0
垔,土,yīn,1,0
垕,土,hòu,4,0
垖,土,duī,1,0
垗,土,zhào,4,0
垘,土,fú,2,0
垙,土,guāng,1,0
垚,土,yáo,2,0
垛,土,duǒ,3,0
垜,土,duǒ,3,0
垝,土,guǐ,3,0
垞,土,chá,2,0
垟,土,yáng,2,0
垠,土,yín,2,0
垡,土,fá,2,0
垢,土,gòu,4,0
垣,土,yuán,2,0
垤,土,dié,2,0
垥,土,xié,2,0
垦,土,kěn,3,10
垧,土,shǎng,3,0
垨,土,shǒu,3,0
垩,土,è,4,0
垪,土,bìng,4,0
垫,土,diàn,4,24
垬,土,hóng,2,0
垭,土,yā,1,0
垮,土,kuǎ,3,38
垯,土,da,1,0
垰,土,kǎ,3,0
垲,土,kǎi,3,0
垳,土,háng,2,0
垴,土,nǎo,3,0
垵,土,ān,1,0
垶,土,xīng,1,0
垷,土,xiàn,4,0
垸,土,yuàn,4,0
垹,土,bāng,1,0
垺,土,fú,2,0
垻,土,bà,4,0
垼,土,yì,4,0
垽,土,yìn,4,0
垾,土,hàn,4,0
垿,土,xù,4,0
埀,土,chuí,2,0
埁,土,qín,2,0
埂,土,gěng,3,0
埃,土,āi,1,33
埄,土,běng,3,0
埅,土,fáng,2,0
埆,土,què,4,0
埇,土,yǒng,3,0
埈,土,jùn,4,0
埉,土,jiā,1,0
埊,土,dì,4,0
埋,土,mái,2,104
埌,土,làng,4,0
埍,土,juǎn,3,0
城,土,chéng,2,592
埏,土,shān,1,0
埐,土,jīn,1,0
埑,土,zhé,2,0
埒,土,liè,4,0
埓,土,liè,4,0
埔,土,bù,4,0
埕,土,chéng,2,0
埖,土,huā,1,0
埗,土,bù,4,0
埘,土,shí,2,0
埙,土,xūn,1,0
埚,土,guō,1,0
埛,土,jiōng,1,0
埜,土,yě,3,0
埝,土,niàn,4,0
埞,土,dī,1,0
域,土,yù,4,124
埠,土,bù,4,12
埡,土,yā,1,0
埢,土,quán,2,0
埣,土,suì,4,0
埤,土,pí,2,0
埥,土,qīng,1,0
埦,土,wǎn,3,0
埧,土,jù,4,0
埨,土,lǔn,3,0
埩,土,zhēng,1,0
埪,土,kōng,1,0
埫,土,tǎng,3,0
埬,土,dōng,1,0
埭,土,dài,4,0
埮,土,tàn,4,0
埯,土,ǎn,3,0
埰,土,cài,4,0
埱,土,chù,4,0
埲,土,běng,3,0
埳,土,kǎn,3,0
埴,土,zhí,2,0
埵,土,duǒ,3,0
埶,土,yì,4,0
執,土,zhí,2,218
埸,土,yì,4,0
培,土,péi,2,144
基,土,jī,1,895
埻,土,zhǔn,3,0
埼,土,qí,2,0
埽,土,sào,4,0
埾,土,jù,4,0
埿,土,ní,2,0
堀,土,kū,1,0
堁,土,kè,4,0
堂,土,táng,2,190
堃,土,kūn,1,0
堄,土,nì,4,0
堅,土,jiān,1,695
堆,土,duī,1,233
堇,土,jǐn,3,0
堈,土,gāng,1,0
堉,土,yù,4,0
堊,土,è,4,0
堋,土,péng,2,0
堌,土,gù,4,0
堍,土,tù,4,0
堎,土,lèng,4,0
堏,土,fang,1,0
堐,土,yá,2,0
堑,土,qiàn,4,0
堒,土,kūn,1,0
堓,土,àn,4,0
堔,土,shēn,1,0
堕,土,duò,4,0
堖,土,nǎo,3,0
堗,土,tū,1,0
堘,土,chéng,2,0
堙,土,yīn,1,0
堚,土,hún,2,0
堛,土,bì,4,0
堜,土,liàn,4,0
堝,土,guō,1,0
堞,土,dié,2,0
堟,土,zhuàn,4,0
堠,土,hòu,4,0
堡,土,bǎo,3,24
堢,土,bǎo,3,0
堣,土,yú,2,0
堤,土,dī,1,55
堥,土,máo,2,0
堦,土,jiē,1,0
堧,土,ruán,2,0
堨,土,è,4,0
堩,土,gèng,4,0
堪,土,kān,1,29
堫,土,zōng,1,0
堬,土,yú,2,0
堭,土,huáng,2,0
堮,土,è,4,0
堯,土,yáo,2,0
堰,土,yàn,4,12
報,土,bào,4,1019
堲,土,jí,2,0
堳,土,méi,2,0
場,土,chǎng,3,914
堵,土,dǔ,3,78
堶,土,tuó,2,0
堷,土,yìn,4,0
堸,土,féng,2,0
堹,土,zhòng,4,0
堺,土,jiè,4,0
堻,土,jīn,1,0
堽,土,gāng,1,0
堾,土,chūn,1,0
堿,土,jiǎn,3,0
塀,土,píng,2,0
塁,土,lěi,3,0
塂,土,xiàng,4,0
塄,土,léng,2,0
塆,土,wān,1,0
塇,土,xuān,1,0
塈,土,jì,4,0
塉,土,jí,2,0
塊,土,kuài,4,929
塋,土,yíng,2,0
塌,土,tā,1,32
塍,土,chéng,2,0
塎,土,yǒng,3,0
塏,土,kǎi,3,0
塐,土,sù,4,0
塑,土,sù,4,113
塒,土,shí,2,0
塓,土,mì,4,0
塔,土,tǎ,3,49
塕,土,wěng,3,0
塖,土,chéng,2,0
塗,土,tú,2,0
塘,土,táng,2,81
塙,土,què,4,0
塚,土,zhǒng,3,0
塛,土,lì,4,0
塝,土,bàng,4,0
塞,土,sāi,1,88
塟,土,zàng,4,0
塠,土,duī,1,0
塡,土,tián,2,0
塢,土,wù,4,0
塣,土,zhèng,4,0
塤,土,xūn,1,0
塥,土,gé,2,0
塦,土,zhèn,4,0
塧,土,ài,4,0
塨,土,gōng,1,0
塩,土,yán,2,0
塪,土,kǎn,3,0
填,土,tián,2,53
塬,土,yuán,2,0
塭,土,wēn,1,0
塮,土,xiè,4,0
塯,土,liù,4,0
塰,土,hǎi,3,0
塱,土,lǎng,3,0
塲,土,cháng,2,0
塳,土,péng,2,0
塴,土,bèng,4,0
塵,土,chén,2,81
塶,土,lù,4,0
塷,土,lǔ,3,0
塸,土,ōu,1,0
塹,土,qiàn,4,0
塺,土,méi,2,0
塻,土,mò,4,0
塼,土,zhuān,1,0
塽,土,shuǎng,3,0
塾,土,shú,2,0
塿,土,lǒu,3,0
墀,土,chí,2,0
墁,土,màn,4,0
墂,土,biāo,1,0
境,土,jìng,4,280
墅,土,shù,4,0
墆,土,zhì,4,0
墇,土,zhàng,4,0
墈,土,kàn,4,0
墉,土,yōng,1,0
墊,土,diàn,4,24
墋,土,chěn,3,0
墌,土,zhí,2,0
墍,土,xì,4,0
墎,土,guō,1,0
墏,土,qiǎng,3,0
墐,土,jìn,4,0
墑,土,dì,4,0
墒,土,shāng,1,0
墓,土,mù,4,23
墔,土,cuī,1,0
墖,土,tǎ,3,0
増,土,zēng,1,0
墘,土,qián,2,0
墙,土,qiáng,2,264
墚,土,liáng,2,0
墛,土,wèi,4,0
墜,土,zhuì,4,13
墝,土,qiāo,1,0
增,土,zēng,1,601
墟,土,xū,1,0
墠,土,shàn,4,0
墡,土,shàn,4,0
墢,土,bá,2,0
墣,土,pú,2,0
墤,土,kuài,4,0
墥,土,dǒng,3,0
墦,土,fán,2,0
墧,土,què,4,0
墨,黑,mò,4,50
墩,土,dūn,1,36
墪,土,dūn,1,0
墫,土,zūn,1,0
墬,土,dì,4,0
墭,土,shèng,4,0
墮,土,duò,4,0
墯,土,duò,4,0
墰,土,tán,2,0
墱,土,dèng,4,0
墲,土,mú,2,0
墳,土,fén,2,46
墴,土,huáng,2,0
墵,土,tán,2,0
墶,土,da,1,0
墷,土,yè,4,0
墸,土,zhù,4,0
墹,土,jiàn,4,0
墺,土,ào,4,0
墻,土,qiáng,2,0
墼,土,jī,1,0
墽,土,qiāo,1,0
墾,土,kěn,3,10
墿,土,yì,4,0
壀,土,pí,2,0
壁,土,bì,4,149
壂,土,diàn,4,0
壃,土,jiāng,1,0
壄,土,yě,3,0
壅,土,yōng,1,0
壆,土,xué,2,0
壇,土,tán,2,0
壈,土,lǎn,3,0
壉,土,jù,4,0
壊,土,huài,4,0
壌,土,rǎng,3,0
壍,土,qiàn,4,0
壎,土,xūn,1,0
壏,土,xiàn,4,0
壐,土,xǐ,3,0
壑,土,hè,4,0
壒,土,ài,4,0
壓,土,yā,1,625
壔,土,dǎo,3,0
壕,土,háo,2,28
壖,土,ruán,2,0
壗,土,jìn,4,0
壘,土,lěi,3,28
壙,土,kuàng,4,0
壚,土,lú,2,0
壛,土,yán,2,0
壜,土,tán,2,0
壝,土,wěi,3,0
壞,土,huài,4,615
壟,土,lǒng,3,28
壠,土,lǒng,3,0
壡,又,ruì,4,0
壢,土,lì,4,0
壣,土,lín,2,0
壤,土,rǎng,3,82
壥,土,chán,2,0
壦,土,xūn,1,0
壧,土,yán,2,0
壨,土,léi,2,0
壩,土,bà,4,24
壪,土,wān,1,0
士,士,shì,4,585
壬,士,rén,2,0
壭,士,san,1,0
壮,士,zhuàng,4,174
壯,士,zhuàng,4,174
声,士,shēng,1,2326
壱,士,yī,1,0
売,士,mài,4,0
壳,士,ké,2,97
壴,士,zhù,4,0
壵,士,zhuàng,4,0
壶,士,hú,2,47
壷,士,hú,2,0
壸,士,kǔn,3,0
壹,士,yī,1,0
壺,士,hú,2,47
壻,士,xù,4,0
壼,士,kǔn,3,0
壽,士,shòu,4,20
壾,士,mǎng,3,0
壿,士,zūn,1,0
夀,士,shòu,4,0
夁,士,yī,1,0
夂,夂,zhǐ,3,0
夃,夂,gǔ,3,0
处,夂,chù,4,1167
夅,夂,jiàng,4,0
夆,夂,féng,2,0
备,夂,bèi,4,784
夈,夂,zhāi,1,0
変,夊,biàn,4,0
夊,夊,suī,1,0
夋,夊,qūn,1,0
夌,夊,líng,2,0
复,夊,fù,4,558
夎,夊,cuò,4,0
夏,夊,xià,4,197
夐,夊,xiòng,4,0
夑,夊,xiè,4,0
夒,夊,náo,2,0
夓,夊,xià,4,0
夔,夊,kuí,2,0
夕,夕,xī,1,30
外,夕,wài,4,2233
夗,夕,yuàn,4,0
夘,夕,mǎo,3,0
夙,夕,sù,4,0
多,夕,duō,1,5568
夛,夕,duō,1,0
夜,夕,yè,4,799
夝,夕,qíng,2,0
夞,夕,wài,4,0
够,夕,gòu,4,991
夠,夕,gòu,4,991
夡,夕,qì,4,0
夢,夕,mèng,4,129
夣,夕,mèng,4,0
夤,夕,yín,2,0
夥,夕,huǒ,3,0
夦,夕,chěn,3,0
大,大,dà,4,11773
夨,大,zè,4,0
天,大,tiān,1,5226
太,大,tài,4,1716
夫,大,fū,1,498
夬,大,guài,4,0
夭,大,yāo,1,0
央,大,yāng,1,393
夯,大,hāng,1,0
夰,大,gǎo,3,0
失,大,shī,1,525
夲,大,tāo,1,0
夳,大,tài,4,0
头,大,tóu,2,3773
夵,大,yǎn,3,0
夶,大,bǐ,3,0
夷,大,yí,2,0
夸,大,kuā,1,43
夹,大,jiā,1,118
夺,大,duó,2,197
夻,大,huà,4,0
夼,大,kuǎng,3,0
夽,大,yǔn,3,0
夾,大,jiā,1,118
夿,大,bā,1,0
奀,大,ēn,1,0
奁,大,lián,2,0
奂,大,huàn,4,0
奃,大,dī,1,0
奄,大,yǎn,3,0
奅,大,pào,4,0
奆,大,juàn,4,0
奇,大,qí,2,345
奈,大,nài,4,22
奉,大,fèng,4,25
奊,大,xié,2,0
奋,大,fèn,4,281
奍,大,quān,1,0
奎,大,kuí,2,0
奏,大,zòu,4,26
奐,大,huàn,4,0
契,大,qì,4,0
奒,大,kāi,1,0
奓,大,zhā,1,0
奔,大,bēn,1,154
奕,大,yì,4,0
奖,大,jiǎng,3,69
套,大,tào,4,227
奘,大,zàng,4,0
奙,大,běn,3,0
奚,大,xī,1,0
奛,大,huǎng,3,0
奜,大,fěi,3,0
奝,大,diāo,1,0
奞,大,xùn,4,0
奟,大,bēng,1,0
奠,大,diàn,4,26
奡,大,ào,4,0
奢,大,shē,1,0
奣,大,wěng,3,0
奤,大,hǎ,3,0
奥,大,ào,4,0
奦,大,wù,4,0
奧,大,ào,4,0
奨,大,jiǎng,3,0
奩,大,lián,2,0
奪,大,duó,2,197
奫,大,yūn,1,0
奬,大,jiǎng,3,0
奭,大,shì,4,0
奮,大,fèn,4,281
奯,大,huò,4,0
奰,大,bì,4,0
奱,大,luán,2,0
奲,大,duǒ,3,0
女,女,nǚ,3,1166
奴,女,nú,2,73
奵,女,dǐng,3,0
奶,女,nǎi,3,401
奷,女,qiān,1,0
奸,女,jiān,1,20
她,女,tā,1,4477
奺,女,jiǔ,3,0
奻,女,nuán,2,0
奼,女,chà,4,0
好,女,hǎo,3,6317
奾,女,xiān,1,0
奿,女,fàn,4,0
妀,女,jǐ,3,0
妁,女,shuò,4,0
如,女,rú,2,2323
妃,女,fēi,1,0
妄,女,wàng,4,48
妅,女,hóng,2,0
妆,女,zhuāng,1,0
妇,女,fù,4,349
妈,女,mā,1,2007
妉,女,dān,1,0
妊,女,rèn,4,0
妋,女,fū,1,0
妌,女,jìng,4,0
妍,女,yán,2,0
妎,女,hài,4,0
妏,女,wèn,4,0
妐,女,zhōng,1,0
妑,女,pā,1,0
妒,女,dù,4,0
妓,女,jì,4,0
妔,女,kēng,1,0
妕,女,zhòng,4,0
妖,女,yāo,1,0
妗,女,jìn,4,0
妘,女,yún,2,0
妙,女,miào,4,81
妚,女,fǒu,3,0
妛,女,chī,1,0
妜,女,yuè,4,0
妝,女,zhuāng,1,0
妞,女,niū,1,0
妟,女,yàn,4,0
妠,女,nà,4,0
妡,女,xīn,1,0
妢,女,fén,2,0
妣,女,bǐ,3,0
妤,女,yú,2,0
妥,女,tuǒ,3,53
妦,女,fēng,1,0
妧,女,yuán,2,0
妨,女,fáng,2,35
妩,女,wǔ,3,0
妪,女,yù,4,0
妫,女,guī,1,0
妬,女,dù,4,0
妭,女,bá,2,0
妮,女,nī,1,0
妯,女,zhóu,2,0
妰,女,zhuó,2,0
妱,女,zhāo,1,0
妲,女,dá,2,0
妳,女,nǎi,3,0
妴,女,yuàn,4,0
妵,女,tǒu,3,0
妶,女,xián,2,0
妷,女,zhí,2,0
妸,女,ē,1,0
妹,女,mèi,4,258
妺,女,mò,4,0
妻,女,qī,1,69
妼,女,bì,4,0
妽,女,shēn,1,0
妾,女,qiè,4,0
妿,女,ē,1,0
姀,女,hé,2,0
姁,女,xǔ,3,0
姂,女,fá,2,0
姃,女,zhēng,1,0
姄,女,mín,2,0
姅,女,bàn,4,0
姆,女,mǔ,3,16
姇,女,fū,1,0
姈,女,líng,2,0
姉,女,zǐ,3,0
姊,女,zǐ,3,10
始,女,shǐ,3,606
姌,女,rǎn,3,0
姍,女,shān,1,0
姎,女,yāng,1,0
姏,女,mán,2,0
姐,女,jiě,3,417
姑,女,gū,1,457
姒,女,sì,4,0
姓,女,xìng,4,232
委,女,wěi,3,668
姕,女,zī,1,0
姖,女,jù,4,0
姗,女,shān,1,0
姘,女,pīn,1,0
姙,女,rèn,4,0
姚,女,yáo,2,0
姛,女,dòng,4,0
姜,女,jiāng,1,13
姝,女,shū,1,0
姞,女,jí,2,0
姟,女,gāi,1,0
姠,女,xiàng,4,0
姡,女,huá,2,0
姣,女,jiāo,1,0
姤,女,gòu,4,0
姥,女,lǎo,3,0
姦,女,jiān,1,0
姧,女,jiān,1,0
姨,女,yí,2,55
姩,女,niàn,4,0
姪,女,zhí,2,0
姫,女,jī,1,0
姬,女,jī,1,0
姭,女,xiàn,4,0
姮,女,héng,2,0
姯,女,guāng,1,0
姰,女,jūn,1,0
姱,女,kuā,1,0
姲,女,yàn,4,0
姳,女,mǐng,3,0
姴,女,liè,4,0
姵,女,pèi,4,0
姶,女,è,4,0
姷,女,yòu,4,0
姸,女,yán,2,0
姹,女,chà,4,0
姺,女,shēn,1,0
姻,女,yīn,1,21
姼,女,shí,2,0
姽,女,guǐ,3,0
姾,女,quán,2,0
姿,女,zī,1,48
娀,女,sōng,1,0
威,女,wēi,1,188
娂,女,hóng,2,0
娃,女,wá,2,88
娄,米,lóu,2,0
娅,女,yà,4,0
娆,女,ráo,2,0
娇,女,jiāo,1,12
娈,女,luán,2,0
娉,女,pīng,1,0
娊,女,xiàn,4,0
娋,女,shào,4,0
娌,女,lǐ,3,0
娍,女,chéng,2,0
娎,女,xiè,4,0
娏,女,máng,2,0
娐,女,fū,1,0
娑,女,suō,1,0
娒,女,méi,2,0
娓,女,wěi,3,0
娔,女,kè,4,0
娕,女,chuò,4,0
娖,女,chuò,4,0
娗,女,tǐng,3,0
娘,女,niáng,2,641
娙,女,xíng,2,0
娚,女,nán,2,0
娛,女,yú,2,15
娜,女,nà,4,0
娝,女,pōu,1,0
娞,女,něi,3,0
娟,女,juān,1,0
娠,女,shēn,1,0
娡,女,zhì,4,0
娢,女,hán,2,0
娣,女,dì,4,0
娤,女,zhuāng,1,0
娥,女,é,2,0
娦,女,pín,2,0
娧,女,tuì,4,0
娨,女,xiàn,4,0
娩,女,miǎn,3,0
娪,女,wú,2,0
娫,女,yán,2,0
娬,女,wǔ,3,0
娭,女,āi,1,0
娮,女,yán,2,0
娯,女,yú,2,0
娰,女,sì,4,0
娱,女,yú,2,15
娲,女,wā,1,0
娳,女,lì,4,0
娴,女,xián,2,0
娵,女,jū,1,0
娶,女,qǔ,3,40
娷,女,zhuì,4,0
娸,女,qī,1,0
娹,女,xián,2,0
娺,女,zhuó,2,0
娻,女,dōng,1,0
娼,女,chāng,1,0
娽,女,lù,4,0
娾,女,ǎi,3,0
娿,女,ē,1,0
婀,女,ē,1,0
婁,女,lóu,2,0
婂,女,mián,2,0
婃,女,cóng,2,0
婄,女,pǒu,3,0
婅,女,jú,2,0
婆,女,pó,2,142
婇,女,cǎi,3,0
婈,女,líng,2,0
婉,女,wǎn,3,0
婊,女,biǎo,3,0
婋,女,xiāo,1,0
婌,女,shú,2,0
婍,女,qǐ,3,0
婎,女,huī,1,0
婏,女,fàn,4,0
婐,女,wǒ,3,0
婑,女,ruí,2,0
婒,女,tán,2,0
婓,女,fēi,1,0
婔,女,fēi,1,0
婕,女,jié,2,0
婖,女,tiān,1,0
婗,女,ní,2,0
婘,女,quán,2,0
婙,女,jìng,4,0
婚,女,hūn,1,89
婛,女,jīng,1,0
婜,女,qiān,1,0
婝,女,diàn,4,0
婞,女,xìng,4,0
婟,女,hù,4,0
婠,女,wān,1,0
婡,女,lái,2,0
婢,女,bì,4,0
婣,女,yīn,1,0
婤,女,zhōu,1,0
婥,女,chuò,4,0
婦,女,fù,4,349
婧,女,jìng,4,0
婨,女,lún,2,0
婩,女,àn,4,0
婪,女,lán,2,0
婫,女,kūn,1,0
婬,女,yín,2,0
婭,女,yà,4,0
婮,女,jū,1,0
婯,女,lì,4,0
婰,女,diǎn,3,0
婱,女,xián,2,0
婲,女,huā,1,0
婳,女,huà,4,0
婴,女,yīng,1,35
婵,女,chán,2,0
婶,女,shěn,3,238
婷,女,tíng,2,0
婸,女,dàng,4,0
婹,女,yǎo,3,0
婺,女,wù,4,0
婻,女,nàn,4,0
婼,女,ruò,4,0
婽,女,jiǎ,3,0
婾,女,tōu,1,0
婿,女,xù,4,0
媀,女,yù,4,0
媁,女,wéi,2,0
媂,女,dì,4,0
媃,女,róu,2,0
媄,女,měi,3,0
媅,女,dān,1,0
媆,女,ruǎn,3,0
媇,女,qīn,1,0
媈,女,huī,1,0
媉,女,wò,4,0
媊,女,qián,2,0
媋,女,chūn,1,0
媌,女,miáo,2,0
媍,女,fù,4,0
媎,女,jiě,3,0
媏,女,duān,1,0
媐,女,yí,2,0
媑,女,zhòng,4,0
媒,女,méi,2,0
媓,女,huáng,2,0
媔,女,mián,2,0
媕,女,ān,1,0
媖,女,yīng,1,0
媗,女,xuān,1,0
媘,女,jiē,1,0
媙,女,wēi,1,0
媚,女,mèi,4,0
媛,女,yuàn,4,0
媜,女,zhēng,1,0
媝,女,qiū,1,0
媞,女,shì,4,0
媟,女,xiè,4,0
媠,女,tuǒ,3,0
媡,女,liàn,4,0
媢,女,mào,4,0
媣,女,rǎn,3,0
媤,女,sī,1,0
媥,女,piān,1,0
媦,女,wèi,4,0
媧,女,wā,1,0
媨,女,cù,4,0
媩,女,hú,2,0
媪,女,ǎo,3,0
媫,女,jié,2,0
媬,女,bǎo,3,0
媭,女,xū,1,0
媮,女,tōu,1,0
媯,女,guī,1,0
媰,女,chú,2,0
媱,女,yáo,2,0
媲,女,pì,4,0
媳,女,xí,2,52
媴,女,yuán,2,0
媵,女,yìng,4,0
媶,女,róng,2,0
媷,女,rù,4,0
媸,女,chī,1,0
媹,女,liú,2,0
媺,女,měi,3,0
媻,女,pán,2,0
媼,女,ǎo,3,0
媽,女,mā,1,2007
媾,女,gòu,4,0
媿,女,kuì,4,0
嫀,女,qín,2,0
嫁,女,jià,4,54
嫂,女,sǎo,3,334
嫃,女,zhēn,1,0
嫄,女,yuán,2,0
嫅,女,jiē,1,0
嫆,女,róng,2,0
嫇,女,míng,2,0
嫈,女,yīng,1,0
嫉,女,jí,2,0
嫊,女,sù,4,0
嫋,女,niǎo,3,0
嫌,女,xián,2,37
嫍,女,tāo,1,0
嫎,女,páng,2,0
嫏,女,láng,2,0
嫐,女,nǎo,3,0
嫑,女,báo,2,0
嫒,女,ài,4,0
嫓,女,pì,4,0
嫔,女,pín,2,0
嫕,女,yì,4,0
嫖,女,piáo,2,0
嫗,女,yù,4,0
嫘,女,léi,2,0
嫙,女,xuán,2,0
嫚,女,mān,1,0
嫛,女,yī,1,0
嫜,女,zhāng,1,0
嫝,女,kāng,1,0
嫞,女,yōng,1,0
嫟,女,nì,4,0
嫠,女,lí,2,0
嫡,女,dí,2,0
嫢,女,guī,1,0
嫣,女,yān,1,0
嫤,女,jǐn,3,0
嫥,女,zhuān,1,0
嫦,女,cháng,2,0
嫧,女,zé,2,0
嫨,女,hān,1,0
嫩,女,nèn,4,26
嫪,女,lào,4,0
嫫,女,mó,2,0
嫬,女,zhē,1,0
嫭,女,hù,4,0
嫮,女,hù,4,0
嫯,女,ào,4,0
嫰,女,nèn,4,0
嫱,女,qiáng,2,0
嫲,女,ma,5,0
嫳,女,piè,4,0
嫴,女,gū,1,0
嫵,女,wǔ,3,0
嫶,女,qiáo,2,0
嫷,女,tuǒ,3,0
嫸,女,zhǎn,3,0
嫹,女,miáo,2,0
嫺,女,xián,2,0
嫻,女,xián,2,0
嫼,女,mò,4,0
嫽,女,liáo,2,0
嫾,女,lián,2,0
嫿,女,huà,4,0
嬀,女,guī,1,0
嬁,女,dēng,1,0
嬂,女,zhí,2,0
嬃,女,xū,1,0
嬄,女,yī,1,0
嬅,女,huà,4,0
嬆,女,xī,1,0
嬇,女,kuì,4,0
嬈,女,ráo,2,0
嬉,女,xī,1,0
嬊,女,yàn,4,0
嬋,女,chán,2,0
嬌,女,jiāo,1,12
嬍,女,měi,3,0
嬎,女,fàn,4,0
嬏,女,fān,1,0
嬐,女,xiān,1,0
嬑,女,yì,4,0
嬒,女,huì,4,0
嬓,女,jiào,4,0
嬔,女,fù,4,0
嬕,女,shì,4,0
嬖,女,bì,4,0
嬗,女,shàn,4,0
嬘,女,suì,4,0
嬙,女,qiáng,2,0
嬚,女,liǎn,3,0
嬛,女,huán,2,0
嬜,女,xīn,1,0
嬝,女,niǎo,3,0
嬞,女,dǒng,3,0
嬟,女,yì,4,0
嬠,女,cān,1,0
嬡,女,ài,4,0
嬢,女,niáng,2,0
嬣,女,níng,2,0
嬤,女,mā,1,0
嬥,女,tiǎo,3,0
嬦,女,chóu,2,0
嬧,女,jìn,4,0
嬨,女,cí,2,0
嬩,女,yú,2,0
嬪,女,pín,2,0
嬫,女,róng,2,0
嬬,女,rú,2,0
嬭,女,nǎi,3,0
嬮,女,yān,1,0
嬯,女,tái,2,0
嬰,女,yīng,1,35
嬱,女,qiàn,4,0
嬲,女,niǎo,3,0
嬳,女,yuè,4,0
嬴,女,yíng,2,0
嬵,女,mián,2,0
嬶,女,bí,2,0
嬷,女,mó,2,0
嬸,女,shěn,3,238
嬹,女,xìng,4,0
嬺,女,nì,4,0
嬻,女,dú,2,0
嬼,女,liǔ,3,0
嬽,女,yuān,1,0
嬾,女,lǎn,3,0
嬿,女,yàn,4,0
孀,女,shuāng,1,0
孁,女,líng,2,0
孂,女,jiǎo,3,0
孃,女,niáng,2,0
孄,女,lǎn,3,0
孅,女,xiān,1,0
孆,女,yīng,1,0
孇,女,shuāng,1,0
孈,女,huì,4,0
孉,女,quán,2,0
孊,女,mǐ,3,0
孋,女,lí,2,0
孌,女,luán,2,0
孍,女,yán,2,0
孎,女,zhú,2,0
孏,女,lǎn,3,0
子,子,zǐ,3,7967
孑,子,jié,2,0
孒,子,jué,2,0
孓,子,jué,2,0
孔,子,kǒng,3,180
孕,子,yùn,4,0
孖,子,mā,1,0
字,子,zì,4,814
存,子,cún,2,460
孙,子,sūn,1,19
孚,子,fú,2,0
孛,子,bèi,4,0
孜,子,zī,1,0
孝,子,xiào,4,0
孞,子,xìn,4,0
孟,子,mèng,4,0
孠,子,sì,4,0
孡,子,tāi,1,0
孢,子,bāo,1,0
季,子,jì,4,238
孤,子,gū,1,54
孥,子,nú,2,0
学,子,xué,2,5640
孧,子,yòu,4,0
孨,子,zhuǎn,3,0
孩,子,hái,2,1235
孪,子,luán,2,0
孫,子,sūn,1,19
孬,子,nāo,1,0
孭,子,miē,1,0
孮,子,cóng,2,0
孯,子,qiān,1,0
孰,子,shú,2,0
孱,子,chán,2,0
孲,子,yā,1,0
孳,子,zī,1,0
孴,子,nǐ,3,0
孵,子,fū,1,21
孶,子,zī,1,0
孷,子,lí,2,0
學,子,xué,2,5640
孹,子,bò,4,0
孺,子,rú,2,0
孻,子,nái,2,0
孼,子,niè,4,0
孽,子,niè,4,0
孾,子,yīng,1,0
孿,子,luán,2,0
宀,宀,mián,2,0
宁,宀,níng,2,22
宂,宀,rǒng,3,0
它,宀,tā,1,2984
宄,宀,guǐ,3,0
宅,宀,zhái,2,61
宆,宀,qióng,2,0
宇,宀,yǔ,3,144
守,宀,shǒu,3,218
安,宀,ān,1,596
宊,宀,tū,1,0
宋,宀,sòng,4,0
完,宀,wán,2,1502
宍,宀,ròu,4,0
宎,宀,yǎo,3,0
宏,宀,hóng,2,31
宐,宀,yí,2,0
宑,宀,jǐng,3,0
宒,宀,zhūn,1,0
宓,宀,mì,4,0
宔,宀,zhǔ,3,0
宕,宀,dàng,4,0
宖,宀,hóng,2,0
宗,宀,zōng,1,67
官,宀,guān,1,276
宙,宀,zhòu,4,130
定,宀,dìng,4,2655
宛,宀,wǎn,3,0
宜,宀,yí,2,96
宝,宀,bǎo,3,270
实,宀,shí,2,2929
実,宀,shí,2,0
宠,宀,chǒng,3,0
审,宀,shěn,3,58
客,宀,kè,4,569
宣,宀,xuān,1,296
室,宀,shì,4,434
宥,宀,yòu,4,0
宦,宀,huàn,4,0
宧,宀,yí,2,0
宨,宀,tiǎo,3,0
宩,宀,shǐ,3,0
宪,宀,xiàn,4,56
宫,宀,gōng,1,73
宬,宀,chéng,2,0
宭,宀,qún,2,0
宮,宀,gōng,1,73
宯,宀,xiāo,1,0
宰,宀,zǎi,3,13
宱,宀,zhà,4,0
宲,宀,bǎo,3,0
害,宀,hài,4,660
宴,宀,yàn,4,34
宵,宀,xiāo,1,34
家,宀,jiā,1,5180
宷,宀,shěn,3,0
宸,宀,chén,2,0
容,宀,róng,2,822
宺,宀,huǎng,3,0
宼,宀,kòu,4,0
宽,宀,kuān,1,185
宾,宀,bīn,1,9
宿,宀,sù,4,75
寀,宀,cǎi,3,0
寁,宀,zǎn,3,0
寂,宀,jì,4,64
寃,宀,yuān,1,0
寄,宀,jì,4,101
寅,宀,yín,2,0
密,宀,mì,4,481
寇,宀,kòu,4,19
寈,宀,qīng,1,0
寉,宀,hè,4,0
寊,宀,zhēn,1,0
寋,宀,jiàn,4,0
富,宀,fù,4,314
寍,宀,níng,2,0
寎,宀,bìng,4,0
寏,宀,huán,2,0
寐,宀,mèi,4,0
寑,宀,qǐn,3,0
寒,宀,hán,2,145
寓,宀,yù,4,11
寔,宀,shí,2,0
寖,宀,jìn,4,0
寗,宀,níng,2,0
寘,宀,zhì,4,0
寙,宀,yǔ,3,0
寚,宀,bǎo,3,0
寛,宀,kuān,1,0
寝,宀,qǐn,3,0
寞,宀,mò,4,35
察,宀,chá,2,288
寠,宀,jù,4,0
寡,宀,guǎ,3,28
寢,宀,qǐn,3,0
寣,宀,hū,1,0
寤,宀,wù,4,0
寥,宀,liáo,2,0
實,宀,shí,2,2929
寧,宀,níng,2,22
寨,宀,zhài,4,0
審,宀,shěn,3,58
寪,宀,wěi,3,0
寫,宀,xiě,3,1171
寬,宀,kuān,1,185
寭,宀,huì,4,0
寮,宀,liáo,2,0
寯,宀,jùn,4,0
寰,宀,huán,2,0
寱,宀,yì,4,0
寲,宀,yí,2,0
寳,宀,bǎo,3,0
寴,宀,qīn,1,0
寵,宀,chǒng,3,0
寶,宀,bǎo,3,270
寷,宀,fēng,1,0
寸,寸,cùn,4,92
对,寸,duì,4,5013
寺,寸,sì,4,0
寻,寸,xún,2,141
导,寸,dǎo,3,1403
寽,寸,lǜ,4,0
対,寸,duì,4,0
寿,寸,shòu,4,20
尀,寸,pǒ,3,0
封,寸,fēng,1,400
専,寸,zhuān,1,0
尃,寸,fū,1,0
射,寸,shè,4,315
尅,寸,kè,4,0
将,寸,jiāng,1,1236
將,寸,jiāng,1,1236
專,寸,zhuān,1,602
尉,寸,wèi,4,0
尊,寸,zūn,1,122
尋,寸,xún,2,141
尌,寸,shù,4,0
對,寸,duì,4,5013
導,寸,dǎo,3,1403
小,小,xiǎo,3,5435
尐,小,jié,2,0
少,小,shǎo,3,1872
尒,小,ěr,3,0
尓,小,ěr,3,0
尔,小,ěr,3,26
尕,小,gǎ,3,0
尖,小,jiān,1,168
尗,小,shū,1,0
尘,小,chén,2,81
尙,小,shàng,4,0
尚,小,shàng,4,84
尛,小,mó,2,0
尜,小,gá,2,0
尝,小,cháng,2,38
尞,小,liào,4,0
尟,小,xiǎn,3,0
尠,小,xiǎn,3,0
尡,小,kun,1,0
尢,尢,wāng,1,0
尣,尢,wāng,1,0
尤,尢,yóu,2,110
尥,尢,liào,4,0
尦,尢,liào,4,0
尧,尢,yáo,2,0
尨,尢,máng,2,0
尩,尢,wāng,1,0
尪,尢,wāng,1,0
尫,尢,wāng,1,0
尬,尢,gà,4,0
尭,尢,yáo,2,0
尮,尢,duò,4,0
尯,尢,kuì,4,0
尰,尢,zhǒng,3,0
就,尢,jiù,4,11223
尲,尢,gān,1,0
尳,尢,gǔ,3,0
尴,尢,gān,1,0
尵,尢,tuí,2,0
尶,尢,gān,1,0
尷,尢,gān,1,0
尸,尸,shī,1,14
尹,丿,yǐn,3,0
尺,尸,chǐ,3,124
尻,尸,kāo,1,0
尼,尸,ní,2,0
尽,尸,jǐn,3,378
尾,尸,wěi,3,169
尿,尸,niào,4,16
局,尸,jú,2,505
屁,尸,pì,4,48
层,尸,céng,2,488
屃,尸,xì,4,0
屄,尸,bī,1,0
居,尸,jū,1,184
屆,尸,jiè,4,70
屇,尸,tián,2,0
屈,尸,qū,1,64
屉,尸,tì,4,17
届,尸,jiè,4,70
屋,尸,wū,1,774
屌,尸,diǎo,3,0
屍,尸,shī,1,0
屎,尸,shǐ,3,14
屏,尸,píng,2,10
屐,尸,jī,1,0
屑,尸,xiè,4,10
屒,尸,zhěn,3,0
屓,尸,xiè,4,0
屔,尸,ní,2,0
展,尸,zhǎn,3,1449
屖,尸,xī,1,0
屗,尸,wěi,3,0
屘,尸,mǎn,3,0
屙,尸,ē,1,0
屚,尸,lòu,4,0
屛,尸,píng,2,0
屜,尸,tì,4,17
屝,尸,fèi,4,0
属,尸,shǔ,3,369
屟,尸,xiè,4,0
屠,尸,tú,2,15
屡,尸,lǚ,3,0
屢,尸,lǚ,3,0
屣,尸,xǐ,3,0
層,尸,céng,2,488
履,尸,lǚ,3,0
屦,尸,jù,4,0
屧,尸,xiè,4,0
屨,尸,jù,4,0
屩,尸,juē,1,0
屪,尸,liáo,2,0
屬,尸,shǔ,3,369
屭,尸,xì,4,0
屮,屮,chè,4,0
屯,屮,tún,2,0
屰,屮,nì,4,0
山,山,shān,1,1704
屳,山,xiān,1,0
屴,山,lì,4,0
屵,山,è,4,0
屶,山,huì,4,0
屷,山,huì,4,0
屸,山,lóng,2,0
屹,山,yì,4,18
屺,山,qǐ,3,0
屻,山,rèn,4,0
屼,山,wù,4,0
屽,山,hàn,4,0
屾,山,shēn,1,0
屿,山,yǔ,3,30
岀,山,chū,1,0
岁,山,suì,4,519
岂,山,qǐ,3,51
岃,山,rèn,4,0
岄,山,yuè,4,0
岆,山,yǎo,3,0
岇,山,áng,2,0
岈,山,yá,2,0
岉,山,wù,4,0
岊,山,jié,2,0
岋,山,è,4,0
岌,山,jí,2,0
岍,山,qiān,1,0
岎,山,fén,2,0
岏,山,wán,2,0
岐,山,qí,2,0
岑,山,cén,2,0
岒,山,qián,2,0
岓,山,qí,2,0
岔,山,chà,4,0
岕,山,jiè,4,0
岖,山,qū,1,13
岗,山,gǎng,3,70
岘,山,xiàn,4,0
岙,山,ào,4,0
岚,山,lán,2,0
岛,山,dǎo,3,190
岜,山,bā,1,0
岝,山,zuò,4,0
岟,山,yǎng,3,0
岠,山,jù,4,0
岡,山,gāng,1,37
岢,山,kě,3,0
岣,山,gǒu,3,0
岤,山,xué,2,0
岥,山,pō,1,0
岦,山,lì,4,0
岧,山,tiáo,2,0
岨,山,qū,1,0
岩,山,yán,2,70
岪,山,fú,2,0
岫,山,xiù,4,0
岬,山,jiǎ,3,0
岭,山,lǐng,3,70
岮,山,tuó,2,0
岯,山,pí,2,0
岰,山,ào,4,0
岱,山,dài,4,0
岲,山,kuàng,4,0
岳,山,yuè,4,0
岴,山,qū,1,0
岵,山,hù,4,0
岶,山,pò,4,0
岷,山,mín,2,0
岸,山,àn,4,343
岹,山,tiáo,2,0
岺,山,líng,2,0
岻,山,chí,2,0
岼,山,píng,2,0
岽,山,dōng,1,0
岾,山,hàn,4,0
岿,山,kuī,1,0
峀,山,xiù,4,0
峁,山,mǎo,3,0
峂,山,tóng,2,0
峃,山,xué,2,0
峄,山,yì,4,0
峅,山,biàn,4,0
峆,山,hé,2,0
峇,山,bā,1,0
峈,山,luò,4,0
峉,山,è,4,0
峊,山,fù,4,0
峋,山,xún,2,0
峌,山,dié,2,0
峍,山,lù,4,0
峎,山,ěn,3,0
峏,山,ér,2,0
峐,山,gāi,1,0
峑,山,quān,1,0
峒,山,dòng,4,0
峓,山,yí,2,0
峔,山,mǔ,3,0
峕,山,shí,2,0
峖,山,ān,1,0
峗,山,wéi,2,0
峘,山,huán,2,0
峙,山,zhì,4,0
峚,山,mì,4,0
峛,山,liè,4,0
峜,山,jì,4,0
峝,山,tóng,2,0
峞,山,wéi,2,0
峟,山,yòu,4,0
峠,山,qiǎ,3,0
峡,山,xiá,2,97
峣,山,yáo,2,0
峤,山,jiào,4,0
峥,山,zhēng,1,0
峦,山,luán,2,13
峨,山,é,2,12
峩,山,é,2,0
峪,山,yù,4,0
峫,山,xié,2,0
峬,山,bū,1,0
峭,山,qiào,4,12
峮,山,qūn,1,0
峯,山,fēng,1,0
峰,山,fēng,1,94
峱,山,náo,2,0
峲,山,lǐ,3,0
峳,山,yóu,2,0
峴,山,xiàn,4,0
峵,山,róng,2,0
島,山,dǎo,3,190
峷,山,shēn,1,0
峸,山,chéng,2,0
峹,山,tú,2,0
峺,山,gěng,3,0
峻,山,jùn,4,12
峼,山,gào,4,0
峽,山,xiá,2,97
峾,山,yín,2,0
峿,山,wú,2,0
崀,山,làng,4,0
崁,山,kàn,4,0
崂,山,láo,2,0
崃,山,lái,2,0
崄,山,xiǎn,3,0
崅,山,què,4,0
崆,山,kōng,1,0
崇,山,chóng,2,55
崈,山,chóng,2,0
崉,山,tà,4,0
崊,山,lín,2,0
崋,山,huà,4,0
崌,山,jū,1,0
崍,山,lái,2,0
崎,山,qí,2,13
崏,山,mín,2,0
崐,山,kūn,1,0
崑,山,kūn,1,0
崒,山,zú,2,0
崓,山,gù,4,0
崔,山,cuī,1,0
崕,山,yá,2,0
崖,山,yá,2,43
崗,山,gǎng,3,70
崘,山,lún,2,0
崙,山,lún,2,0
崚,山,léng,2,0
崛,山,jué,2,0
崜,山,duō,1,0
崝,山,zhēng,1,0
崞,山,guō,1,0
崟,山,yín,2,0
崠,山,dōng,1,0
崡,山,hán,2,0
崢,山,zhēng,1,0
崣,山,wěi,3,0
崤,山,xiáo,2,0
崥,山,pí,2,0
崦,山,yān,1,0
崧,山,sōng,1,0
崨,山,jié,2,0
崩,山,bēng,1,19
崪,山,zú,2,0
崫,山,kū,1,0
崬,山,dōng,1,0
崭,山,zhǎn,3,34
崮,山,gù,4,0
崯,山,yín,2,0
崰,山,zī,1,0
崱,山,zè,4,0
崲,山,huáng,2,0
崳,山,yú,2,0
崴,山,wǎi,3,0
崵,山,yáng,2,0
崶,山,fēng,1,0
崷,山,qiú,2,0
崸,山,yáng,2,0
崹,山,tí,2,0
崺,山,yǐ,3,0
崻,山,zhì,4,0
崼,山,shì,4,0
崽,山,zǎi,3,10
崾,山,yào,4,0
崿,山,è,4,0
嵀,山,zhù,4,0
嵁,山,kān,1,0
嵂,山,lǜ,4,0
嵃,山,yǎn,3,0
嵄,山,měi,3,0
嵅,山,hán,2,0
嵆,山,jī,1,0
嵇,山,jī,1,0
嵈,山,huàn,4,0
嵉,山,tíng,2,0
嵊,山,shèng,4,0
嵋,山,méi,2,0
嵌,山,qiàn,4,17
嵍,山,wù,4,0
嵎,山,yú,2,0
嵏,山,zōng,1,0
嵐,山,lán,2,0
嵑,山,kě,3,0
嵒,山,yán,2,0
嵓,山,yán,2,0
嵔,山,wěi,3,0
嵕,山,zōng,1,0
嵖,山,chá,2,0
嵗,山,suì,4,0
嵘,山,róng,2,0
嵙,山,kē,1,0
嵚,山,qīn,1,0
嵛,山,yú,2,0
嵜,山,qí,2,0
嵝,山,lǒu,3,0
嵞,山,tú,2,0
嵟,山,duī,1,0
嵠,山,xī,1,0
嵡,山,wěng,3,0
嵢,山,cāng,1,0
嵣,山,dàng,4,0
嵤,山,róng,2,0
嵥,山,jié,2,0
嵦,山,kǎi,3,0
嵧,山,liú,2,0
嵨,山,wù,4,0
嵩,山,sōng,1,0
嵪,山,qiāo,1,0
嵫,山,zī,1,0
嵬,山,wéi,2,0
嵭,山,bēng,1,0
嵮,山,diān,1,0
嵯,山,cuó,2,0
嵰,山,qiǎn,3,0
嵱,山,yǒng,3,0
嵲,山,niè,4,0
嵳,山,cuó,2,0
嵴,山,jǐ,3,0
嵵,山,shí,2,0
嵶,山,ruò,4,0
嵷,山,sǒng,3,0
嵸,山,zōng,1,0
嵹,山,jiàng,4,0
嵺,山,liáo,2,0
嵻,山,kāng,1,0
嵼,山,chǎn,3,0
嵽,山,dié,2,0
嵾,山,cēn,1,0
嵿,山,dǐng,3,0
嶀,山,tū,1,0
嶁,山,lǒu,3,0
嶂,山,zhàng,4,0
嶃,山,zhǎn,3,0
嶄,山,zhǎn,3,34
嶆,山,cáo,2,0
嶇,山,qū,1,13
嶈,山,qiāng,1,0
嶉,山,cuī,1,0
嶊,山,zuǐ,3,0
嶋,山,dǎo,3,0
嶌,山,dǎo,3,0
嶍,山,xí,2,0
嶎,山,yù,4,0
嶏,山,pèi,4,0
嶐,山,lóng,2,0
嶑,山,xiàng,4,0
嶒,山,céng,2,0
嶓,山,bō,1,0
嶔,山,qīn,1,0
嶕,山,jiāo,1,0
嶖,山,yān,1,0
嶗,山,láo,2,0
嶘,山,zhàn,4,0
嶙,山,lín,2,0
嶚,山,liáo,2,0
嶛,山,liáo,2,0
嶜,山,jīn,1,0
嶝,山,dèng,4,0
嶞,山,duò,4,0
嶟,山,zūn,1,0
嶠,山,jiào,4,0
嶡,山,guì,4,0
嶢,山,yáo,2,0
嶣,山,jiāo,1,0
嶤,山,yáo,2,0
嶦,山,shàn,4,0
嶧,山,yì,4,0
嶨,山,xué,2,0
嶩,山,náo,2,0
嶪,山,yè,4,0
嶫,山,yè,4,0
嶬,山,yí,2,0
嶭,山,niè,4,0
嶮,山,xiǎn,3,0
嶯,山,jí,2,0
嶰,山,xiè,4,0
嶱,山,kě,3,0
嶲,山,xī,1,0
嶳,山,dì,4,0
嶴,山,ào,4,0
嶵,山,zuǐ,3,0
嶶,山,wēi,1,0
嶷,山,yí,2,0
嶸,山,róng,2,0
嶹,山,dǎo,3,0
嶺,山,lǐng,3,70
嶻,山,jié,2,0
嶼,山,yǔ,3,30
嶽,山,yuè,4,0
嶾,山,yǐn,3,0
嶿,山,ru,1,0
巀,山,jié,2,0
巁,山,lì,4,0
巂,山,guī,1,0
巃,山,lóng,2,0
巄,山,lóng,2,0
巅,山,diān,1,0
巆,山,róng,2,0
巇,山,xī,1,0
巈,山,jú,2,0
巉,山,chán,2,0
巊,山,yǐng,3,0
巋,山,kuī,1,0
巌,山,yán,2,0
巍,山,wēi,1,12
巎,山,náo,2,0
巏,山,quán,2,0
巐,山,chǎo,3,0
巑,山,cuán,2,0
巒,山,luán,2,13
巓,山,diān,1,0
巔,山,diān,1,0
巕,山,niè,4,0
巖,山,yán,2,0
巗,山,yán,2,0
巘,山,yǎn,3,0
巙,山,kuí,2,0
巚,山,yǎn,3,0
巛,巛,chuān,1,0
巜,巛,kuài,4,0
川,巛,chuān,1,0
州,巛,zhōu,1,30
巟,巛,huāng,1,0
巠,巛,jīng,1,0
巡,辵,xún,2,12
巢,巛,cháo,2,28
巣,巛,cháo,2,0
巤,巛,liè,4,0
工,工,gōng,1,5185
左,工,zuǒ,3,546
巧,工,qiǎo,3,147
巨,工,jù,4,332
巩,工,gǒng,3,125
巪,工,jù,4,0
巫,工,wū,1,0
巬,工,pu,1,0
巭,工,pu,1,0
差,工,chà,4,327
巯,工,qiú,2,0
巰,工,qiú,2,0
己,己,jǐ,3,2585
已,己,yǐ,3,2107
巳,己,sì,4,0
巴,己,bā,1,221
巵,己,zhī,1,0
巶,己,zhāo,1,0
巷,己,xiàng,4,37
巸,己,yí,2,0
巹,己,jǐn,3,0
巻,己,juàn,4,0
巼,己,bā,1,0
巽,己,xùn,4,0
巾,巾,jīn,1,86
巿,巾,fú,2,0
帀,巾,zā,1,0
币,巾,bì,4,58
市,巾,shì,4,690
布,巾,bù,4,744
帄,巾,dīng,1,0
帅,巾,shuài,4,11
帆,巾,fān,1,22
帇,巾,niè,4,0
师,巾,shī,1,1142
帉,巾,fēn,1,0
帊,巾,pà,4,0
帋,巾,zhǐ,3,0
希,巾,xī,1,321
帍,巾,hù,4,0
帎,巾,dàn,4,0
帏,巾,wéi,2,0
帐,巾,zhàng,4,172
帑,巾,tǎng,3,0
帒,巾,dài,4,0
帓,巾,mò,4,0
帔,巾,pèi,4,0
帕,巾,pà,4,13
帖,巾,tiē,1,0
帗,巾,bō,1,0
帘,巾,lián,2,53
帙,巾,zhì,4,0
帚,巾,zhǒu,3,13
帛,巾,bó,2,0
帜,巾,zhì,4,51
帝,巾,dì,4,606
帞,巾,mò,4,0
帟,巾,yì,4,0
帠,巾,yì,4,0
帡,巾,píng,2,0
帢,巾,qià,4,0
帣,巾,juǎn,3,0
帤,巾,rú,2,0
帥,巾,shuài,4,11
带,巾,dài,4,1348
帧,巾,zhēn,1,0
帨,巾,shuì,4,0
帩,巾,qiào,4,0
帪,巾,zhēn,1,0
師,巾,shī,1,1142
帬,巾,qún,2,0
席,巾,xí,2,804
帮,巾,bāng,1,598
帯,巾,dài,4,0
帰,巾,guī,1,0
帱,巾,chóu,2,0
帲,巾,píng,2,0
帳,巾,zhàng,4,172
帴,巾,sàn,4,0
帵,巾,wān,1,0
帶,巾,dài,4,1348
帷,巾,wéi,2,0
常,巾,cháng,2,1760
帹,巾,shà,4,0
帺,巾,qí,2,0
帻,巾,zé,2,0
帼,巾,guó,2,0
帽,巾,mào,4,188
帾,巾,dǔ,3,0
帿,巾,hóu,2,0
幀,巾,zhèng,4,0
幁,巾,xū,1,0
幂,巾,mì,4,0
幃,巾,wéi,2,0
幄,巾,wò,4,0
幅,巾,fú,2,122
幆,巾,yì,4,0
幇,巾,bāng,1,0
幈,巾,píng,2,0
幉,巾,dié,2,0
幊,巾,gōng,1,0
幋,巾,pán,2,0
幌,巾,huǎng,3,0
幍,巾,tāo,1,0
幎,巾,mì,4,0
幏,巾,jià,4,0
幐,肉,téng,2,0
幑,巾,huī,1,0
幒,巾,zhōng,1,0
幓,巾,shān,1,0
幔,巾,màn,4,0
幕,巾,mù,4,137
幖,巾,biāo,1,0
幗,巾,guó,2,0
幘,巾,zé,2,0
幙,巾,mù,4,0
幛,巾,zhàng,4,0
幜,巾,jǐng,3,0
幝,巾,chǎn,3,0
幞,巾,fú,2,0
幟,巾,zhì,4,51
幠,巾,hū,1,0
幡,巾,fān,1,0
幢,巾,chuáng,2,0
幣,巾,bì,4,58
幤,巾,bì,4,0
幥,巾,zhǎng,3,0
幦,巾,mì,4,0
幧,巾,qiāo,1,0
幨,巾,chān,1,0
幩,巾,fén,2,0
幪,巾,méng,2,0
幫,巾,bāng,1,598
幬,巾,chóu,2,0
幭,巾,miè,4,0
幮,巾,chú,2,0
幯,巾,jié,2,0
幰,巾,xiǎn,3,0
幱,巾,lán,2,0
干,干,gàn,4,1946
平,干,píng,2,1484
年,干,nián,2,5553
幵,干,jiān,1,0
并,干,bìng,4,1420
幷,干,bìng,4,0
幸,干,xìng,4,257
幹,干,gàn,4,0
幺,幺,yāo,1,0
幻,幺,huàn,4,62
幼,幺,yòu,4,66
幽,幺,yōu,1,0
幾,幺,jǐ,3,2512
广,广,guǎng,3,628
庀,广,pǐ,3,0
庁,广,tīng,1,0
庂,广,zè,4,0
広,广,guǎng,3,0
庄,广,zhuāng,1,337
庅,广,mó,2,0
庆,广,qìng,4,51
庇,广,bì,4,0
庈,广,qín,2,0
庉,广,dùn,4,0
床,广,chuáng,2,379
庋,广,guǐ,3,0
庌,广,yǎ,3,0
庍,广,bài,4,0
庎,广,jiè,4,0
序,广,xù,4,131
庐,广,lú,2,0
庑,广,wǔ,3,0
庒,广,zhuāng,1,0
库,广,kù,4,91
应,广,yīng,1,1658
底,广,dǐ,3,788
庖,广,páo,2,0
店,广,diàn,4,300
庘,广,yā,1,0
庙,广,miào,4,55
庚,广,gēng,1,0
庛,广,cì,4,0
府,广,fǔ,3,432
庝,广,tóng,2,0
庞,广,páng,2,19
废,广,fèi,4,111
庠,广,xiáng,2,0
庡,广,yǐ,3,0
庢,广,zhì,4,0
庣,广,tiāo,1,0
庤,广,zhì,4,0
庥,广,xiū,1,0
度,广,dù,4,1836
座,广,zuò,4,396
庨,广,xiāo,1,0
庩,广,tú,2,0
庪,广,guǐ,3,0
庫,广,kù,4,91
庬,广,máng,2,0
庭,广,tíng,2,137
庮,广,yǒu,3,0
庯,广,bū,1,0
庰,广,bìng,4,0
庱,广,chěng,3,0
庲,广,lái,2,0
庳,广,bì,4,0
庴,广,jí,2,0
庵,广,ān,1,0
庶,广,shù,4,0
康,广,kāng,1,78
庸,广,yōng,1,9
庹,广,tuǒ,3,0
庺,广,sōng,1,0
庼,广,qǐng,3,0
庽,广,yù,4,0
庾,广,yǔ,3,0
庿,广,miào,4,0
廁,广,cè,4,10
廂,广,xiāng,1,18
廃,广,fèi,4,0
廄,广,jiù,4,0
廅,广,è,4,0
廆,广,wěi,3,0
廇,广,liù,4,0
廈,广,shà,4,17
廉,广,lián,2,13
廊,广,láng,2,0
廋,广,sōu,1,0
廌,广,zhì,4,0
廍,广,bù,4,0
廎,广,qǐng,3,0
廏,广,jiù,4,0
廐,广,jiù,4,0
廑,广,jǐn,3,0
廒,广,áo,2,0
廓,广,kuò,4,22
廔,广,lóu,2,0
廕,广,yìn,4,0
廖,广,liào,4,0
廗,广,dài,4,0
廘,广,lù,4,0
廙,广,yì,4,0
廚,广,chú,2,48
廛,广,chán,2,0
廜,广,tú,2,0
廝,广,sī,1,0
廞,广,xīn,1,0
廟,广,miào,4,55
廠,广,chǎng,3,731
廡,广,wǔ,3,0
廢,广,fèi,4,111
廣,广,guǎng,3,628
廤,广,kù,4,0
廥,广,kuài,4,0
廦,广,bì,4,0
廧,广,qiáng,2,0
廨,广,xiè,4,0
廩,广,lǐn,3,0
廪,广,lǐn,3,0
廫,广,liáo,2,0
廬,广,lú,2,0
廭,广,jì,4,0
廮,广,yǐng,3,0
廯,广,xiān,1,0
廰,广,tīng,1,0
廱,广,yōng,1,0
廲,广,lí,2,0
廳,广,tīng,1,59
廴,廴,yǐn,3,0
廵,廴,xún,2,0
延,廴,yán,2,55
廷,廴,tíng,2,0
廸,廴,dí,2,0
建,廴,jiàn,4,1732
廻,廴,huí,2,0
廼,廴,nǎi,3,0
廾,廾,gǒng,3,0
廿,廾,niàn,4,10
开,廾,kāi,1,3483
弁,廾,biàn,4,0
异,廾,yì,4,146
弃,廾,qì,4,51
弄,廾,nòng,4,319
弅,廾,fèn,4,0
弆,廾,jǔ,3,0
弇,廾,yǎn,3,0
弈,廾,yì,4,0
弉,廾,zàng,4,0
弊,廾,bì,4,0
弋,弋,yì,4,0
弌,弋,yī,1,0
弍,弋,èr,4,0
弎,弋,sān,1,0
式,弋,shì,4,577
弐,弋,èr,4,0
弑,弋,shì,4,0
弒,弋,shì,4,0
弓,弓,gōng,1,36
弔,弓,diào,4,0
引,弓,yǐn,3,498
弖,弓,hù,4,0
弗,弓,fú,2,0
弘,弓,hóng,2,0
弙,弓,wū,1,0
弚,弓,tuí,2,0
弛,弓,chí,2,0
弜,弓,jiàng,4,0
弝,弓,bà,4,0
弞,弓,shěn,3,0
弟,弓,dì,4,448
张,弓,zhāng,1,785
弡,弓,jué,2,0
弢,弓,tāo,1,0
弣,弓,fǔ,3,0
弤,弓,dǐ,3,0
弥,弓,mí,2,25
弦,弓,xián,2,16
弧,弓,hú,2,0
弨,弓,chāo,1,0
弩,弓,nǔ,3,0
弪,弓,jìng,4,0
弫,弓,zhěn,3,0
弬,弓,yí,2,0
弭,弓,mǐ,3,0
弮,弓,quān,1,0
弯,弓,wān,1,161
弰,弓,shāo,1,0
弱,弓,ruò,4,193
弲,弓,xuān,1,0
弳,弓,jìng,4,0
弴,弓,diāo,1,0
張,弓,zhāng,1,785
弶,弓,jiàng,4,0
強,弓,qiáng,2,1063
弸,弓,péng,2,0
弹,弓,dàn,4,376
强,弓,qiáng,2,1063
弻,弓,bì,4,0
弼,弓,bì,4,0
弽,弓,shè,4,0
弾,弓,dàn,4,0
弿,弓,jiǎn,3,0
彀,弓,gòu,4,0
彁,弓,gē,1,0
彃,弓,bì,4,0
彄,弓,kōu,1,0
彅,弓,jiǎn,3,0
彆,弓,biè,4,0
彇,弓,xiāo,1,0
彈,弓,dàn,4,376
彉,弓,guō,1,0
彊,弓,jiàng,4,0
彋,弓,hóng,2,0
彌,弓,mí,2,25
彍,弓,guō,1,0
彎,弓,wān,1,161
彏,弓,jué,2,0
彐,彐,jì,4,0
彑,彐,jì,4,0
归,彐,guī,1,93
当,彐,dāng,1,2997
彔,彐,lù,4,0
录,彐,lù,4,143
彖,彐,tuàn,4,0
彗,彐,huì,4,0
彘,彐,zhì,4,0
彙,彐,huì,4,0
彛,彐,yí,2,0
彜,彐,yí,2,0
彝,彐,yí,2,0
彞,彐,yí,2,0
彟,彐,yuē,1,0
彠,彐,yuē,1,0
彡,彡,shān,1,0
形,彡,xíng,2,1117
彣,彡,wén,2,0
彤,彡,tóng,2,0
彥,彡,yàn,4,0
彦,彡,yàn,4,0
彧,彡,yù,4,0
彨,彡,chī,1,0
彩,彡,cǎi,3,138
彪,虍,biāo,1,0
彫,彡,diāo,1,0
彬,彡,bīn,1,0
彭,彡,péng,2,0
彮,彡,yǒng,3,0
彯,彡,piāo,1,0
彰,彡,zhāng,1,0
影,彡,yǐng,3,854
彲,彡,chī,1,0
彳,彳,chì,4,0
彴,彳,zhuó,2,0
彵,彳,tuǒ,3,0
彶,彳,jí,2,0
彷,彳,páng,2,0
彸,彳,zhōng,1,0
役,彳,yì,4,123
彺,彳,wáng,2,0
彻,彳,chè,4,257
彼,彳,bǐ,3,60
彽,彳,dī,1,0
彾,彳,líng,2,0
彿,彳,fú,2,0
往,彳,wǎng,3,1283
征,彳,zhēng,1,192
徂,彳,cú,2,0
徃,彳,wǎng,3,0
径,彳,jìng,4,69
待,彳,dài,4,342
徆,彳,xī,1,0
徇,彳,xùn,4,0
很,彳,hěn,3,3637
徉,彳,yáng,2,0
徊,彳,huái,2,17
律,彳,lǜ,4,439
後,彳,hòu,4,0
徍,彳,wǎng,3,0
徎,彳,chěng,3,0
徏,彳,zhì,4,0
徐,彳,xú,2,26
徑,彳,jìng,4,69
徒,彳,tú,2,161
従,彳,cóng,2,0
徔,彳,zhi,1,0
徕,彳,lái,2,0
徖,彳,cóng,2,0
得,彳,dé,2,7229
徘,彳,pái,2,17
徙,彳,xǐ,3,0
徚,彳,dōng,1,0
徛,彳,jì,4,0
徜,彳,cháng,2,0
徝,彳,zhì,4,0
從,彳,cóng,2,3733
徟,彳,zhōu,1,0
徠,彳,lái,2,0
御,彳,yù,4,42
徢,彳,xiè,4,0
徣,彳,jiè,4,0
徤,彳,jiàn,4,0
徥,彳,shì,4,0
徦,彳,jiǎ,3,0
徧,彳,biàn,4,0
徨,彳,huáng,2,0
復,彳,fù,4,0
循,彳,xún,2,32
徫,彳,wěi,3,0
徬,彳,páng,2,0
徭,彳,yáo,2,0
微,彳,wēi,1,511
徯,彳,xī,1,0
徰,彳,zhēng,1,0
徱,彳,piào,4,0
徲,彳,tí,2,0
徳,彳,dé,2,0
徴,彳,zhēng,1,0
徵,彳,zhǐ,3,0
徶,彳,bié,2,0
德,彳,dé,2,97
徸,彳,chōng,1,0
徹,彳,chè,4,257
徺,彳,jiǎo,3,0
徻,彳,huì,4,0
徼,彳,jiào,4,0
徽,彳,huī,1,0
徾,彳,méi,2,0
徿,彳,lòng,4,0
忀,彳,xiāng,1,0
忁,彳,bào,4,0
忂,彳,qú,2,0
心,心,xīn,1,3368
忄,心,xin,1,0
必,心,bì,4,1102
忆,心,yì,4,110
忇,心,lè,4,0
忈,心,rén,2,0
忉,心,dāo,1,0
忊,心,dìng,4,0
忋,心,gǎi,3,0
忌,心,jì,4,0
忍,心,rěn,3,189
忎,心,rén,2,0
忏,心,chàn,4,0
忐,心,tǎn,3,0
忑,心,tè,4,0
忒,心,tè,4,0
忓,心,gān,1,0
忔,心,qì,4,0
忕,心,shì,4,0
忖,心,cǔn,3,0
志,心,zhì,4,2082
忘,心,wàng,4,312
忙,心,máng,2,686
忚,心,xī,1,0
忛,心,fān,1,0
応,心,yīng,1,0
忝,心,tiǎn,3,0
忞,心,mín,2,0
忟,心,wěn,3,0
忠,心,zhōng,1,27
忡,心,chōng,1,0
忢,心,wù,4,0
忣,心,jí,2,0
忤,心,wǔ,3,0
忥,心,xì,4,0
忦,心,jiá,2,0
忧,心,yōu,1,23
忨,心,wàn,4,0
忩,心,cōng,1,0
忪,心,sōng,1,0
快,心,kuài,4,1613
忬,心,yù,4,0
忭,心,biàn,4,0
忮,心,zhì,4,0
忯,心,qí,2,0
忰,心,cuì,4,0
忱,心,chén,2,12
忲,心,tài,4,0
忳,心,tún,2,0
忴,心,qián,2,0
念,心,niàn,4,447
忶,心,hún,2,0
忷,心,xiōng,1,0
忸,心,niǔ,3,0
忹,心,kuáng,2,0
忺,心,xiān,1,0
忻,心,xīn,1,0
忼,心,kāng,1,0
忽,心,hū,1,535
忾,心,kài,4,0
忿,心,fèn,4,97
怀,心,huái,2,281
态,心,tài,4,381
怂,心,sǒng,3,0
怃,心,wǔ,3,0
怄,心,òu,4,0
怅,心,chàng,4,0
怆,心,chuàng,4,0
怇,心,jù,4,0
怈,心,yì,4,0
怉,心,bǎo,3,0
怊,心,chāo,1,0
怋,心,mín,2,0
怌,心,pēi,1,0
怍,心,zuò,4,0
怎,心,zěn,3,2090
怏,心,yàng,4,0
怐,心,jù,4,0
怑,心,bàn,4,0
怒,心,nù,4,167
怓,心,náo,2,0
怔,心,zhēng,1,15
怕,心,pà,4,866
怖,心,bù,4,32
怗,心,tiē,1,0
怘,心,hù,4,0
怙,心,hù,4,0
怚,心,jù,4,0
怛,心,dá,2,0
怜,心,lián,2,111
思,心,sī,1,1636
怞,心,chóu,2,0
怟,心,dì,4,0
怠,心,dài,4,0
怡,心,yí,2,0
怢,心,tū,1,0
怣,心,yóu,2,0
怤,心,fū,1,0
急,心,jí,2,621
怦,心,pēng,1,24
性,心,xìng,4,1385
怨,心,yuàn,4,47
怩,心,ní,2,0
怪,心,guài,4,410
怫,心,fú,2,0
怬,心,xì,4,0
怭,心,bì,4,0
怮,心,yōu,1,0
怯,心,qiè,4,18
怰,心,xuàn,4,0
怱,心,cōng,1,0
怲,心,bǐng,3,0
怳,心,huǎng,3,0
怴,心,xù,4,0
怵,心,chù,4,0
怶,心,bì,4,0
怷,心,shù,4,0
怸,心,xī,1,0
怹,心,tān,1,0
怺,心,yǒng,3,0
总,心,zǒng,3,1599
怼,心,duì,4,0
怽,心,mo,1,0
怾,心,zhǐ,3,0
怿,心,yì,4,0
恀,心,shì,4,0
恁,心,nèn,4,0
恂,心,xún,2,0
恃,心,shì,4,0
恄,心,xì,4,0
恅,心,lǎo,3,0
恆,心,héng,2,40
恇,心,kuāng,1,0
恈,心,móu,2,0
恉,心,zhǐ,3,0
恊,心,xié,2,0
恋,心,liàn,4,11
恌,心,tiāo,1,0
恍,心,huǎng,3,24
恎,心,dié,2,0
恏,心,hào,4,0
恐,心,kǒng,3,109
恑,心,guǐ,3,0
恒,心,héng,2,40
恓,心,xī,1,0
恔,心,jiǎo,3,0
恕,心,shù,4,0
恖,心,sī,1,0
恗,心,hū,1,0
恘,心,qiū,1,0
恙,心,yàng,4,0
恚,心,huì,4,0
恛,心,huí,2,0
恜,心,chì,4,0
恝,心,jiá,2,0
恞,心,yí,2,0
恟,心,xiōng,1,0
恠,心,guài,4,0
恡,心,lìn,4,0
恢,心,huī,1,111
恣,心,zì,4,0
恤,心,xù,4,0
恥,心,chǐ,3,36
恦,心,shàng,4,0
恧,心,nǜ,4,0
恨,心,hèn,4,131
恩,心,ēn,1,0
恪,心,kè,4,0
恫,心,dòng,4,0
恬,心,tián,2,0
恭,心,gōng,1,0
恮,心,quān,1,0
息,心,xī,1,497
恰,心,qià,4,123
恱,心,yuè,4,0
恲,心,pēng,1,0
恳,心,kěn,3,64
恴,心,dé,2,0
恵,心,huì,4,0
恶,心,è,4,197
恷,心,xiao,1,0
恸,心,tòng,4,0
恹,心,yān,1,0
恺,心,kǎi,3,0
恻,心,cè,4,0
恼,心,nǎo,3,27
恽,心,yùn,4,0
恾,心,máng,2,0
恿,心,yǒng,3,0
悀,心,yǒng,3,0
悁,心,yuān,1,0
悂,心,pī,1,0
悃,心,kǔn,3,0
悄,心,qiāo,1,218
悅,心,yuè,4,23
悆,心,yù,4,0
悇,心,tú,2,0
悈,心,jiè,4,0
悉,心,xī,1,111
悊,心,zhé,2,0
悋,心,lìn,4,0
悌,心,tì,4,0
悍,心,hàn,4,0
悎,心,hào,4,0
悏,心,qiè,4,0
悐,心,tì,4,0
悑,心,bù,4,0
悒,心,yì,4,0
悓,心,qiàn,4,0
悔,心,huǐ,3,39
悕,心,xī,1,0
悖,心,bèi,4,0
悗,心,mán,2,0
悘,心,yī,1,0
悙,心,hēng,1,0
悚,心,sǒng,3,0
悛,心,quān,1,0
悜,心,chěng,3,0
悝,心,kuī,1,0
悞,心,wù,4,0
悟,心,wù,4,69
悠,心,yōu,1,14
悡,心,lí,2,0
悢,心,liàng,4,0
患,心,huàn,4,53
悤,心,cōng,1,0
悥,心,yì,4,0
悦,心,yuè,4,23
悧,心,lì,4,0
您,心,nín,2,1593
悩,心,nǎo,3,0
悪,心,è,4,0
悫,心,què,4,0
悬,心,xuán,2,52
悭,心,qiān,1,0
悮,心,wù,4,0
悯,心,mǐn,3,0
悰,心,cóng,2,0
悱,心,fěi,3,0
悲,心,bēi,1,127
悳,心,dé,2,0
悴,心,cuì,4,0
悵,心,chàng,4,0
悶,心,mèn,4,75
悷,心,lì,4,0
悸,心,jì,4,0
悹,心,guàn,4,0
悺,心,guàn,4,0
悻,心,xìng,4,0
悼,心,dào,4,11
悽,心,qī,1,0
悾,心,kōng,1,0
悿,心,tiǎn,3,0
惀,心,lún,2,0
惁,心,xī,1,0
惂,心,kǎn,3,0
惃,心,gǔn,3,0
惄,心,nì,4,0
情,心,qíng,2,2191
惆,心,chóu,2,0
惇,心,dūn,1,0
惈,心,guǒ,3,0
惉,心,zhān,1,0
惊,心,jīng,1,425
惋,心,wǎn,3,14
惌,心,yuān,1,0
惍,心,jīn,1,0
惎,心,jì,4,0
惏,心,lán,2,0
惐,心,yù,4,0
惑,心,huò,4,23
惒,心,hé,2,0
惓,心,quán,2,0
惔,心,tán,2,0
惕,心,tì,4,16
惖,心,tì,4,0
惗,心,niè,4,0
惘,心,wǎng,3,0
惙,心,chuò,4,0
惚,心,hū,1,12
惛,心,hūn,1,0
惜,心,xī,1,115
惝,心,chǎng,3,0
惞,心,xīn,1,0
惟,心,wéi,2,123
惠,心,huì,4,0
惡,心,è,4,197
惢,心,suǒ,3,0
惣,心,zǒng,3,0
惤,心,jiān,1,0
惥,心,yǒng,3,0
惦,心,diàn,4,11
惧,心,jù,4,16
惨,心,cǎn,3,51
惩,心,chéng,2,15
惪,心,dé,2,0
惫,心,bèi,4,0
惬,心,qiè,4,0
惭,心,cán,2,24
惮,心,dàn,4,0
惯,心,guàn,4,145
惰,心,duò,4,0
惱,心,nǎo,3,27
惲,心,yùn,4,0
想,心,xiǎng,3,4640
惴,心,zhuì,4,0
惵,心,dié,2,0
惶,心,huáng,2,13
惷,心,chǔn,3,0
惸,心,qióng,2,0
惹,心,rě,3,49
惺,心,xīng,1,0
惻,心,cè,4,0
惼,心,biǎn,3,0
惽,心,mǐn,3,0
惾,心,zōng,1,0
惿,心,tí,2,0
愀,心,qiǎo,3,0
愁,心,chóu,2,48
愂,心,bèi,4,0
愃,心,xuān,1,0
愄,心,wēi,1,0
愅,心,gé,2,0
愆,心,qiān,1,0
愇,心,wěi,3,0
愈,心,yù,4,139
愉,心,yú,2,74
愊,心,bì,4,0
愋,心,xuān,1,0
愌,心,huàn,4,0
愍,心,mǐn,3,0
愎,心,bì,4,0
意,心,yì,4,2548
愐,心,miǎn,3,0
愑,心,yǒng,3,0
愒,心,kài,4,0
愓,心,dàng,4,0
愔,心,yīn,1,0
愕,心,è,4,14
愖,心,chén,2,0
愗,心,mào,4,0
愘,心,qià,4,0
愙,心,kè,4,0
愚,心,yú,2,8
愛,心,ài,4,1137
愜,心,qiè,4,0
愝,心,yǎn,3,0
愞,心,nuò,4,0
感,心,gǎn,3,978
愠,心,yùn,4,0
愡,心,zǒng,3,0
愢,心,sāi,1,0
愣,心,lèng,4,58
愤,心,fèn,4,159
愥,心,yīng,1,0
愦,心,kuì,4,0
愧,心,kuì,4,37
愨,心,què,4,0
愩,心,gōng,1,0
愪,心,yún,2,0
愫,心,sù,4,0
愬,心,sù,4,0
愭,心,qí,2,0
愮,心,yáo,2,0
愯,心,sǒng,3,0
愰,心,huàng,4,0
愱,心,jí,2,0
愲,心,gǔ,3,0
愳,心,jù,4,0
愴,心,chuàng,4,0
愵,心,nì,4,0
愶,心,xié,2,0
愷,心,kǎi,3,0
愸,心,zhěng,3,0
愹,心,yǒng,3,0
愺,心,cǎo,3,0
愻,心,xùn,4,0
愼,心,shèn,4,0
愽,心,bó,2,0
愾,心,kài,4,0
愿,心,yuàn,4,525
慀,心,xì,4,0
慁,心,hùn,4,0
慂,心,yǒng,3,0
慃,心,yǎng,3,0
慄,心,lì,4,0
慅,心,sāo,1,0
慆,心,tāo,1,0
慇,心,yīn,1,0
慈,心,cí,2,20
慉,心,xù,4,0
慊,心,qiàn,4,0
態,心,tài,4,381
慌,心,huāng,1,168
慍,心,yùn,4,0
慎,心,shèn,4,38
慏,心,mǐng,3,0
慐,心,gong,1,0
慑,心,shè,4,0
慒,心,cóng,2,0
慓,心,piāo,1,0
慔,心,mù,4,0
慕,心,mù,4,24
慖,心,guó,2,0
慗,心,chì,4,0
慘,心,cǎn,3,51
慙,心,cán,2,0
慚,心,cán,2,24
慛,心,cuī,1,0
慜,心,mǐn,3,0
慝,心,tè,4,0
慞,心,zhāng,1,0
慟,心,tòng,4,0
慠,心,ào,4,0
慡,心,shuǎng,3,0
慢,心,màn,4,417
慣,心,guàn,4,145
慤,心,què,4,0
慥,心,zào,4,0
慦,心,jiù,4,0
慧,心,huì,4,40
慨,心,kǎi,3,33
慩,心,lián,2,0
慪,心,òu,4,0
慫,心,sǒng,3,0
慬,心,qín,2,0
慭,心,yìn,4,0
慮,心,lǜ,4,125
慯,心,shāng,1,0
慰,心,wèi,4,70
慱,心,tuán,2,0
慲,心,mán,2,0
慳,心,qiān,1,0
慴,心,shè,4,0
慵,心,yōng,1,0
慶,心,qìng,4,51
慷,心,kāng,1,13
慸,心,dì,4,0
慹,心,zhí,2,0
慺,心,lóu,2,0
慻,心,juàn,4,0
慼,心,qī,1,0
慽,心,qī,1,0
慾,心,yù,4,0
慿,心,píng,2,0
憀,心,liáo,2,0
憁,心,còng,4,0
憂,心,yōu,1,23
憃,心,chōng,1,0
憄,心,zhì,4,0
憅,心,tòng,4,0
憆,心,chēng,1,0
憇,心,qì,4,0
憈,心,qū,1,0
憉,心,péng,2,0
憊,心,bèi,4,0
憋,心,biē,1,19
憌,心,qióng,2,0
憍,心,jiāo,1,0
憎,心,zēng,1,0
憐,心,lián,2,111
憑,心,píng,2,134
憒,心,kuì,4,0
憓,心,huì,4,0
憔,心,qiáo,2,0
憕,心,chéng,2,0
憖,心,yìn,4,0
憗,心,yìn,4,0
憘,心,xǐ,3,0
憙,心,xǐ,3,0
憚,心,dàn,4,0
憛,心,tán,2,0
憜,心,duò,4,0
憝,心,duì,4,0
憞,心,duì,4,0
憟,心,sù,4,0
憠,心,jué,2,0
憡,心,cè,4,0
憢,心,xiāo,1,0
憣,心,fān,1,0
憤,心,fèn,4,159
憥,心,láo,2,0
憦,心,lào,4,0
憧,心,chōng,1,10
憨,心,hān,1,0
憩,心,qì,4,0
憪,心,xián,2,0
憫,心,mǐn,3,0
憬,心,jǐng,3,10
憭,心,liǎo,3,0
憮,心,wǔ,3,0
憯,心,cǎn,3,0
憰,心,jué,2,0
憱,心,cù,4,0
憲,心,xiàn,4,56
憳,心,tǎn,3,0
憴,心,shéng,2,0
憵,心,pī,1,0
憶,心,yì,4,110
憷,心,chù,4,0
憸,心,xiān,1,0
憹,心,náo,2,0
憺,心,dàn,4,0
憻,心,tǎn,3,0
憼,心,jǐng,3,0
憽,心,sōng,1,0
憾,心,hàn,4,21
憿,心,jiǎo,3,0
懀,心,wèi,4,0
懁,心,xuān,1,0
懂,心,dǒng,3,377
懃,心,qín,2,0
懄,心,qín,2,0
懅,心,jù,4,0
懆,心,cǎo,3,0
懇,心,kěn,3,64
懈,心,xiè,4,0
應,心,yīng,1,1658
懊,心,ào,4,0
懋,心,mào,4,0
懌,心,yì,4,0
懍,心,lǐn,3,0
懎,心,sè,4,0
懏,心,jùn,4,0
懐,心,huái,2,0
懑,心,mèn,4,0
懒,心,lǎn,3,31
懔,心,lǐn,3,0
懕,心,yān,1,0
懖,心,kuò,4,0
懗,心,xià,4,0
懘,心,chì,4,0
懙,心,yǔ,3,0
懚,心,yìn,4,0
懛,心,dāi,1,0
懜,心,měng,3,0
懝,心,ài,4,0
懞,心,méng,2,0
懟,心,duì,4,0
懠,心,qí,2,0
懡,心,mǒ,3,0
懢,心,lán,2,0
懣,心,mèn,4,0
懤,心,chóu,2,0
懥,心,zhì,4,0
懦,心,nuò,4,0
懧,心,nuò,4,0
懨,心,yān,1,0
懩,心,yǎng,3,0
懪,心,bó,2,0
懫,心,zhì,4,0
懬,心,kuàng,4,0
懭,心,kuǎng,3,0
懮,心,yǒu,3,0
懯,心,fū,1,0
懰,心,liú,2,0
懱,心,miè,4,0
懲,心,chéng,2,15
懳,心,hui,1,0
懴,心,chàn,4,0
懵,心,měng,3,0
懶,心,lǎn,3,31
懷,心,huái,2,281
懸,心,xuán,2,52
懹,心,ràng,4,0
懺,心,chàn,4,0
懻,心,jì,4,0
懼,心,jù,4,16
懽,心,huān,1,0
懾,心,shè,4,0
懿,心,yì,4,0
戀,心,liàn,4,11
戁,心,nǎn,3,0
戂,心,mí,2,0
戃,心,tǎng,3,0
戄,心,jué,2,0
戅,心,gàng,4,0
戆,心,gàng,4,0
戇,心,zhuàng,4,0
戈,戈,gē,1,0
戉,戈,yuè,4,0
戊,戈,wù,4,0
戋,戈,jiān,1,0
戌,戈,xū,1,0
戍,戈,shù,4,0
戎,戈,róng,2,0
戏,戈,xì,4,205
成,戈,chéng,2,4479
我,戈,wǒ,3,23213
戒,戈,jiè,4,42
戓,戈,gē,1,0
戔,戈,jiān,1,0
戕,戈,qiāng,1,0
或,戈,huò,4,1133
戗,戈,qiāng,1,0
战,戈,zhàn,4,2420
戙,戈,dòng,4,0
戚,戈,qī,1,52
戛,戈,jiá,2,0
戜,戈,dié,2,0
戝,戈,zéi,2,0
戞,戈,jiá,2,0
戟,戈,jǐ,3,0
戠,戈,zhī,1,0
戡,戈,kān,1,0
戢,戈,jí,2,0
戣,戈,kuí,2,0
戤,戈,gài,4,0
戥,戈,děng,3,0
戦,戈,zhàn,4,0
戧,戈,qiāng,1,0
戨,戈,gē,1,0
戩,戈,jiǎn,3,0
截,戈,jié,2,53
戫,戈,yù,4,0
戬,戈,jiǎn,3,0
戭,戈,yǎn,3,0
戮,戈,lù,4,0
戯,戈,hū,1,0
戰,戈,zhàn,4,2420
戱,戈,xì,4,0
戲,戈,xì,4,205
戳,戈,chuō,1,0
戴,戈,dài,4,137
戵,戈,qú,2,0
戶,戶,hù,4,217
户,戶,hù,4,217
戸,戶,hù,4,0
戹,戶,è,4,0
戺,戶,shì,4,0
戻,戶,tì,4,0
戼,戶,mǎo,3,0
戽,戶,hù,4,0
戾,戶,lì,4,0
房,戶,fáng,2,708
所,戶,suǒ,3,2517
扁,戶,biǎn,3,63
扂,戶,diàn,4,0
扃,戶,jiōng,1,0
扄,戶,shǎng,3,0
扅,戶,yí,2,0
扆,戶,yǐ,3,0
扇,戶,shàn,4,34
扈,戶,hù,4,0
扉,戶,fēi,1,0
扊,戶,yǎn,3,0
手,手,shǒu,3,2627
扌,手,shou,1,0
才,手,cái,2,2141
扎,手,zhā,1,133
扏,手,qiú,2,0
扐,手,lè,4,0
扑,手,pū,1,140
扒,手,bā,1,31
打,手,dǎ,3,2265
扔,手,rēng,1,101
払,手,fǎn,3,0
扖,手,rù,4,0
扗,手,zài,4,0
托,手,tuō,1,101
扙,手,zhàng,4,0
扚,手,diǎo,3,0
扛,手,káng,2,46
扜,手,yū,1,0
扝,手,kū,1,0
扞,手,hàn,4,0
扟,手,shēn,1,0
扠,手,chā,1,0
扡,手,tuō,1,0
扢,手,gǔ,3,0
扣,手,kòu,4,62
扤,手,wù,4,0
扥,手,dèn,4,0
扦,手,qiān,1,0
执,手,zhí,2,218
扨,手,rèn,4,0
扩,手,kuò,4,159
扪,手,mén,2,0
扫,手,sǎo,3,134
扬,手,yáng,2,179
扭,手,niǔ,3,95
扮,手,bàn,4,46
扯,手,chě,3,88
扰,手,rǎo,3,32
扱,手,xī,1,0
扲,手,qián,2,0
扳,手,bān,1,21
扴,手,jiá,2,0
扵,手,yú,2,0
扶,手,fú,2,67
扷,手,ào,4,0
扸,手,xī,1,0
批,手,pī,1,694
扺,手,zhǐ,3,0
扻,手,zhì,4,0
扼,手,è,4,0
扽,手,dèn,4,0
找,手,zhǎo,3,1043
承,手,chéng,2,163
技,手,jì,4,712
抁,手,yǎn,3,0
抂,手,kuáng,2,0
抃,手,biàn,4,0
抄,手,chāo,1,70
抅,手,jū,1,0
抆,手,wěn,3,0
抇,手,hú,2,0
抈,手,yuè,4,0
抉,手,jué,2,0
把,手,bǎ,3,5330
抋,手,qìn,4,0
抌,手,dǎn,3,0
抍,手,zhěng,3,0
抎,手,yǔn,3,0
抏,手,wán,2,0
抐,手,nè,4,0
抑,手,yì,4,53
抒,手,shū,1,0
抓,手,zhuā,1,403
抔,手,póu,2,0
投,手,tóu,2,264
抖,手,dǒu,3,118
抗,手,kàng,4,663
折,手,zhé,2,231
抙,手,póu,2,0
抚,手,fǔ,3,13
抛,手,pāo,1,51
抜,手,bá,2,0
抝,手,ǎo,3,0
択,手,zé,2,0
抟,手,tuán,2,0
抠,手,kōu,1,0
抡,手,lūn,1,11
抢,手,qiǎng,3,131
抣,手,yun,1,0
护,手,hù,4,468
报,手,bào,4,1019
抦,手,bǐng,3,0
抧,手,zhǐ,3,0
抨,手,pēng,1,0
抩,手,nán,2,0
抪,手,bù,4,0
披,手,pī,1,89
抬,手,tái,2,305
抭,手,yǎo,3,0
抮,手,zhěn,3,0
抯,手,zhā,1,0
抰,手,yāng,1,0
抱,手,bào,4,293
抲,手,hē,1,0
抳,手,nǐ,3,0
抴,手,yè,4,0
抵,手,dǐ,3,104
抶,手,chì,4,0
抷,手,pī,1,0
抸,手,jiā,1,0
抹,手,mǒ,3,60
抺,手,mèi,4,0
抻,手,chēn,1,0
押,手,yā,1,35
抽,手,chōu,1,244
抾,手,qū,1,0
抿,手,mǐn,3,14
拀,手,chù,4,0
拁,手,jiā,1,0
拂,手,fú,2,0
拃,手,zhǎ,3,0
拄,手,zhǔ,3,13
担,手,dān,1,394
拆,手,chāi,1,43
拇,手,mǔ,3,11
拈,手,niān,1,0
拉,手,lā,1,669
拊,手,fǔ,3,0
拋,手,pāo,1,51
拌,手,bàn,4,37
拍,手,pāi,1,222
拎,手,līn,1,0
拏,手,ná,2,0
拐,手,guǎi,3,24
拑,手,qián,2,0
拒,手,jù,4,59
拓,手,tà,4,0
拔,手,bá,2,138
拕,手,tuō,1,0
拖,手,tuō,1,173
拗,手,ào,4,0
拘,手,jū,1,18
拙,手,zhuō,1,0
拚,手,pàn,4,0
招,手,zhāo,1,201
拜,手,bài,4,27
拝,手,bài,4,0
拞,手,dǐ,3,0
拟,手,nǐ,3,22
拠,手,jù,4,0
拡,手,kuò,4,0
拢,手,lǒng,3,62
拣,手,jiǎn,3,84
拤,手,qiá,2,0
拥,手,yōng,1,122
拦,手,lán,2,58
拧,手,níng,2,41
拨,手,bō,1,66
择,手,zé,2,71
拪,手,qiān,1,0
拫,手,hén,2,0
括,手,kuò,4,171
拭,手,shì,4,13
拮,手,jié,2,0
拯,手,zhěng,3,0
拰,手,nǐn,3,0
拱,手,gǒng,3,78
拲,手,gǒng,3,0
拳,手,quán,2,54
拴,手,shuān,1,42
拵,手,cún,2,0
拶,手,zā,1,0
拷,手,kǎo,3,0
拸,手,yí,2,0
拹,手,xié,2,0
拺,手,cè,4,0
拻,手,huī,1,0
拼,手,pīn,1,147
拽,手,zhuài,4,0
拾,手,shí,2,99
拿,手,ná,2,1125
挀,手,bāi,1,0
持,手,chí,2,601
挂,手,guà,4,270
挃,手,zhì,4,0
挄,手,kuò,4,0
挅,手,duǒ,3,0
挆,手,duǒ,3,0
指,手,zhǐ,3,1317
挈,手,qiè,4,0
按,手,àn,4,439
挊,手,nòng,4,0
挋,手,zhèn,4,0
挌,手,gé,2,0
挍,手,jiào,4,0
挎,手,kuà,4,16
挏,手,dòng,4,0
挐,手,ná,2,0
挑,手,tiāo,1,207
挒,手,liè,4,0
挓,手,zhā,1,0
挔,手,lǚ,3,0
挕,手,dié,2,0
挖,手,wā,1,136
挗,手,jué,2,0
挘,手,liě,3,0
挙,手,jǔ,3,0
挚,手,zhì,4,0
挛,手,luán,2,0
挜,手,yà,4,0
挝,手,wō,1,0
挞,手,tà,4,0
挟,手,xié,2,11
挠,手,náo,2,0
挡,手,dǎng,3,83
挢,手,jiǎo,3,0
挣,手,zhēng,1,76
挤,手,jǐ,3,172
挥,手,huī,1,365
挦,手,xián,2,0
挧,手,yǔ,3,0
挨,手,āi,1,111
挩,手,tuō,1,0
挪,手,nuó,2,0
挫,手,cuò,4,33
挬,手,bó,2,0
挭,手,gěng,3,0
挮,手,tǐ,3,0
振,手,zhèn,4,84
挰,手,chéng,2,0
挱,手,sā,1,0
挲,手,sā,1,0
挳,手,kēng,1,0
挴,手,měi,3,0
挵,手,nòng,4,0
挶,手,jū,1,0
挷,手,péng,2,0
挸,手,jiǎn,3,0
挹,手,yì,4,0
挺,手,tǐng,3,239
挻,手,shān,1,0
挼,手,ruá,2,0
挽,手,wǎn,3,66
挾,手,xié,2,11
挿,手,chā,1,0
捀,手,féng,2,0
捁,手,jiǎo,3,0
捂,手,wǔ,3,22
捃,手,jùn,4,0
捄,手,jiù,4,0
捅,手,tǒng,3,0
捆,手,kǔn,3,67
捇,手,huò,4,0
捈,手,tú,2,0
捉,手,zhuō,1,104
捊,手,póu,2,0
捋,手,lǚ,3,0
捌,手,bā,1,0
捍,手,hàn,4,17
捎,手,shāo,1,19
捏,手,niē,1,74
捐,手,juān,1,15
捑,手,zè,4,0
捒,手,shù,4,0
捓,手,yé,2,0
捔,手,jué,2,0
捕,手,bǔ,3,103
捖,手,wán,2,0
捗,手,bù,4,0
捘,手,zùn,4,0
捙,手,yè,4,0
捚,手,zhāi,1,0
捛,手,lǚ,3,0
捜,手,sōu,1,0
捝,手,tuō,1,0
捞,手,lāo,1,68
损,手,sǔn,3,128
捠,手,bāng,1,0
捡,手,jiǎn,3,26
换,手,huàn,4,351
捣,手,dǎo,3,23
捤,手,wěi,3,0
捥,手,wàn,4,0
捦,手,qín,2,0
捧,手,pěng,3,120
捨,手,shě,3,0
捩,手,liè,4,0
捪,手,mín,2,0
捫,手,mén,2,0
捬,手,fǔ,3,0
捭,手,bǎi,3,0
据,手,jù,4,805
捯,手,dáo,2,0
捰,手,wǒ,3,0
捱,手,ái,2,0
捲,手,juǎn,3,0
捳,手,yuè,4,0
捴,手,zǒng,3,0
捵,手,chēn,1,0
捶,手,chuí,2,15
捷,手,jié,2,20
捸,手,tū,1,0
捹,手,bèn,4,0
捺,手,nà,4,0
捻,手,niǎn,3,11
捼,手,ruó,2,0
捽,手,zuó,2,0
捾,手,wò,4,0
捿,手,qī,1,0
掀,手,xiān,1,66
掁,手,chéng,2,0
掂,手,diān,1,0
掃,手,sǎo,3,134
掄,手,lūn,1,11
掅,手,qìng,4,0
掆,手,gāng,1,0
掇,手,duō,1,0
授,手,shòu,4,122
掉,手,diào,4,471
掊,手,póu,2,0
掋,手,dǐ,3,0
掌,手,zhǎng,3,293
掍,手,hùn,4,0
掎,手,jǐ,3,0
掏,手,tāo,1,106
掐,手,qiā,1,13
掑,手,qí,2,0
排,手,pái,2,402
掓,手,shū,1,0
掔,手,qiān,1,0
掕,手,líng,2,0
掖,手,yē,1,0
掗,手,yà,4,0
掘,手,jué,2,11
掙,手,zhēng,1,76
掚,手,liǎng,3,0
掛,手,guà,4,270
掜,手,yì,4,0
掝,手,huò,4,0
掞,手,yàn,4,0
掟,手,zhěng,3,0
掠,手,lüè,4,62
採,手,cǎi,3,0
探,手,tàn,4,162
掣,手,chè,4,0
掤,手,bīng,1,0
接,手,jiē,1,1295
掦,手,tì,4,0
控,手,kòng,4,191
推,手,tuī,1,531
掩,手,yǎn,3,84
措,手,cuò,4,101
掫,手,zhōu,1,0
掬,手,jū,1,0
掭,手,tiàn,4,0
掮,手,qián,2,0
掯,手,kèn,4,0
掰,手,bāi,1,12
掱,手,pá,2,0
掲,手,jiē,1,0
掳,手,lǔ,3,0
掴,手,guāi,1,0
掵,手,ming,1,0
掶,手,jié,2,0
掷,手,zhì,4,14
掸,手,dǎn,3,0
掹,手,meng,1,0
掺,手,chān,1,0
掻,手,sāo,1,0
掼,手,guàn,4,0
掽,手,pèng,4,0
掾,手,yuàn,4,0
掿,手,nuò,4,0
揀,手,jiǎn,3,84
揁,手,zhēng,1,0
揂,手,jiū,1,0
揃,手,jiǎn,3,0
揄,手,yú,2,0
揅,手,yán,2,0
揆,手,kuí,2,0
揇,手,nǎn,3,0
揈,手,hōng,1,0
揉,手,róu,2,44
揊,手,pì,4,0
揋,手,wēi,1,0
揌,手,sāi,1,0
揍,手,zòu,4,25
揎,手,xuān,1,0
描,手,miáo,2,56
提,手,tí,2,1557
揑,手,niē,1,0
插,手,chā,1,170
揓,手,shì,4,0
揔,手,zǒng,3,0
揕,手,zhèn,4,0
揖,手,yī,1,0
揗,手,xún,2,0
揘,手,yóng,2,0
揙,手,biān,1,0
揚,手,yáng,2,179
換,手,huàn,4,351
揜,手,yǎn,3,0
揝,手,zǎn,3,0
揞,手,ǎn,3,0
揟,手,xū,1,0
揠,手,yà,4,0
握,手,wò,4,337
揢,手,ké,2,0
揣,手,chuāi,1,12
揤,手,jí,2,0
揥,手,tì,4,0
揦,手,lá,2,0
揧,手,là,4,0
揨,手,chén,2,0
揩,手,kāi,1,12
揪,手,jiū,1,37
揫,手,jiū,1,0
揬,手,tú,2,0
揭,手,jiē,1,118
揮,手,huī,1,365
揯,手,gèn,4,0
揰,手,chòng,4,0
揱,手,xiāo,1,0
揲,手,dié,2,0
揳,手,xiē,1,0
援,手,yuán,2,137
揵,手,qián,2,0
揶,手,yé,2,0
揷,手,chā,1,0
揸,手,zhā,1,0
揹,手,bēi,1,0
揺,手,yáo,2,0
揻,手,wēi,1,0
揼,手,beng,1,0
揽,手,lǎn,3,0
揾,手,wèn,4,0
揿,手,qìn,4,0
搀,手,chān,1,27
搁,手,gē,1,60
搂,手,lǒu,3,25
搃,手,zǒng,3,0
搄,手,gèn,4,0
搅,手,jiǎo,3,41
搆,手,gòu,4,0
搇,手,qìn,4,0
搈,手,róng,2,0
搉,手,què,4,0
搊,手,chōu,1,0
搋,手,chuāi,1,0
搌,手,zhǎn,3,0
損,手,sǔn,3,128
搎,手,sūn,1,0
搏,手,bó,2,26
搐,手,chù,4,0
搑,手,róng,2,0
搒,手,bàng,4,0
搓,手,cuō,1,23
搔,手,sāo,1,14
搕,手,kē,1,0
搖,手,yáo,2,387
搗,手,dǎo,3,23
搘,手,zhī,1,0
搙,手,nù,4,0
搚,手,lā,1,0
搛,手,jiān,1,0
搜,手,sōu,1,61
搝,手,qiǔ,3,0
搞,手,gǎo,3,434
搟,手,xiǎn,3,0
搠,手,shuò,4,0
搡,手,sǎng,3,0
搢,手,jìn,4,0
搣,手,miè,4,0
搤,手,è,4,0
搥,手,chuí,2,0
搦,手,nuò,4,0
搧,手,shān,1,0
搨,手,tà,4,0
搩,手,zhǎ,3,0
搪,手,táng,2,14
搫,手,pán,2,0
搬,手,bān,1,142
搭,手,dā,1,85
搮,手,lì,4,0
搯,手,tāo,1,0
搰,手,hú,2,0
搱,手,zhì,4,0
搲,手,wā,1,0
搳,手,huá,2,0
搴,手,qiān,1,0
搵,手,wèn,4,0
搶,手,qiǎng,3,131
搷,手,tián,2,0
搹,手,è,4,0
携,手,xié,2,18
搻,手,nuò,4,0
搼,手,quán,2,0
搽,手,chá,2,0
搾,手,zhà,4,0
搿,手,gé,2,0
摀,手,wǔ,3,0
摁,手,èn,4,0
摂,手,shè,4,0
摃,手,káng,2,0
摄,手,shè,4,128
摅,手,shū,1,0
摆,手,bǎi,3,275
摇,手,yáo,2,387
摈,手,bìn,4,0
摊,手,tān,1,72
摋,手,sà,4,0
摌,手,chǎn,3,0
摍,手,suō,1,0
摎,手,jiū,1,0
摏,手,chōng,1,0
摐,手,chuāng,1,0
摑,手,guāi,1,0
摒,手,bìng,4,0
摓,手,féng,2,0
摔,手,shuāi,1,128
摕,手,dì,4,0
摖,手,qì,4,0
摗,手,sōu,1,0
摘,手,zhāi,1,79
摙,手,liǎn,3,0
摚,手,chēng,1,0
摛,手,chī,1,0
摜,手,guàn,4,0
摝,手,lù,4,0
摞,手,luò,4,0
摟,手,lǒu,3,25
摠,手,zǒng,3,0
摡,手,gài,4,0
摢,手,hù,4,0
摣,手,zhā,1,0
摤,手,chuǎng,3,0
摥,手,tàng,4,0
摦,手,huà,4,0
摧,手,cuī,1,58
摨,手,nái,2,0
摩,手,mó,2,18
摪,手,jiāng,1,0
摫,手,guī,1,0
摬,手,yǐng,3,0
摭,手,zhí,2,0
摮,手,áo,2,0
摯,手,zhì,4,0
摰,手,niè,4,0
摱,手,màn,4,0
摲,手,chàn,4,0
摳,手,kōu,1,0
摴,手,chū,1,0
摵,手,shè,4,0
摶,手,tuán,2,0
摷,手,jiǎo,3,0
摸,手,mō,1,284
摹,手,mó,2,0
摺,手,zhé,2,0
摻,手,càn,4,0
摼,手,kēng,1,0
摽,手,biào,4,0
摾,手,jiàng,4,0
摿,手,yáo,2,0
撀,手,gòu,4,0
撁,手,qiān,1,0
撂,手,liào,4,12
撃,手,jī,1,0
撄,手,yīng,1,0
撅,手,juē,1,16
撆,手,piē,1,0
撇,手,piē,1,0
撈,手,lāo,1,68
撉,手,dūn,1,0
撊,手,xiàn,4,0
撋,手,ruán,2,0
撌,手,guì,4,0
撍,手,zǎn,3,0
撎,手,yì,4,0
撏,手,xián,2,0
撐,手,chēng,1,42
撑,手,chēng,1,42
撒,手,sā,1,68
撓,手,náo,2,0
撔,手,hòng,4,0
撕,手,sī,1,58
撖,手,hàn,4,0
撗,手,guàng,4,0
撘,手,dā,1,0
撙,手,zǔn,3,0
撚,手,niǎn,3,0
撛,手,lǐn,3,0
撜,手,zhěng,3,0
撝,手,huī,1,0
撞,手,zhuàng,4,97
撟,手,jiǎo,3,0
撠,手,jǐ,3,0
撡,手,cāo,1,0
撢,手,dǎn,3,0
撣,手,dǎn,3,0
撤,手,chè,4,82
撥,手,bō,1,66
撦,手,chě,3,0
撧,手,juē,1,0
撨,手,fǔ,3,0
撩,手,liāo,1,15
撪,手,bèn,4,0
撫,手,fǔ,3,13
撬,手,qiào,4,0
播,手,bō,1,174
撮,手,cuō,1,0
撯,手,zhuó,2,0
撰,手,zhuàn,4,0
撱,手,wěi,3,0
撲,手,pū,1,140
撳,手,qìn,4,0
撴,手,dūn,1,0
撵,手,niǎn,3,10
撶,手,huá,2,0
撷,手,xié,2,0
撸,手,lū,1,0
撹,手,jiǎo,3,0
撺,手,cuān,1,0
撻,手,tà,4,0
撼,手,hàn,4,17
撽,手,qiào,4,0
撾,手,wō,1,0
撿,手,jiǎn,3,26
擀,手,gǎn,3,0
擁,手,yōng,1,122
擂,手,léi,2,0
擃,手,nǎng,3,0
擄,手,lǔ,3,0
擅,手,shàn,4,0
擆,手,zhuó,2,0
擇,手,zé,2,71
擈,手,pū,1,0
擉,手,chuò,4,0
擊,手,jī,1,644
擋,手,dǎng,3,83
擌,手,sè,4,0
操,手,cāo,1,133
擎,手,qíng,2,0
擏,手,qíng,2,0
擐,手,huàn,4,0
擑,手,jiē,1,0
擒,手,qín,2,0
擓,手,kuǎi,3,0
擔,手,dān,1,394
擕,手,xié,2,0
擖,手,kā,1,0
擗,手,pǐ,3,0
擘,手,bò,4,0
擙,手,ào,4,0
據,手,jù,4,805
擛,手,yè,4,0
擜,手,è,4,0
擝,手,mēng,1,0
擞,手,sǒu,3,0
擟,手,mí,2,0
擠,手,jǐ,3,172
擡,手,tái,2,0
擢,手,zhuó,2,0
擣,手,dǎo,3,0
擤,手,xǐng,3,0
擥,手,lǎn,3,0
擦,手,cā,1,194
擧,手,jǔ,3,0
擨,手,yé,2,0
擩,手,rǔ,3,0
擪,手,yè,4,0
擫,手,yè,4,0
擬,手,nǐ,3,22
擭,手,wò,4,0
擮,手,jié,2,0
擯,手,bìn,4,0
擰,手,níng,2,41
擱,手,gē,1,60
擲,手,zhì,4,14
擳,手,zhì,4,0
擴,手,kuò,4,159
擵,手,mó,2,0
擶,手,jiàn,4,0
擷,手,xié,2,0
擸,手,liè,4,0
擹,手,tān,1,0
擺,手,bǎi,3,275
擻,手,sǒu,3,0
擼,手,lǔ,3,0
擽,手,lüè,4,0
擾,手,rǎo,3,32
擿,手,tī,1,0
攀,手,pān,1,53
攁,手,yǎng,3,0
攂,手,lèi,4,0
攃,手,cā,1,0
攄,手,shū,1,0
攅,手,zǎn,3,0
攆,手,niǎn,3,10
攇,手,xiǎn,3,0
攈,手,jùn,4,0
攉,手,huō,1,0
攊,手,lì,4,0
攋,手,là,4,0
攌,手,huǎn,3,0
攍,手,yíng,2,0
攎,手,lú,2,0
攏,手,lǒng,3,62
攐,手,qiān,1,0
攑,手,qiān,1,0
攒,手,zǎn,3,10
攓,手,qiān,1,0
攔,手,lán,2,58
攕,手,xiān,1,0
攖,手,yīng,1,0
攗,手,méi,2,0
攘,手,rǎng,3,0
攙,手,chān,1,27
攚,手,wěng,3,0
攛,手,cuān,1,0
攜,手,xié,2,18
攝,手,shè,4,128
攞,手,luó,2,0
攟,手,jùn,4,0
攠,手,mí,2,0
攡,手,chī,1,0
攢,手,zǎn,3,10
攣,手,luán,2,0
攤,手,tān,1,72
攥,手,zuàn,4,11
攦,手,lì,4,0
攧,手,diān,1,0
攨,手,wā,1,0
攩,手,dǎng,3,0
攪,手,jiǎo,3,41
攫,手,jué,2,0
攬,手,lǎn,3,0
攭,手,lì,4,0
攮,手,nǎng,3,0
支,支,zhī,1,641
攰,支,guì,4,0
攱,支,guǐ,3,0
攲,支,qī,1,0
攳,支,xún,2,0
攴,攴,pū,1,0
攵,攴,pū,1,0
收,攴,shōu,1,768
攷,攴,kǎo,3,0
攸,攴,yōu,1,0
改,攴,gǎi,3,1090
攺,攴,yǐ,3,0
攻,攴,gōng,1,313
攼,攴,gān,1,0
攽,攴,bān,1,0
放,攴,fàng,4,2045
政,攴,zhèng,4,1844
敀,攴,pò,4,0
敁,攴,diān,1,0
敂,攴,kòu,4,0
敃,攴,mǐn,3,0
敄,攴,wù,4,0
故,攴,gù,4,416
敆,攴,hé,2,0
敇,攴,cè,4,0
效,攴,xiào,4,283
敉,攴,mǐ,3,0
敊,攴,chù,4,0
敋,攴,gé,2,0
敌,攴,dí,2,1320
敍,攴,xù,4,0
敎,攴,jiào,4,0
敏,攴,mǐn,3,60
敐,攴,chén,2,0
救,攴,jiù,4,216
敒,攴,shēn,1,0
敓,攴,duó,2,0
敔,攴,yǔ,3,0
敕,攴,chì,4,0
敖,攴,áo,2,0
敗,攴,bài,4,218
敘,攴,xù,4,18
教,攴,jiào,4,1481
敚,攴,duó,2,0
敛,攴,liǎn,3,0
敜,攴,niè,4,0
敝,攴,bì,4,0
敞,攴,chǎng,3,19
敟,攴,diǎn,3,0
敠,攴,duō,1,0
敡,攴,yì,4,0
敢,攴,gǎn,3,483
散,攴,sàn,4,249
敤,攴,kě,3,0
敥,攴,yàn,4,0
敦,攴,dūn,1,0
敧,攴,jī,1,0
敨,攴,tǒu,3,0
敩,攴,xiào,4,0
敪,攴,duō,1,0
敫,攴,jiǎo,3,0
敬,攴,jìng,4,96
敭,攴,yáng,2,0
敮,攴,xiá,2,0
敯,攴,mǐn,3,0
数,攴,shù,4,1184
敱,攴,ái,2,0
敲,攴,qiāo,1,111
敳,攴,ái,2,0
整,攴,zhěng,3,896
敵,攴,dí,2,1320
敶,攴,zhèn,4,0
敷,攴,fū,1,21
數,攴,shù,4,1184
敹,攴,liáo,2,0
敺,攴,qū,1,0
敻,攴,xiòng,4,0
敼,攴,yǐ,3,0
敽,攴,jiǎo,3,0
敾,攴,shàn,4,0
敿,攴,jiǎo,3,0
斀,攴,zhuó,2,0
斁,攴,yì,4,0
斂,攴,liǎn,3,0
斃,攴,bì,4,17
斄,攴,lí,2,0
斅,攴,xiào,4,0
斆,攴,xiào,4,0
文,文,wén,2,1890
斈,文,xué,2,0
斉,文,qí,2,0
斊,文,qí,2,0
斋,文,zhāi,1,0
斌,文,bīn,1,0
斍,文,jué,2,0
斎,文,zhāi,1,0
斏,文,láng,2,0
斐,文,fěi,3,0
斑,文,bān,1,0
斒,文,bān,1,0
斓,文,lán,2,0
斔,文,yǔ,3,0
斕,文,lán,2,0
斖,文,wěi,3,0
斗,斗,dòu,4,1360
斘,斗,shēng,1,0
料,斗,liào,4,980
斛,斗,hú,2,0
斜,斗,xié,2,96
斝,斗,jiǎ,3,0
斞,斗,yǔ,3,0
斟,斗,zhēn,1,0
斠,斗,jiào,4,0
斡,斗,wò,4,0
斢,斗,tiǎo,3,0
斣,斗,dòu,4,0
斤,斤,jīn,1,317
斥,斤,chì,4,35
斦,斤,yín,2,0
斧,斤,fǔ,3,43
斨,斤,qiāng,1,0
斩,斤,zhǎn,3,0
斪,斤,qú,2,0
斫,斤,zhuó,2,0
斬,斤,zhǎn,3,0
断,斤,duàn,4,681
斮,斤,cuò,4,0
斯,斤,sī,1,77
新,斤,xīn,1,1919
斱,斤,zhuó,2,0
斲,斤,zhuó,2,0
斳,斤,qín,2,0
斴,斤,lín,2,0
斵,斤,zhuó,2,0
斶,斤,chù,4,0
斷,斤,duàn,4,681
斸,斤,zhǔ,3,0
方,方,fāng,1,3514
斺,方,chǎn,3,0
斻,方,háng,2,0
於,方,yú,2,0
施,方,shī,1,203
斾,方,pèi,4,0
斿,方,yóu,2,0
旀,方,mèi,4,0
旁,方,páng,2,471
旂,方,qí,2,0
旃,方,zhān,1,0
旄,方,máo,2,0
旅,方,lǚ,3,139
旆,方,pèi,4,0
旇,方,pī,1,0
旈,方,liú,2,0
旉,方,fū,1,0
旊,方,fǎng,3,0
旋,方,xuán,2,107
旌,方,jīng,1,0
旍,方,jīng,1,0
旎,方,nǐ,3,0
族,方,zú,2,672
旐,方,zhào,4,0
旑,方,yǐ,3,0
旒,方,liú,2,0
旓,方,shāo,1,0
旔,方,jiàn,4,0
旕,方,yú,2,0
旖,方,yǐ,3,0
旗,方,qí,2,215
旘,方,zhì,4,0
旙,方,fān,1,0
旚,方,piāo,1,0
旛,方,fān,1,0
旜,方,zhān,1,0
旝,方,kuài,4,0
旞,方,suì,4,0
旟,方,yú,2,0
无,无,wú,2,1997
旡,无,jì,4,0
既,无,jì,4,308
旣,无,jì,4,0
旤,无,huò,4,0
日,日,rì,4,1276
旦,日,dàn,4,36
旧,日,jiù,4,479
旨,日,zhǐ,3,0
早,日,zǎo,3,1022
旪,日,xié,2,0
旫,日,tiāo,1,0
旬,日,xún,2,25
旭,日,xù,4,0
旮,日,gā,1,0
旯,日,lá,2,0
旰,日,gàn,4,0
旱,日,hàn,4,59
旲,日,tái,2,0
旳,日,dì,4,0
旴,日,xū,1,0
旵,日,chǎn,3,0
时,日,shí,2,6805
旷,日,kuàng,4,14
旸,日,yáng,2,0
旹,日,shí,2,0
旺,日,wàng,4,27
旻,日,mín,2,0
旼,日,mín,2,0
旽,日,tūn,1,0
旾,日,chūn,1,0
旿,日,wǔ,3,0
昀,日,yún,2,0
昁,日,bèi,4,0
昂,日,áng,2,44
昃,日,zè,4,0
昄,日,bǎn,3,0
昅,日,jié,2,0
昆,日,kūn,1,72
昇,日,shēng,1,0
昈,日,hù,4,0
昉,日,fǎng,3,0
昊,日,hào,4,0
昋,日,guì,4,0
昌,日,chāng,1,0
昍,日,xuān,1,0
明,日,míng,2,1983
昏,日,hūn,1,127
昐,日,fēn,1,0
昑,日,qǐn,3,0
昒,日,hū,1,0
易,日,yì,4,530
昔,日,xī,1,0
昕,日,xīn,1,0
昖,日,yán,2,0
昗,日,zè,4,0
昘,日,fǎng,3,0
昙,日,tán,2,0
昚,日,shèn,4,0
昛,日,jù,4,0
昜,日,yáng,2,0
昝,日,zǎn,3,0
昞,日,bǐng,3,0
星,日,xīng,1,564
映,日,yìng,4,289
昡,日,xuàn,4,0
昢,日,pò,4,0
昣,日,zhěn,3,0
昤,日,líng,2,0
春,日,chūn,1,327
昦,日,hào,4,0
昧,日,mèi,4,27
昨,日,zuó,2,204
昩,日,mò,4,0
昪,日,biàn,4,0
昫,日,xù,4,0
昬,日,hūn,1,0
昭,日,zhāo,1,0
昮,日,zòng,4,0
是,日,shì,4,28130
昰,日,shì,4,0
昱,日,yù,4,0
昲,日,fèi,4,0
昳,日,dié,2,0
昴,日,mǎo,3,0
昵,日,nì,4,0
昶,日,chǎng,3,0
昷,日,wēn,1,0
昸,日,dōng,1,0
昹,日,ǎi,3,0
昺,日,bǐng,3,0
昻,日,áng,2,0
昼,日,zhòu,4,29
昽,日,lóng,2,0
显,日,xiǎn,3,503
昿,日,kuàng,4,0
晀,日,tiǎo,3,0
晁,日,cháo,2,0
時,日,shí,2,6805
晃,日,huǎng,3,64
晄,日,huǎng,3,0
晅,日,xuǎn,3,0
晆,日,kuí,2,0
晇,日,xū,1,0
晈,日,jiǎo,3,0
晉,日,jìn,4,0
晊,日,zhì,4,0
晋,日,jìn,4,0
晌,日,shǎng,3,48
晍,日,tóng,2,0
晎,日,hǒng,3,0
晏,日,yàn,4,0
晐,日,gāi,1,0
晑,日,xiǎng,3,0
晒,日,shài,4,54
晓,日,xiǎo,3,83
晔,日,yè,4,0
晕,日,yūn,1,19
晖,日,huī,1,0
晗,日,hán,2,0
晘,日,hàn,4,0
晙,日,jùn,4,0
晚,日,wǎn,3,729
晛,日,xiàn,4,0
晜,日,kūn,1,0
晝,日,zhòu,4,29
晞,日,xī,1,0
晟,日,chéng,2,0
晠,日,shèng,4,0
晡,日,bū,1,0
晢,日,zhé,2,0
晣,日,zhé,2,0
晤,日,wù,4,0
晥,日,wǎn,3,0
晦,日,huì,4,0
晧,日,hào,4,0
晨,日,chén,2,152
晩,日,wǎn,3,0
晪,日,tiǎn,3,0
晫,日,zhuó,2,0
晬,日,zuì,4,0
晭,日,zhǒu,3,0
普,日,pǔ,3,322
景,日,jǐng,3,303
晰,日,xī,1,37
晱,日,shǎn,3,0
晲,日,nǐ,3,0
晳,日,xī,1,0
晴,日,qíng,2,61
晵,日,qǐ,3,0
晶,日,jīng,1,57
晷,日,guǐ,3,0
晸,日,zhěng,3,0
晹,日,yì,4,0
智,日,zhì,4,71
晻,日,àn,4,0
晼,日,wǎn,3,0
晽,日,lín,2,0
晾,日,liàng,4,12
晿,日,chāng,1,0
暀,日,wǎng,3,0
暁,日,xiǎo,3,0
暂,日,zàn,4,96
暃,日,fēi,1,0
暄,日,xuān,1,12
暅,日,gèng,4,0
暆,日,yí,2,0
暇,日,xiá,2,0
暈,日,yūn,1,19
暉,日,huī,1,0
暊,日,xǔ,3,0
暋,日,mǐn,3,0
暌,日,kuí,2,0
暍,日,yē,1,0
暎,日,yìng,4,0
暏,日,shǔ,3,0
暐,日,wěi,3,0
暑,日,shǔ,3,13
暒,日,qíng,2,0
暓,日,mào,4,0
暔,日,nán,2,0
暕,日,jiǎn,3,0
暖,日,nuǎn,3,159
暗,日,àn,4,329
暘,日,yáng,2,0
暙,日,chūn,1,0
暚,日,yáo,2,0
暛,日,suǒ,3,0
暜,日,pǔ,3,0
暝,日,míng,2,0
暞,日,jiǎo,3,0
暟,日,kǎi,3,0
暠,日,gǎo,3,0
暡,日,wěng,3,0
暢,日,chàng,4,18
暣,日,qì,4,0
暤,日,hào,4,0
暥,日,yàn,4,0
暦,日,lì,4,0
暧,日,ài,4,0
暨,日,jì,4,0
暩,日,jì,4,0
暪,日,mèn,4,0
暫,日,zàn,4,96
暬,日,xiè,4,0
暭,日,hào,4,0
暮,日,mù,4,0
暯,日,mò,4,0
暰,日,cōng,1,0
暱,日,nì,4,0
暲,日,zhāng,1,0
暳,日,huì,4,0
暴,日,bào,4,151
暵,日,hàn,4,0
暶,日,xuán,2,0
暷,日,chuán,2,0
暸,日,liáo,2,0
暹,日,xiān,1,0
暺,日,tǎn,3,0
暻,日,jǐng,3,0
暼,日,piē,1,0
暽,日,lín,2,0
暾,日,tūn,1,0
暿,日,xī,1,0
曀,日,yì,4,0
曁,日,jì,4,0
曂,日,huàng,4,0
曃,日,dài,4,0
曄,日,yè,4,0
曅,日,yè,4,0
曆,日,lì,4,0
曇,日,tán,2,0
曈,日,tóng,2,0
曉,日,xiǎo,3,83
曊,日,fèi,4,0
曋,日,shěn,3,0
曌,日,zhào,4,0
曍,日,hào,4,0
曎,日,yì,4,0
曏,日,xiǎng,3,0
曐,日,xīng,1,0
曑,日,shēn,1,0
曒,日,jiǎo,3,0
曓,日,bào,4,0
曔,日,jìng,4,0
曕,日,yàn,4,0
曖,日,ài,4,0
曗,日,yè,4,0
曘,日,rú,2,0
曙,日,shǔ,3,0
曚,日,méng,2,0
曛,日,xūn,1,0
曜,日,yào,4,0
曝,日,pù,4,0
曞,日,lì,4,0
曟,日,chén,2,0
曠,日,kuàng,4,14
曡,日,dié,2,0
曢,日,liǎo,3,0
曣,日,yàn,4,0
曤,日,huò,4,0
曥,日,lú,2,0
曦,日,xī,1,0
曧,日,róng,2,0
曨,日,lóng,2,0
曩,日,nǎng,3,0
曪,日,luǒ,3,0
曫,日,luán,2,0
曬,日,shài,4,0
曭,日,tǎng,3,0
曮,日,yǎn,3,0
曯,日,zhú,2,0
曰,曰,yuē,1,12
曱,曰,yuē,1,0
曲,曰,qū,1,164
曳,曰,yè,4,0
更,曰,gèng,4,1432
曵,曰,yè,4,0
曶,曰,hū,1,0
曷,曰,hé,2,0
書,曰,shū,1,1446
曹,曰,cáo,2,0
曺,曰,cáo,2,0
曻,曰,shēng,1,0
曼,曰,màn,4,0
曽,日,cēng,1,0
曾,曰,céng,2,387
替,曰,tì,4,352
最,冂,zuì,4,2100
朁,曰,cǎn,3,0
朂,曰,xù,4,0
會,曰,huì,4,6875
朄,曰,yǐn,3,0
朅,曰,qiè,4,0
朆,曰,fēn,1,0
朇,曰,pí,2,0
月,月,yuè,4,1705
有,月,yǒu,3,17798
朊,月,ruǎn,3,0
朋,月,péng,2,514
朌,月,fén,2,0
服,月,fú,2,951
朎,月,líng,2,0
朏,月,fěi,3,0
朐,月,qú,2,0
朑,肉,tì,4,0
朒,月,nǜ,4,0
朓,月,tiǎo,3,0
朔,月,shuò,4,0
朕,月,zhèn,4,0
朖,月,lǎng,3,0
朗,月,lǎng,3,56
朘,月,zuī,1,0
朙,月,míng,2,0
朚,月,huāng,1,0
望,月,wàng,4,1179
朜,月,tūn,1,0
朝,月,cháo,2,306
朞,月,jī,1,0
期,月,qī,1,1012
朠,月,yīng,1,0
朡,肉,zōng,1,0
朢,月,wàng,4,0
朣,月,tóng,2,0
朤,月,lǎng,3,0
朥,肉,láo,2,0
朦,月,méng,2,32
朧,月,lóng,2,32
木,木,mù,4,415
未,木,wèi,4,328
末,木,mò,4,51
本,木,běn,3,2326
札,木,zhá,2,0
朮,木,shù,4,1056
术,木,shù,4,1056
朰,木,mù,4,0
朱,木,zhū,1,0
朲,木,rén,2,0
朳,木,bā,1,0
朴,木,pǔ,3,63
朵,木,duǒ,3,242
朶,木,duǒ,3,0
朷,木,dāo,1,0
朸,木,lì,4,0
朹,木,guǐ,3,0
机,木,jī,1,2563
朻,木,jiū,1,0
朼,木,bǐ,3,0
朽,木,xiǔ,3,42
朾,木,chéng,2,0
朿,木,cì,4,0
杀,木,shā,1,275
杁,木,rù,4,0
杂,木,zá,2,356
权,木,quán,2,483
杄,木,qiān,1,0
杅,木,yú,2,0
杆,木,gān,1,136
杇,木,wū,1,0
杈,木,chā,1,0
杉,木,shān,1,17
杊,木,xún,2,0
杋,木,fán,2,0
杌,木,wù,4,0
杍,木,zǐ,3,0
李,木,lǐ,3,36
杏,木,xìng,4,0
材,木,cái,2,525
村,木,cūn,1,806
杒,木,rèn,4,0
杓,木,biāo,1,0
杔,木,tuō,1,0
杕,木,dì,4,0
杖,木,zhàng,4,0
杗,木,máng,2,0
杘,木,chì,4,0
杙,木,yì,4,0
杚,木,gài,4,0
杛,木,gōng,1,0
杜,木,dù,4,16
杝,木,lí,2,0
杞,木,qǐ,3,0
束,木,shù,4,231
杠,木,gàng,4,0
条,木,tiáo,2,1643
杢,木,jié,2,0
杣,木,mián,2,0
杤,木,wàn,4,0
来,木,lái,2,14549
杦,木,jiǔ,3,0
杧,木,máng,2,0
杨,木,yáng,2,77
杩,木,mà,4,0
杪,木,miǎo,3,0
杫,木,sì,4,0
杬,木,yuán,2,0
杭,木,háng,2,0
杮,木,fèi,4,0
杯,木,bēi,1,122
杰,木,jié,2,25
東,木,dōng,1,1601
杲,木,gǎo,3,0
杳,木,yǎo,3,0
杴,木,xiān,1,0
杵,木,chǔ,3,0
杶,木,chūn,1,0
杷,木,pá,2,0
杸,木,shū,1,0
杹,木,huà,4,0
杺,木,xīn,1,0
杻,木,chǒu,3,0
杼,木,zhù,4,0
杽,木,chǒu,3,0
松,木,sōng,1,184
板,木,bǎn,3,430
枀,木,sōng,1,0
极,木,jí,2,911
枂,木,wò,4,0
枃,木,jìn,4,0
构,木,gòu,4,317
枅,木,jī,1,0
枆,木,máo,2,0
枇,木,pí,2,0
枈,木,bì,4,0
枉,木,wǎng,3,26
枊,木,àng,4,0
枋,木,fāng,1,0
枌,木,fén,2,0
枍,木,yì,4,0
枎,木,fú,2,0
枏,木,nán,2,0
析,木,xī,1,140
枑,木,hù,4,0
枒,木,yā,1,0
枓,木,dǒu,3,0
枔,木,xín,2,0
枕,木,zhěn,3,34
枖,木,yāo,1,0
林,木,lín,2,341
枘,木,ruì,4,0
枙,木,ě,3,0
枚,木,méi,2,15
枛,木,zhào,4,0
果,木,guǒ,3,1655
枝,木,zhī,1,246
枞,木,cōng,1,0
枟,木,yùn,4,0
枠,木,huà,4,0
枡,木,shēng,1,0
枢,木,shū,1,15
枣,木,zǎo,3,20
枤,木,dì,4,0
枥,木,lì,4,0
枦,木,lú,2,0
枧,木,jiǎn,3,0
枨,木,chéng,2,0
枩,木,sōng,1,0
枪,木,qiāng,1,386
枫,木,fēng,1,0
枬,木,zhān,1,0
枭,木,xiāo,1,0
枮,木,xiān,1,0
枯,木,kū,1,34
枰,木,píng,2,0
枱,木,tái,2,0
枲,木,xǐ,3,0
枳,木,zhǐ,3,0
枴,木,guǎi,3,0
枵,木,xiāo,1,0
架,木,jià,4,317
枷,木,jiā,1,0
枸,木,gǒu,3,0
枹,木,bāo,1,0
枺,木,mò,4,0
枻,木,yì,4,0
枼,木,yè,4,0
枽,木,yè,4,0
枾,木,shì,4,0
枿,木,niè,4,0
柀,木,bǐ,3,0
柁,木,tuó,2,0
柂,木,yí,2,0
柃,木,líng,2,0
柄,木,bǐng,3,29
柅,木,nǐ,3,0
柆,木,lā,1,0
柇,木,hé,2,0
柈,木,bàn,4,0
柉,木,fán,2,0
柊,木,zhōng,1,0
柋,木,dài,4,0
柌,木,cí,2,0
柍,木,yǎng,3,0
柎,木,fū,1,0
柏,木,bǎi,3,19
某,木,mǒu,3,294
柑,木,gān,1,0
柒,木,qī,1,0
染,木,rǎn,3,218
柔,木,róu,2,56
柕,木,mào,4,0
柖,木,sháo,2,0
柗,木,sōng,1,0
柘,木,zhè,4,0
柙,木,xiá,2,0
柚,木,yòu,4,0
柛,木,shēn,1,0
柜,木,guì,4,102
柝,木,tuò,4,0
柞,木,zhà,4,0
柟,木,nán,2,0
柠,木,níng,2,0
柡,木,yǒng,3,0
柢,木,dǐ,3,0
柣,木,zhì,4,0
柤,木,zhā,1,0
查,木,chá,2,470
柦,木,dàn,4,0
柧,木,gū,1,0
柨,木,bù,4,0
柩,木,jiù,4,0
柪,木,āo,1,0
柫,木,fú,2,0
柬,木,jiǎn,3,0
柭,木,bā,1,0
柮,木,duò,4,0
柯,木,kē,1,0
柰,木,nài,4,0
柱,木,zhù,4,68
柲,木,bì,4,0
柳,木,liǔ,3,49
柴,木,chái,2,156
柵,木,shān,1,0
柶,木,sì,4,0
柷,木,zhù,4,0
柸,木,pēi,1,0
柹,木,shì,4,0
柺,木,guǎi,3,0
査,木,zhā,1,0
柼,木,yǎo,3,0
柽,木,chēng,1,0
柾,木,jiù,4,0
柿,木,shì,4,0
栀,木,zhī,1,0
栁,木,liǔ,3,0
栂,木,méi,2,0
栃,木,lì,4,0
栄,木,róng,2,0
栅,木,zhà,4,0
栆,木,zǎo,3,0
标,木,biāo,1,343
栈,木,zhàn,4,0
栉,木,zhì,4,0
栊,木,lóng,2,0
栋,木,dòng,4,0
栌,木,lú,2,0
栍,木,shēng,1,0
栎,木,lì,4,0
栏,木,lán,2,44
栐,木,yǒng,3,0
树,木,shù,4,856
栒,木,xún,2,0
栓,木,shuān,1,0
栔,木,qì,4,0
栕,木,zhēn,1,0
栖,木,qī,1,0
栗,木,lì,4,0
栘,木,yí,2,0
栙,木,xiáng,2,0
栚,木,zhèn,4,0
栛,木,lì,4,0
栜,木,sè,4,0
栝,木,guā,1,0
栞,木,kān,1,0
栟,木,bēn,1,0
栠,木,rěn,3,0
校,木,xiào,4,428
栢,木,bǎi,3,0
栣,木,rěn,3,0
栤,木,bìng,4,0
栥,木,zī,1,0
栦,木,chóu,2,0
栧,木,yì,4,0
栨,木,cì,4,0
栩,木,xǔ,3,0
株,木,zhū,1,68
栫,木,jiàn,4,0
栬,木,zuì,4,0
栭,木,ér,2,0
栮,木,ěr,3,0
栯,木,yǒu,3,0
栰,木,fá,2,0
栱,木,gǒng,3,0
栲,木,kǎo,3,0
栳,木,lǎo,3,0
栴,木,zhān,1,0
栵,木,liè,4,0
栶,木,yīn,1,0
样,木,yàng,4,4642
核,木,hé,2,68
根,木,gēn,1,1232
栺,木,yì,4,0
栻,木,shì,4,0
格,木,gé,2,317
栽,木,zāi,1,54
栾,木,luán,2,0
栿,木,fú,2,0
桀,木,jié,2,0
桁,木,héng,2,0
桂,木,guì,4,0
桃,木,táo,2,59
桄,木,guāng,1,0
桅,木,wéi,2,14
框,木,kuàng,4,35
桇,木,rú,2,0
案,木,àn,4,255
桉,木,ān,1,0
桊,木,juàn,4,0
桋,木,yí,2,0
桌,木,zhuō,1,286
桍,木,kū,1,0
桎,木,zhì,4,0
桏,木,qióng,2,0
桐,木,tóng,2,0
桑,木,sāng,1,13
桒,木,sāng,1,0
桓,木,huán,2,0
桔,木,jié,2,11
桕,木,jiù,4,0
桖,木,xuè,4,0
桗,木,duò,4,0
桘,木,zhuì,4,0
桙,木,yú,2,0
桚,木,zǎn,3,0
桛,木,,0,0
桜,木,yīng,1,0
桝,木,jié,2,0
桞,木,liǔ,3,0
桟,木,zhàn,4,0
桠,木,yā,1,0
桡,木,ráo,2,0
桢,木,zhēn,1,0
档,木,dàng,4,23
桤,木,qī,1,0
桥,木,qiáo,2,547
桦,木,huà,4,12
桧,木,guì,4,0
桨,木,jiǎng,3,16
桩,木,zhuāng,1,50
桪,木,xún,2,0
桫,木,suō,1,0
桬,木,shā,1,0
桭,木,zhēn,1,0
桮,木,bēi,1,0
桯,木,tīng,1,0
桰,木,kuò,4,0
桱,木,jìng,4,0
桲,木,po,1,0
桳,木,bèn,4,0
桴,木,fú,2,0
桵,木,ruí,2,0
桶,木,tǒng,3,72
桷,木,jué,2,0
桸,木,xī,1,0
桹,木,láng,2,0
桺,木,liǔ,3,0
桻,木,fēng,1,0
桼,木,qī,1,0
桽,木,wěn,3,0
桾,木,jūn,1,0
桿,木,gǎn,3,0
梀,木,sù,4,0
梁,木,liáng,2,168
梂,木,qiú,2,0
梃,木,tǐng,3,0
梄,木,yǒu,3,0
梅,木,méi,2,53
梆,木,bāng,1,10
梇,木,lòng,4,0
梈,木,pēng,1,0
梉,木,zhuāng,1,0
梊,木,dì,4,0
梋,木,xuān,1,0
梌,木,tú,2,0
梍,木,zào,4,0
梎,木,āo,1,0
梏,木,gù,4,0
梐,木,bì,4,0
梑,木,dí,2,0
梒,木,hán,2,0
梓,木,zǐ,3,0
梔,木,zhī,1,0
梕,木,rèn,4,0
梖,木,bèi,4,0
梗,木,gěng,3,18
梘,木,jiǎn,3,0
梙,木,huàn,4,0
梚,木,wǎn,3,0
梛,木,nuó,2,0
梜,木,jiā,1,0
條,木,tiáo,2,1643
梞,木,jì,4,0
梟,木,xiāo,1,0
梠,木,lǚ,3,0
梡,木,hún,2,0
梢,木,shāo,1,31
梣,木,chén,2,0
梤,木,fén,2,0
梥,木,sōng,1,0
梦,木,mèng,4,129
梧,木,wú,2,0
梨,木,lí,2,14
梩,木,lí,2,0
梪,木,dòu,4,0
梫,木,qǐn,3,0
梬,木,yǐng,3,0
梭,木,suō,1,0
梮,木,jū,1,0
梯,木,tī,1,40
械,木,xiè,4,174
梱,木,kǔn,3,0
梲,木,zhuó,2,0
梳,木,shū,1,30
梴,木,chān,1,0
梵,木,fàn,4,0
梶,木,wěi,3,0
梷,木,jìng,4,0
梸,木,lí,2,0
梹,木,bīn,1,0
梺,木,xià,4,0
梻,木,fó,2,0
梼,木,táo,2,0
梽,木,zhì,4,0
梾,木,lái,2,0
梿,木,lián,2,0
检,木,jiǎn,3,337
棁,木,zhuō,1,0
棂,木,líng,2,0
棃,木,lí,2,0
棄,木,qì,4,51
棅,木,bǐng,3,0
棆,木,lún,2,0
棇,木,cōng,1,0
棈,木,qiàn,4,0
棉,木,mián,2,392
棊,木,qí,2,0
棋,木,qí,2,21
棌,木,cài,4,0
棍,木,gùn,4,74
棎,木,chán,2,0
棏,木,dé,2,0
棐,木,fěi,3,0
棑,木,pái,2,0
棒,木,bàng,4,97
棓,木,bèi,4,0
棔,木,hūn,1,0
棕,木,zōng,1,0
棖,木,chéng,2,0
棗,木,zǎo,3,20
棘,木,jí,2,0
棙,木,lì,4,0
棚,木,péng,2,76
棛,木,yù,4,0
棜,木,yù,4,0
棝,木,gù,4,0
棞,木,jùn,4,0
棟,木,dòng,4,0
棠,木,táng,2,0
棡,木,gāng,1,0
棢,木,wǎng,3,0
棣,木,dì,4,0
棤,木,cuò,4,0
棥,木,fán,2,0
棦,木,chēng,1,0
棧,木,zhàn,4,0
棨,木,qǐ,3,0
棩,木,yuān,1,0
棪,木,yǎn,3,0
棫,木,yù,4,0
棬,木,quān,1,0
棭,木,yì,4,0
森,木,sēn,1,85
棯,木,rěn,3,0
棰,木,chuí,2,0
棱,木,léng,2,0
棲,木,qī,1,0
棳,木,zhuō,1,0
棴,木,fú,2,0
棵,木,kē,1,170
棶,木,lái,2,0
棷,木,zōu,1,0
棸,木,zōu,1,0
棹,木,zhào,4,0
棺,木,guān,1,9
棻,木,fēn,1,0
棼,木,fén,2,0
棽,木,shēn,1,0
棾,木,qíng,2,0
棿,木,ní,2,0
椀,木,wǎn,3,0
椁,木,guǒ,3,0
椂,木,lù,4,0
椃,木,háo,2,0
椄,木,jiē,1,0
椅,木,yǐ,3,105
椆,木,chóu,2,0
椇,木,jǔ,3,0
椈,木,jú,2,0
椉,木,chéng,2,0
椊,木,zuó,2,0
椋,木,liáng,2,0
椌,木,qiāng,1,0
植,木,zhí,2,218
椎,木,zhuī,1,0
椏,木,yā,1,0
椐,木,jū,1,0
椑,木,bēi,1,0
椒,木,jiāo,1,12
椓,木,zhuó,2,0
椔,木,zī,1,0
椕,木,bīn,1,0
椖,木,péng,2,0
椗,木,dìng,4,0
椘,木,chǔ,3,0
椙,木,chāng,1,0
椚,木,mēn,1,0
椛,木,huā,1,0
検,木,jiǎn,3,0
椝,木,guī,1,0
椞,木,xì,4,0
椟,木,dú,2,0
椠,木,qiàn,4,0
椡,木,dào,4,0
椢,木,guì,4,0
椣,木,diǎn,3,0
椤,木,luó,2,0
椥,木,zhī,1,0
椦,木,quan,1,0
椧,木,mìng,4,0
椨,木,fǔ,3,0
椩,木,gēng,1,0
椪,木,pèng,4,0
椫,木,shàn,4,0
椬,木,yí,2,0
椭,木,tuǒ,3,11
椮,木,sēn,1,0
椯,木,duǒ,3,0
椰,木,yē,1,0
椱,木,fù,4,0
椲,木,wěi,3,0
椳,木,wēi,1,0
椴,木,duàn,4,0
椵,木,jiǎ,3,0
椶,木,zōng,1,0
椷,木,jiān,1,0
椸,木,yí,2,0
椹,木,shèn,4,0
椺,木,xí,2,0
椻,木,yàn,4,0
椼,木,yǎn,3,0
椽,木,chuán,2,0
椾,木,jiān,1,0
椿,木,chūn,1,0
楀,木,yǔ,3,0
楁,木,hé,2,0
楂,木,zhā,1,0
楃,木,wò,4,0
楄,木,pián,2,0
楅,木,bī,1,0
楆,木,yāo,1,0
楇,木,huò,4,0
楈,木,xū,1,0
楉,木,ruò,4,0
楊,木,yáng,2,77
楋,木,là,4,0
楌,木,yán,2,0
楍,木,běn,3,0
楎,木,huī,1,0
楏,木,kuí,2,0
楐,木,jiè,4,0
楑,木,kuí,2,0
楒,木,sī,1,0
楓,木,fēng,1,0
楔,木,xiē,1,0
楕,木,tuǒ,3,0
楖,木,zhì,4,0
楗,木,jiàn,4,0
楘,木,mù,4,0
楙,木,mào,4,0
楚,木,chǔ,3,279
楛,木,hù,4,0
楜,木,hú,2,0
楝,木,liàn,4,0
楞,木,léng,2,0
楟,木,tíng,2,0
楠,木,nán,2,0
楡,木,yú,2,0
楢,木,yóu,2,0
楣,木,méi,2,0
楤,木,sǒng,3,0
楥,木,xuàn,4,0
楦,木,xuàn,4,0
楧,木,yǎng,3,0
楨,木,zhēn,1,0
楩,木,pián,2,0
楪,木,dié,2,0
楫,木,jí,2,0
楬,木,jié,2,0
業,木,yè,4,2095
楮,木,chǔ,3,0
楯,木,dùn,4,0
楰,木,yú,2,0
楱,木,zòu,4,0
楲,木,wēi,1,0
楳,木,méi,2,0
楴,木,tì,4,0
極,木,jí,2,911
楶,木,jié,2,0
楷,木,kǎi,3,0
楸,木,qiū,1,0
楹,木,yíng,2,0
楺,木,rǒu,3,0
楻,木,huáng,2,0
楼,木,lóu,2,179
楽,木,lè,4,0
楾,木,quán,2,0
楿,木,xiāng,1,0
榀,木,pǐn,3,0
榁,木,shǐ,3,0
概,木,gài,4,287
榃,木,tán,2,0
榄,木,lǎn,3,0
榅,木,wēn,1,0
榆,木,yú,2,0
榇,木,chèn,4,0
榈,木,lǘ,2,0
榉,木,jǔ,3,0
榊,木,shén,2,0
榋,木,chu,1,0
榌,木,bī,1,0
榍,木,xiè,4,0
榎,木,jiǎ,3,0
榏,木,yì,4,0
榐,木,zhǎn,3,0
榑,木,fú,2,0
榒,木,nuò,4,0
榓,木,mì,4,0
榔,木,láng,2,0
榕,木,róng,2,14
榖,木,gǔ,3,0
榗,木,jiàn,4,0
榘,木,jǔ,3,0
榙,木,tā,1,0
榚,木,yǎo,3,0
榛,木,zhēn,1,0
榜,木,bǎng,3,20
榝,木,shā,1,0
榞,木,yuán,2,0
榟,木,zǐ,3,0
榠,木,míng,2,0
榡,木,sù,4,0
榢,木,jià,4,0
榣,木,yáo,2,0
榤,木,jié,2,0
榥,木,huàng,4,0
榦,木,gàn,4,0
榧,木,fěi,3,0
榨,木,zhà,4,0
榩,木,qián,2,0
榪,木,mà,4,0
榫,木,sǔn,3,0
榬,木,yuán,2,0
榭,木,xiè,4,0
榮,木,róng,2,147
榯,木,shí,2,0
榰,木,zhī,1,0
榱,木,cuī,1,0
榲,木,wēn,1,0
榳,木,tíng,2,0
榴,木,liú,2,62
榵,木,róng,2,0
榶,木,táng,2,0
榷,木,què,4,0
榸,木,zhāi,1,0
榹,木,sī,1,0
榺,木,shèng,4,0
榻,木,tà,4,0
榼,木,kē,1,0
榽,木,xī,1,0
榾,木,gǔ,3,0
榿,木,qī,1,0
槀,木,gǎo,3,0
槁,木,gǎo,3,0
槂,木,sūn,1,0
槃,木,pán,2,0
槄,木,tāo,1,0
槅,木,gé,2,0
槆,木,chūn,1,0
槇,木,diān,1,0
槈,木,nòu,4,0
槉,木,jí,2,0
槊,木,shuò,4,0
構,木,gòu,4,317
槌,木,chuí,2,0
槍,木,qiāng,1,386
槎,木,chá,2,0
槏,木,qiǎn,3,0
槐,木,huái,2,12
槑,木,méi,2,0
槒,木,xù,4,0
槓,木,gàng,4,0
槔,木,gāo,1,0
槕,木,zhuō,1,0
槖,木,tuó,2,0
槗,木,qiáo,2,0
様,木,yàng,4,0
槙,木,diān,1,0
槚,木,jiǎ,3,0
槛,木,kǎn,3,15
槜,木,zuì,4,0
槝,木,dǎo,3,0
槞,木,lóng,2,0
槟,木,bīn,1,0
槠,木,zhū,1,0
槡,木,sāng,1,0
槢,木,xí,2,0
槣,木,jī,1,0
槤,木,lián,2,0
槥,木,huì,4,0
槦,木,yōng,1,0
槧,木,qiàn,4,0
槨,木,guǒ,3,0
槩,木,gài,4,0
槪,木,gài,4,0
槫,木,tuán,2,0
槬,木,huà,4,0
槭,木,qì,4,0
槮,木,sēn,1,0
槯,木,cuī,1,0
槰,木,péng,2,0
槱,木,yǒu,3,0
槲,木,hú,2,0
槳,木,jiǎng,3,16
槴,木,hù,4,0
槵,木,huàn,4,0
槶,木,guì,4,0
槷,木,niè,4,0
槸,木,yì,4,0
槹,木,gāo,1,0
槺,木,kāng,1,0
槻,木,guī,1,0
槼,木,guī,1,0
槽,木,cáo,2,39
槾,木,màn,4,0
槿,木,jǐn,3,0
樀,木,dí,2,0
樁,木,zhuāng,1,50
樂,木,lè,4,337
樃,木,lǎng,3,0
樄,木,chén,2,0
樅,木,cōng,1,0
樆,木,lí,2,0
樇,木,xiū,1,0
樈,木,qíng,2,0
樉,木,shuǎng,3,0
樊,木,fán,2,0
樋,木,tōng,1,0
樌,木,guàn,4,0
樍,木,zé,2,0
樎,木,sù,4,0
樏,木,lěi,3,0
樐,木,lǔ,3,0
樑,木,liáng,2,0
樒,木,mì,4,0
樓,木,lóu,2,179
樔,木,cháo,2,0
樕,木,sù,4,0
樖,木,kē,1,0
樗,木,chū,1,0
樘,木,táng,2,0
標,木,biāo,1,343
樚,木,lù,4,0
樛,木,jiū,1,0
樜,木,zhè,4,0
樝,木,zhā,1,0
樞,木,shū,1,15
樟,木,zhāng,1,16
樠,木,mán,2,0
模,木,mó,2,362
樢,木,niǎo,3,0
樣,木,yàng,4,4642
樤,木,tiáo,2,0
樥,木,péng,2,0
樦,木,zhù,4,0
樧,木,shā,1,0
樨,木,xī,1,0
権,木,quán,2,0
横,木,héng,2,131
樫,木,jiān,1,0
樬,木,cōng,1,0
樭,木,jī,1,0
樮,木,yān,1,0
樯,木,qiáng,2,0
樰,木,xuě,3,0
樱,木,yīng,1,0
樲,木,èr,4,0
樳,木,xún,2,0
樴,木,zhí,2,0
樵,木,qiáo,2,0
樶,木,zuī,1,0
樷,木,cóng,2,0
樸,木,pǔ,3,0
樹,木,shù,4,856
樺,木,huà,4,12
樻,木,kuì,4,0
樼,木,zhēn,1,0
樽,木,zūn,1,0
樾,木,yuè,4,0
樿,木,shàn,4,0
橀,木,xī,1,0
橁,木,chūn,1,0
橂,木,diàn,4,0
橃,木,fá,2,0
橄,木,gǎn,3,0
橅,木,mó,2,0
橆,木,wǔ,3,0
橇,木,qiāo,1,0
橈,木,ráo,2,0
橉,木,lìn,4,0
橊,木,liú,2,0
橋,木,qiáo,2,547
橌,木,xiàn,4,0
橍,木,rùn,4,0
橎,木,fán,2,0
橏,木,zhǎn,3,0
橐,木,tuó,2,0
橑,木,liáo,2,0
橒,木,yún,2,0
橓,木,shùn,4,0
橔,木,dūn,1,0
橕,木,chēng,1,0
橖,木,táng,2,0
橗,木,méng,2,0
橘,木,jú,2,56
橙,木,chéng,2,0
橚,木,sù,4,0
橛,木,jué,2,0
橜,木,jué,2,0
橝,木,diàn,4,0
橞,木,huì,4,0
機,木,jī,1,2563
橠,木,nuǒ,3,0
橡,木,xiàng,4,29
橢,木,tuǒ,3,11
橣,木,nǐng,3,0
橤,木,ruǐ,3,0
橥,木,zhū,1,0
橦,木,tóng,2,0
橧,木,zēng,1,0
橨,木,fén,2,0
橩,木,qióng,2,0
橪,木,rǎn,3,0
橫,木,héng,2,131
橬,木,qián,2,0
橭,木,gū,1,0
橮,木,liǔ,3,0
橯,木,lào,4,0
橰,木,gāo,1,0
橱,木,chú,2,0
橲,木,xǐ,3,0
橳,木,shèng,4,0
橴,木,zǐ,3,0
橵,木,san,1,0
橶,木,jí,2,0
橷,木,dōu,1,0
橸,木,jīng,1,0
橹,木,lǔ,3,0
橺,木,jian,1,0
橻,木,chu,1,0
橼,木,yuán,2,0
橽,木,tà,4,0
橾,木,shū,1,0
橿,木,jiāng,1,0
檀,木,tán,2,0
檁,木,lǐn,3,0
檂,木,nóng,2,0
檃,木,yǐn,3,0
檄,木,xí,2,0
檅,木,huì,4,0
檆,木,shān,1,0
檇,木,zuì,4,0
檈,木,xuán,2,0
檉,木,chēng,1,0
檊,木,gàn,4,0
檋,木,jú,2,0
檌,木,zuì,4,0
檍,木,yì,4,0
檎,木,qín,2,0
檏,木,pǔ,3,0
檐,木,yán,2,13
檑,木,léi,2,0
檒,木,fēng,1,0
檓,木,huǐ,3,0
檔,木,dàng,4,23
檕,木,jì,4,0
檖,木,suì,4,0
檗,木,bò,4,0
檘,木,píng,2,0
檙,木,chéng,2,0
檚,木,chǔ,3,0
檛,木,zhuā,1,0
檜,木,guì,4,0
檝,木,jí,2,0
檞,木,jiě,3,0
檟,木,jiǎ,3,0
檠,木,qíng,2,0
檡,木,zhái,2,0
檢,木,jiǎn,3,337
檣,木,qiáng,2,0
檤,木,dào,4,0
檥,木,yǐ,3,0
檦,木,biǎo,3,0
檧,木,sōng,1,0
檨,木,shē,1,0
檩,木,lǐn,3,0
檪,木,lì,4,0
檫,木,chá,2,0
檬,木,méng,2,0
檭,木,yín,2,0
檮,木,táo,2,0
檯,木,tái,2,0
檰,木,mián,2,0
檱,木,qí,2,0
檲,木,tuán,2,0
檳,木,bīn,1,0
檴,木,huò,4,0
檵,木,jì,4,0
檶,木,qiān,1,0
檷,木,nǐ,3,0
檸,木,níng,2,0
檹,木,yī,1,0
檺,木,gǎo,3,0
檻,木,kǎn,3,15
檼,木,yìn,4,0
檽,木,nòu,4,0
檾,木,qǐng,3,0
檿,木,yǎn,3,0
櫀,木,qí,2,0
櫁,木,mì,4,0
櫂,木,zhào,4,0
櫃,木,guì,4,0
櫄,木,chūn,1,0
櫅,木,jī,1,0
櫆,木,kuí,2,0
櫇,木,pó,2,0
櫈,木,dèng,4,0
櫉,木,chú,2,0
櫊,木,gé,2,0
櫋,木,mián,2,0
櫌,木,yōu,1,0
櫍,木,zhì,4,0
櫎,木,huǎng,3,0
櫏,木,qiān,1,0
櫐,木,lěi,3,0
櫑,木,léi,2,0
櫒,木,sà,4,0
櫓,木,lǔ,3,0
櫔,木,lì,4,0
櫕,木,cuán,2,0
櫖,木,lǜ,4,0
櫗,木,miè,4,0
櫘,木,huì,4,0
櫙,木,ōu,1,0
櫚,木,lǘ,2,0
櫛,木,zhì,4,0
櫜,木,gāo,1,0
櫝,木,dú,2,0
櫞,木,yuán,2,0
櫟,木,lì,4,0
櫠,木,fèi,4,0
櫡,木,zhuó,2,0
櫢,木,sǒu,3,0
櫣,木,lián,2,0
櫤,木,jiàng,4,0
櫥,木,chú,2,0
櫦,木,qìng,4,0
櫧,木,zhū,1,0
櫨,木,lú,2,0
櫩,木,yán,2,0
櫪,木,lì,4,0
櫫,木,zhū,1,0
櫬,木,chèn,4,0
櫭,木,jié,2,0
櫮,木,è,4,0
櫯,木,sū,1,0
櫰,木,huái,2,0
櫱,木,niè,4,0
櫲,木,yù,4,0
櫳,木,lóng,2,0
櫴,木,lài,4,0
櫵,木,jiao,1,0
櫶,木,xiǎn,3,0
櫷,木,guī,1,0
櫸,木,jǔ,3,0
櫹,木,xiāo,1,0
櫺,木,líng,2,0
櫻,木,yīng,1,0
櫼,木,jiān,1,0
櫽,木,yǐn,3,0
櫾,木,yóu,2,0
櫿,木,yíng,2,0
欀,木,xiāng,1,0
欁,木,nóng,2,0
欂,木,bó,2,0
欃,木,chán,2,0
欄,木,lán,2,44
欅,木,jǔ,3,0
欆,木,shuāng,1,0
欇,木,shè,4,0
欈,木,wéi,2,0
欉,木,cóng,2,0
權,木,quán,2,483
欋,木,qú,2,0
欌,木,cáng,2,0
欍,木,jiù,4,0
欎,木,yù,4,0
欏,木,luó,2,0
欐,木,lì,4,0
欑,木,cuán,2,0
欒,木,luán,2,0
欓,木,dǎng,3,0
欔,木,jué,2,0
欕,木,yán,2,0
欖,木,lǎn,3,0
欗,木,lán,2,0
欘,木,zhú,2,0
欙,木,léi,2,0
欚,木,lǐ,3,0
欛,木,bà,4,0
欜,木,náng,2,0
欝,木,yù,4,0
欞,木,líng,2,0
欟,木,guang,1,0
欠,欠,qiàn,4,69
次,欠,cì,4,1715
欢,欠,huān,1,500
欣,欠,xīn,1,63
欤,欠,yú,2,0
欥,欠,yì,4,0
欦,欠,qiān,1,0
欧,欠,ōu,1,16
欨,欠,xū,1,0
欩,欠,chāo,1,0
欪,欠,chù,4,0
欫,欠,qì,4,0
欬,欠,kài,4,0
欭,欠,yì,4,0
欮,欠,jué,2,0
欯,欠,xì,4,0
欰,欠,xù,4,0
欱,欠,hē,1,0
欲,欠,yù,4,43
欳,欠,kuì,4,0
欴,欠,láng,2,0
欵,欠,kuǎn,3,0
欶,欠,shuò,4,0
欷,欠,xī,1,0
欸,欠,ǎi,3,0
欹,欠,qī,1,0
欺,欠,qī,1,59
欻,欠,xū,1,0
欼,欠,chǐ,3,0
欽,欠,qīn,1,10
款,欠,kuǎn,3,65
欿,欠,kǎn,3,0
歀,欠,kuǎn,3,0
歁,欠,kǎn,3,0
歂,欠,chuǎn,3,0
歃,欠,shà,4,0
歄,欠,guā,1,0
歅,欠,yīn,1,0
歆,欠,xīn,1,0
歇,欠,xiē,1,84
歈,欠,yú,2,0
歉,欠,qiàn,4,23
歊,欠,xiāo,1,0
歋,欠,yè,4,0
歌,欠,gē,1,355
歍,欠,wū,1,0
歎,欠,tàn,4,0
歏,欠,jìn,4,0
歐,欠,ōu,1,16
歑,欠,hū,1,0
歒,欠,tì,4,0
歓,欠,huān,1,0
歔,欠,xū,1,0
歕,欠,pēn,1,0
歖,欠,xǐ,3,0
歗,欠,xiào,4,0
歘,欠,chuā,1,0
歙,欠,shè,4,0
歚,欠,shàn,4,0
歛,欠,hān,1,0
歜,欠,chù,4,0
歝,欠,yì,4,0
歞,欠,è,4,0
歟,欠,yú,2,0
歠,欠,chuò,4,0
歡,欠,huān,1,500
止,止,zhǐ,3,380
正,止,zhèng,4,2678
此,止,cǐ,3,1111
步,止,bù,4,1113
武,止,wǔ,3,337
歧,止,qí,2,0
歨,止,bù,4,0
歩,止,bù,4,0
歪,止,wāi,1,64
歫,止,jù,4,0
歬,止,qián,2,0
歭,止,chí,2,0
歮,止,sè,4,0
歯,止,chǐ,3,0
歰,止,sè,4,0
歱,止,zhǒng,3,0
歲,止,suì,4,519
歳,止,suì,4,0
歴,止,lì,4,0
歵,止,zé,2,0
歶,止,yú,2,0
歷,止,lì,4,819
歸,止,guī,1,93
歹,歹,dǎi,3,0
歺,歹,è,4,0
死,歹,sǐ,3,931
歼,歹,jiān,1,96
歽,歹,zhé,2,0
歾,歹,mò,4,0
歿,歹,mò,4,0
殀,歹,yāo,1,0
殁,歹,mò,4,0
殂,歹,cú,2,0
殃,歹,yāng,1,0
殄,歹,tiǎn,3,0
殅,歹,shēng,1,0
殆,歹,dài,4,0
殇,歹,shāng,1,0
殈,歹,xù,4,0
殉,歹,xùn,4,0
殊,歹,shū,1,99
残,歹,cán,2,108
殌,歹,jué,2,0
殍,歹,piǎo,3,0
殎,歹,qià,4,0
殏,歹,qiú,2,0
殐,歹,sù,4,0
殑,歹,qíng,2,0
殒,歹,yǔn,3,0
殓,歹,liàn,4,0
殔,歹,yì,4,0
殕,歹,fǒu,3,0
殖,歹,zhí,2,151
殗,歹,yè,4,0
殘,歹,cán,2,108
殙,歹,hūn,1,0
殚,歹,dān,1,0
殛,歹,jí,2,0
殜,歹,dié,2,0
殝,歹,zhēn,1,0
殞,歹,yǔn,3,0
殟,歹,wēn,1,0
殠,歹,chòu,4,0
殡,歹,bìn,4,0
殢,歹,tì,4,0
殣,歹,jìn,4,0
殤,歹,shāng,1,0
殥,歹,yín,2,0
殦,歹,diāo,1,0
殧,歹,jiù,4,0
殨,歹,huì,4,0
殩,歹,cuàn,4,0
殪,歹,yì,4,0
殫,歹,dān,1,0
殬,歹,dù,4,0
殭,歹,jiāng,1,0
殮,歹,liàn,4,0
殯,歹,bìn,4,0
殰,歹,dú,2,0
殱,歹,jiān,1,0
殲,歹,jiān,1,96
殳,殳,shū,1,0
殴,殳,ōu,1,0
段,殳,duàn,4,531
殶,殳,zhù,4,0
殷,殳,yīn,1,0
殸,殳,qìng,4,0
殹,殳,yì,4,0
殺,殳,shā,1,275
殻,殳,qiào,4,0
殼,殳,ké,2,97
殽,殳,xiáo,2,0
殾,殳,xùn,4,0
殿,殳,diàn,4,40
毀,殳,huǐ,3,92
毁,殳,huǐ,3,92
毂,殳,gǔ,3,0
毃,殳,qiāo,1,0
毄,殳,jī,1,0
毅,殳,yì,4,25
毆,殳,ōu,1,0
毇,殳,huǐ,3,0
毈,殳,duàn,4,0
毉,殳,yī,1,0
毊,殳,xiāo,1,0
毋,毋,wú,2,0
毌,毋,guàn,4,0
母,毋,mǔ,3,700
毎,毋,měi,3,0
每,毋,měi,3,1245
毐,毋,ǎi,3,0
毑,毋,jiě,3,0
毒,毋,dú,2,188
毓,毋,yù,4,0
比,比,bǐ,3,1774
毕,比,bì,4,149
毖,比,bì,4,0
毗,比,pí,2,0
毘,比,pí,2,0
毙,比,bì,4,17
毚,比,chán,2,0
毛,毛,máo,2,536
毜,毛,háo,2,0
毝,毛,cǎi,3,0
毞,毛,pí,2,0
毟,毛,liě,3,0
毠,毛,jiā,1,0
毡,毛,zhān,1,20
毢,毛,sāi,1,0
毣,毛,mù,4,0
毤,毛,tuò,4,0
毥,毛,xún,2,0
毦,毛,ěr,3,0
毧,毛,róng,2,0
毨,毛,xiǎn,3,0
毩,毛,jú,2,0
毪,毛,mú,2,0
毫,毛,háo,2,225
毬,毛,qiú,2,0
毭,毛,dòu,4,0
毮,毛,shā,1,0
毯,毛,tǎn,3,29
毰,毛,péi,2,0
毱,毛,jú,2,0
毲,毛,duō,1,0
毳,毛,cuì,4,0
毴,毛,bī,1,0
毵,毛,sān,1,0
毶,毛,sān,1,0
毷,毛,mào,4,0
毸,毛,sāi,1,0
毹,毛,shū,1,0
毺,毛,shū,1,0
毻,毛,tuò,4,0
毼,毛,hé,2,0
毽,毛,jiàn,4,0
毾,毛,tà,4,0
毿,毛,sān,1,0
氀,毛,lǘ,2,0
氁,毛,mú,2,0
氂,毛,máo,2,0
氃,毛,tóng,2,0
氄,毛,rǒng,3,0
氅,毛,chǎng,3,0
氆,毛,pǔ,3,0
氇,毛,lu,1,0
氈,毛,zhān,1,20
氉,毛,sào,4,0
氊,毛,zhān,1,0
氋,毛,méng,2,0
氌,毛,lǔ,3,0
氍,毛,qú,2,0
氎,毛,dié,2,0
氏,氏,shì,4,40
氐,氏,dī,1,0
民,氏,mín,2,4675
氒,氏,jué,2,0
氓,氏,máng,2,25
气,气,qì,4,2559
氕,气,piē,1,0
氖,气,nǎi,3,0
気,气,qì,4,0
氘,气,dāo,1,0
氙,气,xiān,1,0
氚,气,chuān,1,0
氛,气,fēn,1,28
氜,气,yáng,2,0
氝,气,nèi,4,0
氟,气,fú,2,0
氠,气,shēn,1,0
氡,气,dōng,1,0
氢,气,qīng,1,13
氣,气,qì,4,2982
氤,气,yīn,1,0
氥,气,xī,1,0
氦,气,hài,4,0
氧,气,yǎng,3,129
氨,气,ān,1,22
氩,气,yà,4,0
氪,气,kè,4,0
氫,气,qīng,1,13
氬,气,yà,4,0
氭,气,dōng,1,0
氮,气,dàn,4,13
氯,气,lǜ,4,0
氰,气,qíng,2,0
氱,气,yǎng,3,0
氲,气,yūn,1,0
氳,气,yūn,1,0
水,水,shuǐ,3,2819
氵,水,shui,1,0
氶,水,zhěng,3,0
氷,水,bīng,1,0
永,水,yǒng,3,303
氹,水,dàng,4,0
氺,水,shuǐ,3,0
氻,水,lè,4,0
氼,水,nì,4,0
氽,入,tǔn,3,0
氾,水,fán,2,0
氿,水,jiǔ,3,0
汀,水,tīng,1,0
汁,水,zhī,1,9
求,水,qiú,2,818
汃,水,bīn,1,0
汄,水,zè,4,0
汅,水,miǎn,3,0
汆,水,cuān,1,0
汇,水,huì,4,73
汈,水,diāo,1,0
汉,水,hàn,4,227
汊,水,chà,4,0
汋,水,zhuó,2,0
汌,水,chuàn,4,0
汍,水,wán,2,0
汎,水,fàn,4,0
汏,水,dà,4,0
汐,水,xī,1,0
汑,水,tuō,1,0
汒,水,máng,2,0
汓,水,qiú,2,0
汔,水,qì,4,0
汕,水,shàn,4,0
汖,水,pìn,4,0
汗,水,hàn,4,47
汘,水,qiān,1,0
汙,水,wū,1,0
汚,水,wū,1,0
汛,水,xùn,4,12
汜,水,sì,4,0
汝,水,rǔ,3,0
汞,水,gǒng,3,22
江,水,jiāng,1,299
池,水,chí,2,72
污,水,wū,1,107
汢,水,tu,1,0
汣,水,jiǔ,3,0
汤,水,tāng,1,55
汥,水,zhī,1,0
汦,水,zhǐ,3,0
汧,水,qiān,1,0
汨,水,mì,4,0
汩,水,gǔ,3,0
汪,水,wāng,1,20
汫,水,jǐng,3,0
汬,水,jǐng,3,0
汭,水,ruì,4,0
汮,水,jūn,1,0
汯,水,hóng,2,0
汰,水,tài,4,9
汱,水,quǎn,3,0
汲,水,jí,2,0
汳,水,biàn,4,0
汴,水,biàn,4,0
汵,水,gàn,4,0
汶,水,wèn,4,0
汷,水,zhōng,1,0
汸,水,fāng,1,0
汹,水,xiōng,1,30
決,水,jué,2,1503
汻,水,hǔ,3,0
汼,水,niú,2,0
汽,水,qì,4,676
汾,水,fén,2,0
汿,水,xù,4,0
沀,水,xù,4,0
沁,水,qìn,4,0
沂,水,yí,2,0
沃,水,wò,4,18
沄,水,yún,2,0
沅,水,yuán,2,0
沆,水,hàng,4,0
沇,水,yǎn,3,0
沈,水,shěn,3,0
沉,水,chén,2,446
沊,水,dàn,4,0
沋,水,yóu,2,0
沌,水,dùn,4,0
沍,水,hù,4,0
沎,水,huò,4,0
沏,水,qī,1,11
沐,水,mù,4,0
沑,水,nǜ,4,0
沒,水,méi,2,5633
沓,水,dá,2,0
沔,水,miǎn,3,0
沕,水,mì,4,0
沖,水,chōng,1,461
沗,水,pāng,1,0
沘,水,bǐ,3,0
沙,水,shā,1,425
沚,水,zhǐ,3,0
沛,水,pèi,4,8
沜,水,pàn,4,0
沝,水,zhuǐ,3,0
沞,水,zā,1,0
沟,水,gōu,1,136
沠,水,liú,2,0
没,水,méi,2,5633
沢,水,zé,2,0
沣,水,fēng,1,0
沤,水,òu,4,0
沥,水,lì,4,28
沦,水,lún,2,0
沧,水,cāng,1,0
沨,水,fēng,1,0
沩,水,wéi,2,0
沪,水,hù,4,0
沫,水,mò,4,43
沬,水,mèi,4,0
沭,水,shù,4,0
沮,水,jǔ,3,0
沯,水,zá,2,0
沰,水,tuō,1,0
沱,水,tuó,2,0
沲,水,tuó,2,0
河,水,hé,2,958
沴,水,lì,4,0
沵,水,mǐ,3,0
沶,水,yí,2,0
沷,水,fā,1,0
沸,水,fèi,4,25
油,水,yóu,2,822
沺,水,tián,2,0
治,水,zhì,4,1165
沼,水,zhǎo,3,0
沽,水,gū,1,0
沾,水,zhān,1,38
沿,水,yán,2,231
泀,水,sī,1,0
況,水,kuàng,4,719
泂,水,jiǒng,3,0
泃,水,jū,1,0
泄,水,xiè,4,10
泅,水,qiú,2,0
泆,水,yì,4,0
泇,水,jiā,1,0
泈,水,zhōng,1,0
泉,水,quán,2,47
泊,水,pō,1,37
泋,水,huì,4,0
泌,水,mì,4,23
泍,水,bēn,1,0
泎,水,zé,2,0
泏,水,zhú,2,0
泐,水,lè,4,0
泑,水,yōu,1,0
泒,水,gū,1,0
泓,水,hóng,2,0
泔,水,gān,1,0
法,水,fǎ,3,2220
泖,水,mǎo,3,0
泗,水,sì,4,0
泘,水,hū,1,0
泙,水,píng,2,0
泚,水,cǐ,3,0
泛,水,fàn,4,144
泜,水,zhī,1,0
泝,水,sù,4,0
泞,水,nìng,4,0
泟,水,chēng,1,0
泠,水,líng,2,0
泡,水,pào,4,77
波,水,bō,1,114
泣,水,qì,4,14
泤,水,sì,4,0
泥,水,ní,2,308
泦,水,jú,2,0
泧,水,sà,4,0
注,水,zhù,4,446
泩,水,shēng,1,0
泪,水,lèi,4,233
泫,水,xuàn,4,0
泬,水,jué,2,0
泭,水,fú,2,0
泮,水,pàn,4,0
泯,水,mǐn,3,0
泰,水,tài,4,0
泱,水,yāng,1,0
泲,水,jǐ,3,0
泳,水,yǒng,3,17
泴,水,guàn,4,0
泵,石,bèng,4,14
泶,水,xué,2,0
泷,水,lóng,2,0
泸,水,lú,2,0
泹,水,dàn,4,0
泺,水,luò,4,0
泻,水,xiè,4,0
泼,水,pō,1,75
泽,水,zé,2,0
泾,水,jīng,1,0
泿,水,yín,2,0
洀,水,pán,2,0
洁,水,jié,2,86
洂,水,yè,4,0
洃,水,huī,1,0
洄,水,huí,2,0
洅,水,zài,4,0
洆,水,chéng,2,0
洇,水,yīn,1,0
洈,水,wéi,2,0
洉,水,hòu,4,0
洊,水,jiàn,4,0
洋,水,yáng,2,296
洌,水,liè,4,0
洍,水,sì,4,0
洎,水,jì,4,0
洏,水,ér,2,0
洐,水,xíng,2,0
洑,水,fú,2,0
洒,水,sǎ,3,54
洓,水,qì,4,0
洔,水,zhǐ,3,0
洕,水,yìn,4,0
洖,水,wú,2,0
洗,水,xǐ,3,288
洘,水,kǎo,3,0
洙,水,zhū,1,0
洚,水,jiàng,4,0
洛,水,luò,4,0
洜,水,luò,4,0
洝,水,àn,4,0
洞,水,dòng,4,237
洟,水,tì,4,0
洠,水,móu,2,0
洡,水,lèi,4,0
洢,水,yī,1,0
洣,水,mǐ,3,0
洤,水,quán,2,0
津,水,jīn,1,20
洦,水,pò,4,0
洧,水,wěi,3,0
洨,水,xiáo,2,0
洩,水,xiè,4,0
洪,水,hóng,2,46
洫,水,xù,4,0
洬,水,sù,4,0
洭,水,kuāng,1,0
洮,水,táo,2,0
洯,水,qiè,4,0
洰,水,jù,4,0
洱,水,ěr,3,0
洲,水,zhōu,1,203
洳,水,rù,4,0
洴,水,píng,2,0
洵,水,xún,2,0
洶,水,xiōng,1,30
洷,水,zhì,4,0
洸,水,guāng,1,0
洹,水,huán,2,0
洺,水,míng,2,0
活,水,huó,2,1809
洼,水,wā,1,0
洽,水,qià,4,0
派,水,pài,4,650
洿,水,wū,1,0
浀,水,qū,1,0
流,水,liú,2,1162
浂,水,yì,4,0
浃,水,jiā,1,0
浄,水,jìng,4,0
浅,水,qiǎn,3,82
浆,水,jiāng,1,17
浇,水,jiāo,1,58
浈,水,zhēn,1,0
浉,水,shī,1,0
浊,水,zhuó,2,30
测,水,cè,4,227
浌,水,fá,2,0
浍,水,huì,4,0
济,水,jì,4,1008
浏,水,liú,2,0
浐,水,chǎn,3,0
浑,水,hún,2,99
浒,水,hǔ,3,0
浓,水,nóng,2,116
浔,水,xún,2,0
浕,水,jìn,4,0
浖,水,liè,4,0
浗,水,qiú,2,0
浘,水,wěi,3,0
浙,水,zhè,4,0
浚,水,jùn,4,0
浜,水,bāng,1,0
浝,水,máng,2,0
浞,水,zhuó,2,0
浟,水,yóu,2,0
浠,水,xī,1,0
浡,水,bó,2,0
浢,水,dòu,4,0
浣,水,huàn,4,0
浤,水,hóng,2,0
浥,水,yì,4,0
浦,水,pǔ,3,0
浧,水,yǐng,3,0
浨,水,lǎn,3,0
浩,水,hào,4,11
浪,水,làng,4,259
浫,水,hǎn,3,0
浬,水,lǐ,3,0
浭,水,gēng,1,0
浮,水,fú,2,148
浯,水,wú,2,0
浰,水,liàn,4,0
浱,水,chún,2,0
浲,水,féng,2,0
浳,水,yì,4,0
浴,水,yù,4,0
浵,水,tóng,2,0
浶,水,láo,2,0
海,水,hǎi,3,914
浸,水,jìn,4,51
浹,水,jiā,1,0
浺,水,chōng,1,0
浻,水,jiǒng,3,0
浼,水,měi,3,0
浽,水,suī,1,0
浾,水,chēng,1,0
浿,水,pèi,4,0
涀,水,xiàn,4,0
涁,水,shèn,4,0
涂,水,tú,2,175
涃,水,kùn,4,0
涄,水,pīng,1,0
涅,水,niè,4,0
涆,水,hàn,4,0
涇,水,jīng,1,0
消,水,xiāo,1,708
涉,水,shè,4,57
涊,水,niǎn,3,0
涋,水,tū,1,0
涌,水,yǒng,3,168
涍,水,xiào,4,0
涎,水,xián,2,0
涏,水,tǐng,3,0
涐,水,é,2,0
涑,水,sù,4,0
涒,水,tūn,1,0
涓,水,juān,1,0
涔,水,cén,2,0
涕,水,tì,4,14
涖,水,lì,4,0
涗,水,shuì,4,0
涘,水,sì,4,0
涙,水,lèi,4,0
涚,水,shuì,4,0
涛,水,tāo,1,21
涜,水,dú,2,0
涝,水,lào,4,0
涞,水,lái,2,0
涟,水,lián,2,0
涠,水,wéi,2,0
涡,水,wō,1,43
涢,水,yún,2,0
涣,水,huàn,4,0
涤,水,dí,2,25
涥,水,hēng,1,0
润,水,rùn,4,68
涧,水,jiàn,4,0
涨,水,zhǎng,3,86
涩,水,sè,4,0
涪,水,fú,2,0
涫,水,guàn,4,0
涬,水,xìng,4,0
涮,水,shuàn,4,0
涯,水,yá,2,0
涰,水,chuò,4,0
涱,水,zhàng,4,0
液,水,yè,4,186
涳,水,kōng,1,0
涴,水,wò,4,0
涵,水,hán,2,0
涶,水,tuō,1,0
涷,水,dōng,1,0
涸,水,hé,2,0
涹,水,wō,1,0
涺,水,jū,1,0
涻,水,shè,4,0
涼,水,liáng,2,129
涽,水,hūn,1,0
涾,水,tà,4,0
涿,水,zhuō,1,0
淀,水,diàn,4,30
淁,水,qiè,4,0
淂,水,dé,2,0
淃,水,juàn,4,0
淄,水,zī,1,0
淅,水,xī,1,0
淆,水,xiáo,2,0
淇,水,qí,2,0
淈,水,gǔ,3,0
淉,水,guǒ,3,0
淊,水,yān,1,0
淋,水,lín,2,40
淌,水,tǎng,3,22
淍,水,zhōu,1,0
淎,水,pěng,3,0
淏,水,hào,4,0
淐,水,chāng,1,0
淑,水,shū,1,0
淒,水,qī,1,16
淓,水,fāng,1,0
淔,水,zhí,2,0
淕,水,lù,4,0
淖,水,nào,4,0
淗,水,jú,2,0
淘,水,táo,2,33
淙,水,cóng,2,0
淚,水,lèi,4,233
淛,水,zhè,4,0
淜,水,péng,2,0
淝,水,féi,2,0
淞,水,sōng,1,0
淟,水,tiǎn,3,0
淠,水,pì,4,0
淡,水,dàn,4,111
淢,水,yù,4,0
淣,水,ní,2,0
淤,水,yū,1,0
淥,水,lù,4,0
淦,水,gàn,4,0
淧,水,mì,4,0
淨,水,jìng,4,152
淩,水,líng,2,0
淪,水,lún,2,0
淫,水,yín,2,0
淬,水,cuì,4,0
淭,水,qú,2,0
淮,水,huái,2,0
淯,水,yù,4,0
淰,水,niǎn,3,0
深,水,shēn,1,773
淲,水,biāo,1,0
淳,水,chún,2,16
淴,水,hū,1,0
淵,水,yuān,1,0
淶,水,lái,2,0
混,水,hùn,4,207
淸,水,qīng,1,0
淹,水,yān,1,41
淺,水,qiǎn,3,82
添,水,tiān,1,103
淼,水,miǎo,3,0
淽,水,zhǐ,3,0
淾,水,yǐn,3,0
淿,水,bó,2,0
渀,水,bèn,4,0
渁,水,yuān,1,0
渂,水,wèn,4,0
渃,水,ruò,4,0
渄,水,fēi,1,0
清,水,qīng,1,819
渆,水,yuān,1,0
渇,水,kě,3,0
済,水,jì,4,0
渉,水,shè,4,0
渊,水,yuān,1,0
渋,水,sè,4,0
渌,水,lù,4,0
渍,水,zì,4,0
渎,水,dú,2,0
渏,水,yī,1,0
渐,水,jiàn,4,459
渑,水,miǎn,3,0
渒,水,pài,4,0
渓,水,xī,1,0
渔,水,yú,2,41
渕,水,yuān,1,0
渖,水,shěn,3,0
渗,水,shèn,4,34
渘,水,róu,2,0
渙,水,huàn,4,0
渚,水,zhǔ,3,0
減,水,jiǎn,3,300
渜,水,nuǎn,3,0
渝,水,yú,2,0
渞,水,qiú,2,0
渟,水,tíng,2,0
渠,水,qú,2,91
渡,水,dù,4,176
渢,水,fán,2,0
渣,水,zhā,1,33
渤,水,bó,2,0
渥,水,wò,4,0
渦,水,wō,1,43
渧,水,dì,4,0
渨,水,wēi,1,0
温,水,wēn,1,493
渪,水,rú,2,0
渫,水,xiè,4,0
測,水,cè,4,227
渭,水,wèi,4,0
渮,水,hé,2,0
港,水,gǎng,3,51
渰,水,yǎn,3,0
渱,水,hóng,2,0
渲,水,xuàn,4,0
渳,水,mǐ,3,0
渴,水,kě,3,48
渵,水,máo,2,0
渶,水,yīng,1,0
渷,水,yǎn,3,0
游,水,yóu,2,364
渹,水,hōng,1,0
渺,水,miǎo,3,16
渻,水,shěng,3,0
渼,水,měi,3,0
渽,水,zāi,1,0
渾,水,hún,2,99
渿,水,nài,4,0
湀,水,guǐ,3,0
湁,水,chì,4,0
湂,水,è,4,0
湃,水,pài,4,11
湄,水,méi,2,0
湅,水,liàn,4,0
湆,水,qì,4,0
湇,水,qì,4,0
湈,水,méi,2,0
湉,水,tián,2,0
湊,水,còu,4,69
湋,水,wéi,2,0
湌,水,cān,1,0
湍,水,tuān,1,0
湎,水,miǎn,3,0
湏,水,huì,4,0
湐,水,mò,4,0
湑,水,xū,1,0
湒,水,jí,2,0
湓,水,pén,2,0
湔,水,jiān,1,0
湕,水,jiǎn,3,0
湖,水,hú,2,248
湗,水,fèng,4,0
湘,水,xiāng,1,0
湙,水,yì,4,0
湚,水,yìn,4,0
湛,水,zhàn,4,0
湜,水,shí,2,0
湝,水,jiē,1,0
湞,水,chēng,1,0
湟,水,huáng,2,0
湠,水,tàn,4,0
湡,水,yú,2,0
湢,水,bì,4,0
湣,水,mǐn,3,0
湤,水,shī,1,0
湥,水,tū,1,0
湦,水,shēng,1,0
湧,水,yǒng,3,0
湨,水,jú,2,0
湩,水,dòng,4,0
湪,水,tuàn,4,0
湫,水,jiǎo,3,0
湬,水,jiǎo,3,0
湭,水,qiú,2,0
湮,水,yān,1,0
湯,水,tāng,1,55
湰,水,lóng,2,0
湱,水,huò,4,0
湲,水,yuán,2,0
湳,水,nǎn,3,0
湴,水,bàn,4,0
湵,水,yǒu,3,0
湶,水,quán,2,0
湷,水,zhuāng,1,0
湸,水,liàng,4,0
湹,水,chán,2,0
湺,水,xián,2,0
湻,水,chún,2,0
湼,水,niè,4,0
湽,水,zī,1,0
湾,水,wān,1,17
湿,水,shī,1,170
満,水,mǎn,3,0
溁,水,yíng,2,0
溂,水,là,4,0
溃,水,kuì,4,10
溄,水,féng,2,0
溅,水,jiàn,4,23
溆,水,xù,4,0
溇,水,lóu,2,0
溈,水,wéi,2,0
溉,水,gài,4,75
溊,水,bō,1,0
溋,水,yíng,2,0
溌,水,pō,1,0
溍,水,jìn,4,0
溎,水,yàn,4,0
溏,水,táng,2,0
源,水,yuán,2,380
溑,水,suǒ,3,0
溒,水,yuán,2,0
溓,水,lián,2,0
溔,水,yǎo,3,0
溕,水,méng,2,0
準,水,zhǔn,3,0
溗,水,chéng,2,0
溘,水,kè,4,0
溙,水,tài,4,0
溛,水,wā,1,0
溜,水,liū,1,48
溝,水,gōu,1,136
溞,水,sāo,1,0
溟,水,míng,2,0
溠,水,zhà,4,0
溡,水,shí,2,0
溢,水,yì,4,0
溣,水,lùn,4,0
溤,水,mǎ,3,0
溥,水,pǔ,3,0
溦,水,wēi,1,0
溧,水,lì,4,0
溨,水,zāi,1,0
溩,水,wù,4,0
溪,水,xī,1,40
溫,水,wēn,1,493
溬,水,qiāng,1,0
溭,水,zé,2,0
溮,水,shī,1,0
溯,水,sù,4,0
溰,水,ái,2,0
溱,水,qín,2,0
溲,水,sōu,1,0
溳,水,yún,2,0
溴,水,xiù,4,0
溵,水,yīn,1,0
溶,水,róng,2,62
溷,水,hùn,4,0
溸,水,sù,4,0
溹,水,suǒ,3,0
溺,水,nì,4,0
溻,水,tā,1,0
溼,水,shī,1,0
溽,水,rù,4,0
溾,水,āi,1,0
溿,水,pàn,4,0
滀,水,chù,4,0
滁,水,chú,2,0
滂,水,pāng,1,0
滃,水,wēng,1,0
滄,水,cāng,1,0
滅,水,miè,4,328
滆,水,gé,2,0
滇,水,diān,1,0
滈,水,hào,4,0
滉,水,huàng,4,0
滊,水,xì,4,0
滋,水,zī,1,27
滌,水,dí,2,25
滍,水,zhì,4,0
滎,水,xíng,2,0
滏,水,fǔ,3,0
滐,水,jié,2,0
滑,水,huá,2,97
滒,水,gē,1,0
滓,水,zǐ,3,0
滔,水,tāo,1,20
滕,水,téng,2,0
滖,水,suī,1,0
滗,水,bì,4,0
滘,水,jiào,4,0
滙,水,huì,4,0
滚,水,gǔn,3,147
滛,水,yín,2,0
滜,水,gāo,1,0
滝,水,lóng,2,0
滞,水,zhì,4,0
滟,水,yàn,4,0
滠,水,shè,4,0
满,水,mǎn,3,1032
滢,水,yíng,2,0
滣,水,chún,2,0
滤,水,lǜ,4,0
滥,水,làn,4,18
滦,水,luán,2,0
滧,水,yáo,2,0
滨,水,bīn,1,11
滩,水,tān,1,62
滪,水,yù,4,0
滫,水,xiǔ,3,0
滬,水,hù,4,0
滭,水,bì,4,0
滮,水,biāo,1,0
滯,水,zhì,4,0
滰,水,jiàng,4,0
滱,水,kòu,4,0
滲,水,shèn,4,34
滳,水,shāng,1,0
滴,水,dī,1,99
滵,水,mì,4,0
滶,水,áo,2,0
滷,水,lǔ,3,0
滸,水,hǔ,3,0
滹,水,hū,1,0
滺,水,yōu,1,0
滻,水,chǎn,3,0
滼,水,fàn,4,0
滽,水,yōng,1,0
滾,水,gǔn,3,147
滿,水,mǎn,3,1032
漀,水,qǐng,3,0
漁,水,yú,2,41
漂,水,piào,4,85
漃,水,jì,4,0
漄,水,yá,2,0
漅,水,cháo,2,0
漆,水,qī,1,78
漇,水,xǐ,3,0
漈,水,jì,4,0
漉,水,lù,4,0
漊,水,lóu,2,0
漋,水,lóng,2,0
漌,水,jǐn,3,0
漍,水,guó,2,0
漎,水,cóng,2,0
漏,水,lòu,4,68
漐,水,zhí,2,0
漑,水,gài,4,0
漒,水,qiáng,2,0
漓,水,lí,2,0
演,水,yǎn,3,332
漕,水,cáo,2,0
漖,水,jiào,4,0
漗,水,cōng,1,0
漘,水,chún,2,0
漙,水,tuán,2,0
漚,水,ōu,1,0
漛,水,téng,2,0
漜,水,yě,3,0
漝,水,xí,2,0
漞,水,mì,4,0
漟,水,táng,2,0
漠,水,mò,4,98
漡,水,shāng,1,0
漢,水,hàn,4,227
漣,水,lián,2,0
漤,水,lǎn,3,0
漥,水,wā,1,0
漦,水,chí,2,0
漧,水,gān,1,0
漨,水,féng,2,0
漩,水,xuán,2,15
漪,水,yī,1,0
漫,水,màn,4,60
漬,水,zì,4,0
漭,水,mǎng,3,0
漮,水,kāng,1,0
漯,水,luò,4,0
漰,水,pēng,1,0
漱,水,shù,4,0
漲,水,zhǎng,3,86
漳,水,zhāng,1,0
漴,水,chóng,2,0
漵,水,xù,4,0
漶,水,huàn,4,0
漷,水,huǒ,3,0
漸,水,jiàn,4,459
漹,水,yān,1,0
漺,水,shuǎng,3,0
漻,水,liáo,2,0
漼,水,cuǐ,3,0
漽,水,tí,2,0
漾,水,yàng,4,17
漿,水,jiāng,1,17
潀,水,cóng,2,0
潁,水,yǐng,3,0
潂,水,hóng,2,0
潃,水,xiǔ,3,0
潄,水,shù,4,0
潅,水,guàn,4,0
潆,水,yíng,2,0
潇,水,xiāo,1,0
潉,水,kūn,1,0
潊,水,xù,4,0
潋,水,liàn,4,0
潍,水,wéi,2,0
潎,水,pì,4,0
潏,水,yù,4,0
潐,水,jiào,4,0
潑,水,pō,1,75
潒,水,dàng,4,0
潓,水,huì,4,0
潔,水,jié,2,86
潕,水,wǔ,3,0
潗,水,jí,2,0
潘,水,pān,1,0
潙,水,wéi,2,0
潚,水,sù,4,0
潛,水,qián,2,38
潜,水,qián,2,38
潝,水,xī,1,0
潞,水,lù,4,0
潟,水,xì,4,0
潠,水,xùn,4,0
潡,水,dùn,4,0
潢,水,huáng,2,0
潣,水,mǐn,3,0
潤,水,rùn,4,68
潥,水,sù,4,0
潦,水,liáo,2,0
潧,水,zhēn,1,0
潨,水,cóng,2,0
潩,水,yì,4,0
潪,水,zhè,4,0
潫,水,wān,1,0
潬,水,shàn,4,0
潭,水,tán,2,29
潮,水,cháo,2,151
潯,水,xún,2,0
潰,水,kuì,4,10
潱,水,yē,1,0
潲,水,shào,4,0
潳,水,tú,2,0
潴,水,zhū,1,0
潶,水,hēi,1,0
潷,水,bì,4,0
潸,水,shān,1,0
潹,水,chán,2,0
潺,水,chán,2,0
潻,水,shǔ,3,0
潼,水,tóng,2,0
潽,水,pū,1,0
潾,水,lín,2,0
潿,水,wéi,2,0
澀,水,sè,4,0
澁,水,sè,4,0
澂,水,chéng,2,0
澃,水,jiǒng,3,0
澄,水,chéng,2,0
澅,水,huà,4,0
澆,水,jiāo,1,58
澇,水,lào,4,0
澈,水,chè,4,0
澉,水,gǎn,3,0
澊,水,cūn,1,0
澋,水,hòng,4,0
澌,水,sī,1,0
澍,水,shù,4,0
澎,水,péng,2,11
澏,水,hán,2,0
澐,水,yún,2,0
澑,水,liù,4,0
澒,水,hòng,4,0
澓,水,fú,2,0
澔,水,hào,4,0
澕,水,hé,2,0
澖,水,xián,2,0
澗,水,jiàn,4,0
澘,水,shān,1,0
澙,水,xì,4,0
澚,水,yu,1,0
澛,水,lǔ,3,0
澜,水,lán,2,0
澝,水,nìng,4,0
澞,水,yú,2,0
澟,水,lǐn,3,0
澠,水,miǎn,3,0
澡,水,zǎo,3,23
澢,水,dāng,1,0
澣,水,huàn,4,0
澤,水,zé,2,0
澥,水,xiè,4,0
澦,水,yù,4,0
澧,水,lǐ,3,0
澨,水,shì,4,0
澩,水,xué,2,0
澪,水,líng,2,0
澫,水,wàn,4,0
澬,水,zī,1,0
澭,水,yōng,1,0
澮,水,huì,4,0
澯,水,càn,4,0
澰,水,liàn,4,0
澱,水,diàn,4,30
澲,水,yè,4,0
澳,水,ào,4,0
澴,水,huán,2,0
澵,水,zhēn,1,0
澶,水,chán,2,0
澷,水,màn,4,0
澸,水,dǎn,3,0
澹,水,dàn,4,0
澺,水,yì,4,0
澻,水,suì,4,0
澼,水,pì,4,0
澽,水,jù,4,0
澾,水,tà,4,0
澿,水,qín,2,0
激,水,jī,1,456
濁,水,zhuó,2,30
濂,水,lián,2,0
濃,水,nóng,2,116
濄,水,guō,1,0
濅,水,jìn,4,0
濆,水,fén,2,0
濇,水,sè,4,0
濈,水,jí,2,0
濉,水,suī,1,0
濊,水,huì,4,0
濋,水,chǔ,3,0
濌,水,tà,4,0
濍,水,sōng,1,0
濎,水,dǐng,3,0
濏,水,sè,4,0
濐,水,zhǔ,3,0
濑,水,lài,4,0
濒,水,bīn,1,0
濓,水,lián,2,0
濔,水,mǐ,3,0
濕,水,shī,1,170
濖,水,shù,4,0
濗,水,mì,4,0
濘,水,nìng,4,0
濙,水,yíng,2,0
濚,水,yíng,2,0
濛,水,méng,2,0
濜,水,jìn,4,0
濝,水,qí,2,0
濞,水,bì,4,0
濟,水,jì,4,1008
濠,水,háo,2,0
濡,水,rú,2,0
濢,水,cuì,4,0
濣,水,wò,4,0
濤,水,tāo,1,21
濥,水,yǐn,3,0
濦,水,yǐn,3,0
濧,水,duì,4,0
濨,水,cí,2,0
濩,水,huò,4,0
濪,水,qìng,4,0
濫,水,làn,4,18
濬,水,jùn,4,0
濭,水,ǎi,3,0
濮,水,pú,2,0
濯,水,zhuó,2,0
濰,水,wéi,2,0
濱,水,bīn,1,11
濲,水,gǔ,3,0
濳,水,qián,2,0
濴,水,yíng,2,0
濵,水,bīn,1,0
濶,水,kuò,4,0
濷,水,fèi,4,0
濸,水,cāng,1,0
濹,水,me,5,0
濺,水,jiàn,4,23
濻,水,wěi,3,0
濼,水,luò,4,0
濽,水,zàn,4,0
濾,水,lǜ,4,0
濿,水,lì,4,0
瀀,水,yōu,1,0
瀁,水,yàng,4,0
瀂,水,lǔ,3,0
瀃,水,sì,4,0
瀄,水,zhì,4,0
瀅,水,yíng,2,0
瀆,水,dú,2,0
瀇,水,wǎng,3,0
瀈,水,huī,1,0
瀉,水,xiè,4,0
瀊,水,pán,2,0
瀋,水,shěn,3,0
瀌,水,biāo,1,0
瀍,水,chán,2,0
瀎,水,mò,4,0
瀏,水,liú,2,0
瀐,水,jiān,1,0
瀑,水,pù,4,19
瀒,水,sè,4,0
瀓,水,chéng,2,0
瀔,水,gǔ,3,0
瀕,水,bīn,1,0
瀖,水,huò,4,0
瀗,水,xiàn,4,0
瀘,水,lú,2,0
瀙,水,qìn,4,0
瀚,水,hàn,4,0
瀛,水,yíng,2,0
瀜,水,róng,2,0
瀝,水,lì,4,28
瀞,水,jìng,4,0
瀟,水,xiāo,1,0
瀠,水,yíng,2,0
瀡,水,suǐ,3,0
瀢,水,wěi,3,0
瀣,水,xiè,4,0
瀤,水,huái,2,0
瀥,水,xuè,4,0
瀦,水,zhū,1,0
瀧,水,lóng,2,0
瀨,水,lài,4,0
瀩,水,duì,4,0
瀪,水,fán,2,0
瀫,水,hú,2,0
瀬,水,lài,4,0
瀭,水,shū,1,0
瀮,水,ling,1,0
瀯,水,yíng,2,0
瀰,水,mí,2,0
瀱,水,jì,4,0
瀲,水,liàn,4,0
瀳,水,jiàn,4,0
瀴,水,yíng,2,0
瀵,水,fèn,4,0
瀶,水,lín,2,0
瀷,水,yì,4,0
瀸,水,jiān,1,0
瀹,水,yuè,4,0
瀺,水,chán,2,0
瀻,水,dài,4,0
瀼,水,ráng,2,0
瀽,水,jiǎn,3,0
瀾,水,lán,2,0
瀿,水,fán,2,0
灀,水,shuàng,4,0
灁,水,yuān,1,0
灂,水,zhuó,2,0
灃,水,fēng,1,0
灄,水,shè,4,0
灅,水,lěi,3,0
灆,水,lán,2,0
灇,水,cóng,2,0
灈,水,qú,2,0
灉,水,yōng,1,0
灊,水,qián,2,0
灋,水,fǎ,3,0
灌,水,guàn,4,141
灍,水,jué,2,0
灎,水,yàn,4,0
灏,水,hào,4,0
灐,水,yíng,2,0
灑,水,sǎ,3,0
灒,水,zàn,4,0
灓,水,luán,2,0
灔,水,yàn,4,0
灕,水,lí,2,0
灖,水,mǐ,3,0
灗,水,shàn,4,0
灘,水,tān,1,62
灙,水,dǎng,3,0
灚,水,jiǎo,3,0
灛,水,chǎn,3,0
灜,水,yíng,2,0
灝,水,hào,4,0
灞,水,bà,4,0
灟,水,zhú,2,0
灠,水,lǎn,3,0
灡,水,lán,2,0
灢,水,nǎng,3,0
灣,水,wān,1,17
灤,水,luán,2,0
灥,水,xún,2,0
灦,水,xiǎn,3,0
灧,水,yàn,4,0
灨,水,gàn,4,0
灩,水,yàn,4,0
灪,水,yù,4,0
火,火,huǒ,3,956
灬,火,biāo,1,0
灭,火,miè,4,328
灮,火,guāng,1,0
灯,火,dēng,1,483
灰,火,huī,1,189
灱,火,xiāo,1,0
灲,火,xiāo,1,0
灳,火,huī,1,0
灴,火,hōng,1,0
灵,火,líng,2,185
灶,火,zào,4,25
灷,火,zhuàn,4,0
灸,火,jiǔ,3,0
灹,火,zhà,4,0
灺,火,xiè,4,0
灻,火,chì,4,0
灼,火,zhuó,2,0
災,火,zāi,1,110
灾,火,zāi,1,110
灿,火,càn,4,37
炀,火,yáng,2,0
炁,火,qì,4,0
炂,火,zhōng,1,0
炃,火,fén,2,0
炄,火,niǔ,3,0
炅,火,jiǒng,3,0
炆,火,wén,2,0
炇,火,pū,1,0
炈,火,yì,4,0
炉,火,lú,2,177
炊,火,chuī,1,12
炋,火,pī,1,0
炌,火,kài,4,0
炍,火,pàn,4,0
炎,火,yán,2,50
炏,火,kài,4,0
炐,火,pàng,4,0
炑,火,mù,4,0
炒,火,chǎo,3,22
炓,火,liào,4,0
炔,火,quē,1,0
炕,火,kàng,4,87
炖,火,dùn,4,0
炗,火,guāng,1,0
炘,火,xīn,1,0
炙,火,zhì,4,0
炚,火,guāng,1,0
炛,火,guāng,1,0
炜,火,wěi,3,0
炝,火,qiàng,4,0
炞,火,bian,1,0
炟,火,dá,2,0
炠,火,xiá,2,0
炡,火,zhēng,1,0
炢,火,zhú,2,0
炣,火,kě,3,0
炤,火,zhào,4,0
炥,火,fú,2,0
炦,火,bá,2,0
炧,火,xiè,4,0
炨,火,xiè,4,0
炩,火,lìng,4,0
炪,火,zhuō,1,0
炫,火,xuàn,4,0
炬,火,jù,4,0
炭,火,tàn,4,73
炮,火,pào,4,182
炯,火,jiǒng,3,28
炰,火,páo,2,0
炱,火,tái,2,0
炲,火,tái,2,0
炳,火,bǐng,3,0
炴,火,yǎng,3,0
炵,火,tōng,1,0
炶,火,shǎn,3,0
炷,火,zhù,4,0
炸,火,zhà,4,114
点,火,diǎn,3,3816
為,火,wèi,4,6395
炻,火,shí,2,0
炼,火,liàn,4,256
炽,火,chì,4,0
炾,火,huǎng,3,0
炿,火,zhōu,1,0
烀,火,hū,1,0
烁,火,shuò,4,29
烂,火,làn,4,126
烃,火,tīng,1,0
烄,火,jiǎo,3,0
烅,火,xù,4,0
烆,火,héng,2,0
烇,火,quǎn,3,0
烈,火,liè,4,428
烊,火,yáng,2,0
烋,火,xiū,1,0
烌,火,xiū,1,0
烍,火,xiǎn,3,0
烎,火,yín,2,0
烏,火,wū,1,69
烐,火,zhōu,1,0
烑,火,yáo,2,0
烒,火,shì,4,0
烓,火,wēi,1,0
烔,火,tóng,2,0
烕,火,miè,4,0
烖,火,zāi,1,0
烗,火,kài,4,0
烘,火,hōng,1,19
烙,火,lào,4,0
烚,火,xiá,2,0
烛,火,zhú,2,53
烜,火,xuǎn,3,0
烝,火,zhēng,1,0
烞,火,pò,4,0
烟,火,yān,1,348
烠,火,huí,2,0
烡,火,guāng,1,0
烢,火,chè,4,0
烣,火,huī,1,0
烤,火,kǎo,3,36
烥,火,jù,4,0
烦,火,fán,2,126
烧,火,shāo,1,397
烨,火,yè,4,0
烩,火,huì,4,0
烪,火,,0,0
烫,火,tàng,4,30
烬,火,jìn,4,0
热,火,rè,4,1014
烮,火,liè,4,0
烯,火,xī,1,0
烰,火,fú,2,0
烱,火,jiǒng,3,0
烲,火,xiè,4,0
烳,火,pǔ,3,0
烴,火,tīng,1,0
烵,火,zhuó,2,0
烶,火,tǐng,3,0
烷,火,wán,2,0
烸,火,hǎi,3,0
烹,火,pēng,1,0
烺,火,lǎng,3,0
烻,火,yàn,4,0
烼,火,xù,4,0
烽,火,fēng,1,0
烾,火,chì,4,0
烿,火,róng,2,0
焀,火,hú,2,0
焁,火,xī,1,0
焂,火,shū,1,0
焃,火,hè,4,0
焄,火,xūn,1,0
焅,火,kù,4,0
焆,火,juān,1,0
焇,火,xiāo,1,0
焈,火,xī,1,0
焉,火,yān,1,0
焊,火,hàn,4,93
焋,火,zhuàng,4,0
焌,火,jùn,4,0
焍,火,dì,4,0
焎,火,xiè,4,0
焏,火,jí,2,0
焐,火,wù,4,0
焑,火,yān,1,0
焒,火,lǚ,3,0
焓,火,hán,2,0
焔,火,yàn,4,0
焕,火,huàn,4,0
焖,火,mèn,4,0
焗,火,jú,2,0
焘,火,tāo,1,0
焙,火,bèi,4,0
焚,火,fén,2,0
焛,火,lìn,4,0
焜,火,kūn,1,0
焝,火,hùn,4,0
焞,火,tūn,1,0
焟,火,xī,1,0
焠,火,cuì,4,0
無,火,wú,2,1997
焢,火,hōng,1,0
焣,火,chǎo,3,0
焤,火,fǔ,3,0
焥,火,wò,4,0
焦,火,jiāo,1,80
焧,火,cōng,1,0
焨,火,fèng,4,0
焩,火,píng,2,0
焪,火,qióng,2,0
焫,火,ruò,4,0
焬,火,xī,1,0
焭,火,qióng,2,0
焮,火,xìn,4,0
焯,火,chāo,1,0
焰,火,yàn,4,34
焱,火,yàn,4,0
焲,火,yì,4,0
焳,火,jué,2,0
焴,火,yù,4,0
焵,火,gàng,4,0
然,火,rán,2,3633
焷,火,pí,2,0
焸,火,xiòng,4,0
焹,火,gàng,4,0
焺,火,shēng,1,0
焻,火,chàng,4,0
焼,火,shāo,1,0
焽,火,xiǒng,3,0
焾,火,niǎn,3,0
焿,火,gēng,1,0
煀,火,wei,1,0
煁,火,chén,2,0
煂,火,hè,4,0
煃,火,kuǐ,3,0
煄,火,zhǒng,3,0
煅,火,duàn,4,0
煆,火,xiā,1,0
煇,火,huī,1,0
煈,火,fèng,4,0
煉,火,liàn,4,256
煊,火,xuān,1,0
煋,火,xīng,1,0
煌,火,huáng,2,26
煍,火,jiǎo,3,0
煎,火,jiān,1,22
煏,火,bì,4,0
煐,火,yīng,1,0
煒,火,wěi,3,0
煓,火,tuān,1,0
煔,火,shǎn,3,0
煕,火,xī,1,0
煖,火,nuǎn,3,0
煗,火,nuǎn,3,0
煘,火,chán,2,0
煙,火,yān,1,348
煚,火,jiǒng,3,0
煛,火,jiǒng,3,0
煜,火,yù,4,0
煝,火,mèi,4,0
煞,火,shā,1,17
煟,火,wèi,4,0
煠,火,zhá,2,0
煡,火,jìn,4,0
煢,火,qióng,2,0
煣,火,róu,2,0
煤,火,méi,2,250
煥,火,huàn,4,0
煦,火,xù,4,0
照,火,zhào,4,884
煨,火,wēi,1,0
煩,火,fán,2,126
煪,火,qiú,2,0
煫,火,suì,4,0
煬,火,yáng,2,0
煭,火,liè,4,0
煮,火,zhǔ,3,52
煯,火,jiē,1,0
煰,火,zào,4,0
煱,火,guā,1,0
煲,火,bāo,1,0
煳,火,hú,2,0
煴,火,yūn,1,0
煵,火,nǎn,3,0
煶,火,shì,4,0
煷,火,liang,1,0
煸,火,biān,1,0
煹,火,gòu,4,0
煺,火,tuì,4,0
煻,火,táng,2,0
煼,火,chǎo,3,0
煽,火,shān,1,0
煾,火,ēn,1,0
煿,火,bó,2,0
熀,火,huǎng,3,0
熁,火,xié,2,0
熂,火,xì,4,0
熃,火,wù,4,0
熄,火,xī,1,36
熅,火,yùn,4,0
熆,火,hé,2,0
熇,火,hè,4,0
熈,火,xī,1,0
熉,火,yún,2,0
熊,火,xióng,2,41
熋,火,nái,2,0
熌,火,shǎn,3,0
熍,火,qióng,2,0
熎,火,yào,4,0
熏,火,xūn,1,19
熐,火,mì,4,0
熑,火,lián,2,0
熒,火,yíng,2,0
熔,火,róng,2,21
熕,火,gōng,1,0
熖,火,yàn,4,0
熗,火,qiàng,4,0
熘,火,liū,1,0
熙,火,xī,1,0
熚,火,bì,4,0
熛,火,biāo,1,0
熜,火,cōng,1,0
熝,火,lù,4,0
熞,火,jiān,1,0
熟,火,shú,2,385
熠,火,yì,4,0
熡,火,lóu,2,0
熢,火,péng,2,0
熣,火,suī,1,0
熤,火,yì,4,0
熥,火,tēng,1,0
熦,火,jué,2,0
熧,火,zōng,1,0
熨,火,yùn,4,0
熩,火,hù,4,0
熪,火,yí,2,0
熫,火,zhì,4,0
熬,火,áo,2,21
熭,火,wèi,4,0
熮,火,liǔ,3,0
熯,火,hàn,4,0
熰,火,ōu,1,0
熱,火,rè,4,1014
熲,火,jiǒng,3,0
熳,火,màn,4,0
熴,火,kūn,1,0
熵,火,shāng,1,0
熶,火,cuàn,4,0
熷,火,zēng,1,0
熸,火,jiān,1,0
熹,火,xī,1,0
熺,火,xī,1,0
熻,火,xī,1,0
熼,火,yì,4,0
熽,火,xiào,4,0
熾,火,chì,4,0
熿,火,huáng,2,0
燀,火,chǎn,3,0
燁,火,yè,4,0
燂,火,tán,2,0
燃,火,rán,2,273
燄,火,yàn,4,0
燅,火,xún,2,0
燆,火,qiāo,1,0
燇,火,jùn,4,0
燈,火,dēng,1,483
燉,火,dùn,4,0
燊,火,shēn,1,0
燋,火,jiāo,1,0
燌,火,fén,2,0
燍,火,sī,1,0
燎,火,liáo,2,0
燏,火,yù,4,0
燐,火,lín,2,0
燑,火,tóng,2,0
燒,火,shāo,1,397
燓,火,fén,2,0
燔,火,fán,2,0
燕,火,yàn,4,59
燖,火,xún,2,0
燗,火,làn,4,0
燘,火,měi,3,0
燙,火,tàng,4,30
燚,火,yì,4,0
燛,火,jiǒng,3,0
燜,火,mèn,4,0
燝,火,jing,1,0
燞,火,jiǎo,3,0
營,火,yíng,2,331
燠,火,yù,4,0
燡,火,yì,4,0
燢,火,xué,2,0
燣,火,lán,2,0
燤,火,tài,4,0
燥,火,zào,4,32
燦,火,càn,4,37
燧,火,suì,4,0
燨,火,xī,1,0
燩,火,què,4,0
燪,火,zǒng,3,0
燫,火,lián,2,0
燬,火,huǐ,3,0
燭,火,zhú,2,53
燮,火,xiè,4,0
燯,火,líng,2,0
燰,火,wēi,1,0
燱,火,yì,4,0
燲,火,xié,2,0
燳,火,zhào,4,0
燴,火,huì,4,0
燵,火,dá,2,0
燶,火,nóng,2,0
燷,火,lán,2,0
燸,火,rú,2,0
燹,火,xiǎn,3,0
燺,火,hè,4,0
燻,火,xūn,1,0
燼,火,jìn,4,0
燽,火,chóu,2,0
燾,火,dào,4,0
燿,火,yào,4,0
爀,火,hè,4,0
爁,火,làn,4,0
爂,火,biāo,1,0
爃,火,róng,2,0
爄,火,lì,4,0
爅,火,mò,4,0
爆,火,bào,4,189
爇,火,ruò,4,0
爈,火,lǜ,4,0
爉,火,là,4,0
爊,火,āo,1,0
爋,火,xūn,1,0
爌,火,kuàng,4,0
爍,火,shuò,4,29
爎,火,liáo,2,0
爏,火,lì,4,0
爐,火,lú,2,177
爑,火,jué,2,0
爒,火,liǎo,3,0
爓,火,yàn,4,0
爔,火,xī,1,0
爕,火,xiè,4,0
爖,火,lóng,2,0
爗,火,yè,4,0
爘,火,cān,1,0
爙,火,rǎng,3,0
爚,火,yuè,4,0
爛,火,làn,4,126
爜,火,cóng,2,0
爝,火,jué,2,0
爞,火,chóng,2,0
爟,火,guàn,4,0
爠,火,ju,1,0
爡,火,chè,4,0
爢,火,mí,2,0
爣,火,tǎng,3,0
爤,火,làn,4,0
爥,火,zhú,2,0
爦,火,lǎn,3,0
爧,火,líng,2,0
爨,火,cuàn,4,0
爩,火,yù,4,0
爪,爪,zhǎo,3,30
爫,爪,zhǎo,3,0
爬,爪,pá,2,330
爭,爪,zhēng,1,1708
爯,爪,chēng,1,0
爰,爪,yuán,2,0
爱,爪,ài,4,1137
爲,爪,wèi,4,0
爳,爪,han,1,0
爴,爪,jué,2,0
爵,爪,jué,2,0
父,父,fù,4,516
爷,父,yé,2,952
爸,父,bà,4,975
爹,父,diē,1,91
爺,父,yé,2,952
爻,爻,yáo,2,0
爼,爻,zǔ,3,0
爽,爻,shuǎng,3,35
爾,爻,ěr,3,26
爿,爿,pán,2,0
牀,爿,chuáng,2,0
牁,爿,kē,1,0
牂,爿,zāng,1,0
牃,爿,dié,2,0
牄,爿,qiāng,1,0
牅,爿,yōng,1,0
牆,爿,qiáng,2,264
片,片,piàn,4,804
版,片,bǎn,3,73
牉,片,pàn,4,0
牊,片,cháo,2,0
牋,片,jiān,1,0
牌,片,pái,2,73
牍,片,dú,2,0
牎,片,chuāng,1,0
牏,片,yú,2,0
牐,片,zhá,2,0
牑,片,biān,1,0
牒,片,dié,2,0
牓,片,bǎng,3,0
牔,片,bó,2,0
牕,片,chuāng,1,0
牖,片,yǒu,3,0
牗,片,yǒu,3,0
牘,片,dú,2,0
牙,牙,yá,2,187
牚,牙,chèng,4,0
牛,牛,niú,2,270
牜,牛,niú,2,0
牝,牛,pìn,4,0
牞,牛,jiū,1,0
牟,牛,móu,2,0
牠,牛,tā,1,0
牡,牛,mǔ,3,11
牢,牛,láo,2,62
牣,牛,rèn,4,0
牤,牛,māng,1,0
牥,牛,fāng,1,0
牦,牛,máo,2,11
牧,牛,mù,4,84
牨,牛,gāng,1,0
物,牛,wù,4,2433
牪,牛,yàn,4,0
牫,牛,gē,1,0
牬,牛,bèi,4,0
牭,牛,sì,4,0
牮,牛,jiàn,4,0
牯,牛,gǔ,3,0
牰,牛,yòu,4,0
牱,牛,gē,1,0
牲,牛,shēng,1,188
牳,牛,mǔ,3,0
牴,牛,dǐ,3,0
牵,牛,qiān,1,97
牶,牛,quàn,4,0
牷,牛,quán,2,0
牸,牛,zì,4,0
特,牛,tè,4,1099
牺,牛,xī,1,103
牻,牛,máng,2,0
牼,牛,kēng,1,0
牽,牛,qiān,1,97
牾,牛,wǔ,3,0
牿,牛,gù,4,0
犀,牛,xī,1,13
犁,牛,lí,2,10
犂,牛,lí,2,0
犃,牛,pǒu,3,0
犄,牛,jī,1,0
犅,牛,gāng,1,0
犆,牛,zhí,2,0
犇,牛,bēn,1,0
犈,牛,quán,2,0
犉,牛,chún,2,0
犊,牛,dú,2,0
犋,牛,jù,4,0
犌,牛,jiā,1,0
犍,牛,jiān,1,0
犎,牛,fēng,1,0
犏,牛,piān,1,0
犐,牛,kē,1,0
犑,牛,jú,2,0
犒,牛,kào,4,0
犓,牛,chú,2,0
犕,牛,bèi,4,0
犖,牛,luò,4,0
犗,牛,jiè,4,0
犘,牛,má,2,0
犙,牛,sān,1,0
犚,牛,wèi,4,0
犛,牛,máo,2,11
犜,牛,dūn,1,0
犝,牛,tóng,2,0
犞,牛,qiáo,2,0
犟,牛,jiàng,4,0
犠,牛,xī,1,0
犡,牛,lì,4,0
犢,牛,dú,2,0
犣,牛,liè,4,0
犤,牛,pái,2,0
犥,牛,piāo,1,0
犦,牛,bó,2,0
犧,牛,xī,1,103
犨,牛,chōu,1,0
犩,牛,wéi,2,0
犪,牛,kuí,2,0
犫,牛,chōu,1,0
犬,犬,quǎn,3,12
犭,犬,quǎn,3,0
犮,犬,bá,2,0
犯,犬,fàn,4,250
犰,犬,qiú,2,0
犱,犬,jǐ,3,0
犲,犬,chái,2,0
犳,犬,zhuó,2,0
犴,犬,àn,4,0
犵,犬,gē,1,0
状,犬,zhuàng,4,268
犷,犬,guǎng,3,0
犸,犬,mǎ,3,0
犹,犬,yóu,2,57
犺,犬,kàng,4,0
犻,犬,bó,2,0
犼,犬,hǒu,3,0
犽,犬,yà,4,0
犾,犬,yín,2,0
犿,犬,huān,1,0
狀,犬,zhuàng,4,268
狁,犬,yǔn,3,0
狂,犬,kuáng,2,101
狃,犬,niǔ,3,0
狄,犬,dí,2,0
狅,犬,kuáng,2,0
狆,犬,zhòng,4,0
狇,犬,mù,4,0
狈,犬,bèi,4,13
狉,犬,pī,1,0
狊,犬,jú,2,0
狋,犬,yí,2,0
狌,犬,shēng,1,0
狍,犬,páo,2,0
狎,犬,xiá,2,0
狏,犬,tuó,2,0
狐,犬,hú,2,18
狑,犬,líng,2,0
狒,犬,fèi,4,0
狓,犬,pí,2,0
狔,犬,nǐ,3,0
狕,犬,yǎo,3,0
狖,犬,yòu,4,0
狗,犬,gǒu,3,216
狘,犬,xuè,4,0
狙,犬,jū,1,0
狚,犬,dàn,4,0
狛,犬,bó,2,0
狜,犬,kǔ,3,0
狝,犬,xiǎn,3,0
狞,犬,níng,2,0
狟,犬,huán,2,0
狠,犬,hěn,3,123
狡,犬,jiǎo,3,20
狢,犬,hé,2,0
狣,犬,zhào,4,0
狤,犬,jí,2,0
狥,犬,xùn,4,0
狦,犬,shān,1,0
狧,犬,tà,4,0
狨,犬,róng,2,0
狩,犬,shòu,4,0
狪,犬,tóng,2,0
狫,犬,lǎo,3,0
独,犬,dú,2,264
狭,犬,xiá,2,31
狮,犬,shī,1,21
狯,犬,kuài,4,0
狰,犬,zhēng,1,0
狱,犬,yù,4,85
狲,犬,sūn,1,0
狳,犬,yú,2,0
狴,犬,bì,4,0
狵,犬,máng,2,0
狶,犬,xī,1,0
狷,犬,juàn,4,0
狸,犬,lí,2,18
狹,犬,xiá,2,31
狺,犬,yín,2,0
狻,犬,suān,1,0
狼,犬,láng,2,88
狽,犬,bèi,4,13
狾,犬,zhì,4,0
狿,犬,yán,2,0
猀,犬,shā,1,0
猁,犬,lì,4,0
猂,犬,hàn,4,0
猃,犬,xiǎn,3,0
猄,犬,jīng,1,0
猅,犬,pái,2,0
猆,犬,fēi,1,0
猇,犬,xiāo,1,0
猈,犬,bài,4,0
猉,犬,qí,2,0
猊,犬,ní,2,0
猋,犬,biāo,1,0
猌,犬,yìn,4,0
猍,犬,lái,2,0
猎,犬,liè,4,72
猏,犬,jiān,1,0
猐,犬,qiāng,1,0
猑,犬,kūn,1,0
猒,犬,yàn,4,0
猓,犬,guǒ,3,0
猔,犬,zòng,4,0
猕,犬,mí,2,0
猖,犬,chāng,1,0
猗,犬,yī,1,0
猘,犬,zhì,4,0
猙,犬,zhēng,1,0
猚,犬,yá,2,0
猛,犬,měng,3,258
猜,犬,cāi,1,98
猝,犬,cù,4,0
猞,犬,shē,1,0
猟,犬,liè,4,0
猠,犬,diǎn,3,0
猡,犬,luó,2,0
猢,犬,hú,2,0
猣,犬,zōng,1,0
猤,犬,guì,4,0
猥,犬,wěi,3,0
猦,犬,fēng,1,0
猧,犬,wō,1,0
猨,犬,yuán,2,0
猩,犬,xīng,1,26
猪,犬,zhū,1,83
猫,犬,māo,1,62
猬,犬,wèi,4,14
猭,犬,chuān,1,0
献,犬,xiàn,4,179
猯,犬,tuān,1,0
猰,犬,yà,4,0
猱,犬,náo,2,0
猲,犬,xiē,1,0
猳,犬,jiā,1,0
猴,犬,hóu,2,86
猵,犬,biān,1,0
猶,犬,yóu,2,57
猷,犬,yóu,2,0
猸,犬,méi,2,0
猹,犬,chá,2,0
猺,犬,yáo,2,0
猻,犬,sūn,1,0
猼,犬,bó,2,0
猽,犬,míng,2,0
猾,犬,huá,2,20
猿,犬,yuán,2,136
獀,犬,sōu,1,0
獁,犬,mà,4,0
獂,犬,yuán,2,0
獃,犬,dāi,1,0
獄,犬,yù,4,85
獅,犬,shī,1,21
獆,犬,háo,2,0
獇,犬,qiāng,1,0
獈,犬,yì,4,0
獉,犬,zhēn,1,0
獊,犬,cāng,1,0
獋,犬,háo,2,0
獌,犬,màn,4,0
獍,犬,jìng,4,0
獎,犬,jiǎng,3,69
獏,犬,mò,4,0
獐,犬,zhāng,1,0
獑,犬,chán,2,0
獒,犬,áo,2,0
獓,犬,áo,2,0
獔,犬,háo,2,0
獕,犬,cuī,1,0
獖,犬,bèn,4,0
獗,犬,jué,2,0
獘,犬,bì,4,0
獙,犬,bì,4,0
獚,犬,huáng,2,0
獛,犬,pú,2,0
獜,犬,lín,2,0
獝,犬,xù,4,0
獞,犬,tóng,2,0
獟,犬,yào,4,0
獠,犬,liáo,2,0
獡,犬,shuò,4,0
獢,犬,xiāo,1,0
獣,犬,shòu,4,0
獤,犬,dūn,1,0
獥,犬,jiào,4,0
獦,犬,gé,2,0
獧,犬,juàn,4,0
獨,犬,dú,2,264
獩,犬,huì,4,0
獪,犬,kuài,4,0
獫,犬,xiǎn,3,0
獬,犬,xiè,4,0
獭,犬,tǎ,3,0
獮,犬,xiǎn,3,0
獯,犬,xūn,1,0
獰,犬,níng,2,0
獱,犬,biān,1,0
獲,犬,huò,4,156
獳,犬,nòu,4,0
獴,犬,měng,3,0
獵,犬,liè,4,72
獶,犬,nǎo,3,0
獷,犬,guǎng,3,0
獸,犬,shòu,4,40
獹,犬,lú,2,0
獺,犬,tǎ,3,0
獻,犬,xiàn,4,179
獼,犬,mí,2,0
獽,犬,ráng,2,0
獾,犬,huān,1,0
獿,犬,nǎo,3,0
玀,犬,luó,2,0
玁,犬,xiǎn,3,0
玂,犬,qí,2,0
玃,犬,jué,2,0
玄,玄,xuán,2,0
玅,玄,miào,4,0
玆,玄,zī,1,0
率,玄,lǜ,4,231
玈,玄,lú,2,0
玉,玉,yù,4,112
玊,玉,sù,4,0
王,玉,wáng,2,278
玌,玉,qiú,2,0
玍,玉,gǎ,3,0
玎,玉,dīng,1,0
玏,玉,lè,4,0
玐,玉,bā,1,0
玑,玉,jī,1,0
玒,玉,hóng,2,0
玓,玉,dì,4,0
玔,玉,chuàn,4,0
玕,玉,gān,1,0
玖,玉,jiǔ,3,0
玗,玉,yú,2,0
玘,玉,qǐ,3,0
玙,玉,yú,2,0
玚,玉,yáng,2,0
玛,玉,mǎ,3,0
玜,玉,hóng,2,0
玝,玉,wǔ,3,0
玞,玉,fū,1,0
玟,玉,wén,2,0
玠,玉,jiè,4,0
玡,玉,yá,2,0
玢,玉,bīn,1,0
玣,玉,biàn,4,0
玤,玉,bàng,4,0
玥,玉,yuè,4,0
玦,玉,jué,2,0
玧,玉,mén,2,0
玨,玉,jué,2,0
玩,玉,wán,2,222
玪,玉,jiān,1,0
玫,玉,méi,2,0
玬,玉,dǎn,3,0
玭,玉,pín,2,0
玮,玉,wěi,3,0
环,玉,huán,2,291
现,玉,xiàn,4,3900
玱,玉,qiāng,1,0
玲,玉,líng,2,10
玳,玉,dài,4,0
玴,玉,yì,4,0
玵,玉,án,2,0
玶,玉,píng,2,0
玷,玉,diàn,4,0
玸,玉,fú,2,0
玹,玉,xuán,2,0
玺,玉,xǐ,3,0
玻,玉,bō,1,213
玼,玉,cǐ,3,0
玽,玉,gǒu,3,0
玾,玉,jiǎ,3,0
玿,玉,sháo,2,0
珀,玉,pò,4,0
珁,玉,cí,2,0
珂,玉,kē,1,0
珃,玉,rǎn,3,0
珄,玉,shēng,1,0
珅,玉,shēn,1,0
珆,玉,yí,2,0
珇,玉,zǔ,3,0
珈,玉,jiā,1,0
珉,玉,mín,2,0
珊,玉,shān,1,16
珋,玉,liǔ,3,0
珌,玉,bì,4,0
珍,玉,zhēn,1,100
珎,玉,zhēn,1,0
珏,玉,jué,2,0
珐,玉,fà,4,0
珑,玉,lóng,2,10
珒,玉,jīn,1,0
珓,玉,jiào,4,0
珔,玉,jiàn,4,0
珕,玉,lì,4,0
珖,玉,guāng,1,0
珗,玉,xiān,1,0
珘,玉,zhōu,1,0
珙,玉,gǒng,3,0
珚,玉,yān,1,0
珛,玉,xiù,4,0
珜,玉,yáng,2,0
珝,玉,xǔ,3,0
珞,玉,luò,4,0
珟,玉,sù,4,0
珠,玉,zhū,1,140
珡,玉,qín,2,0
珢,玉,yín,2,0
珣,玉,xún,2,0
珤,玉,bǎo,3,0
珥,玉,ěr,3,0
珦,玉,xiàng,4,0
珧,玉,yáo,2,0
珨,玉,xiá,2,0
珩,玉,héng,2,0
珪,玉,guī,1,0
珫,玉,chōng,1,0
珬,玉,xù,4,0
班,玉,bān,1,403
珮,玉,pèi,4,0
珯,玉,lǎo,3,0
珰,玉,dāng,1,0
珱,玉,yīng,1,0
珲,玉,hún,2,0
珳,玉,wén,2,0
珴,玉,é,2,0
珵,玉,chéng,2,0
珶,玉,dì,4,0
珷,玉,wǔ,3,0
珸,玉,wú,2,0
珹,玉,chéng,2,0
珺,玉,jùn,4,0
珻,玉,méi,2,0
珼,玉,bèi,4,0
珽,玉,tǐng,3,0
現,玉,xiàn,4,3900
珿,玉,chù,4,0
琀,玉,hán,2,0
琁,玉,xuán,2,0
琂,玉,yán,2,0
球,玉,qiú,2,458
琄,玉,xuàn,4,0
琅,玉,láng,2,0
理,玉,lǐ,3,2422
琇,玉,xiù,4,0
琈,玉,fú,2,0
琉,玉,liú,2,0
琊,玉,yá,2,0
琋,玉,xī,1,0
琌,玉,líng,2,0
琍,玉,lí,2,0
琎,玉,jìn,4,0
琏,玉,liǎn,3,0
琐,玉,suǒ,3,12
琑,玉,suǒ,3,0
琒,玉,fēng,1,0
琓,玉,wán,2,0
琔,玉,diàn,4,0
琕,玉,pín,2,0
琖,玉,zhǎn,3,0
琗,玉,sè,4,0
琘,玉,mín,2,0
琙,玉,yù,4,0
琚,玉,jū,1,0
琛,玉,chēn,1,0
琜,玉,lái,2,0
琝,玉,mín,2,0
琞,玉,shèng,4,0
琟,玉,wéi,2,0
琠,玉,tiǎn,3,0
琡,玉,chù,4,0
琢,玉,zuó,2,18
琣,玉,běng,3,0
琤,玉,chēng,1,0
琥,玉,hǔ,3,0
琦,玉,qí,2,0
琧,玉,è,4,0
琨,玉,kūn,1,0
琩,玉,chāng,1,0
琪,玉,qí,2,0
琫,玉,běng,3,0
琬,玉,wǎn,3,0
琭,玉,lù,4,0
琮,玉,cóng,2,0
琯,玉,guǎn,3,0
琰,玉,yǎn,3,0
琱,玉,diāo,1,0
琲,玉,bèi,4,0
琳,玉,lín,2,0
琴,玉,qín,2,59
琵,玉,pí,2,0
琶,玉,pá,2,0
琸,玉,zhuó,2,0
琹,玉,qín,2,0
琺,玉,fà,4,0
琻,玉,jīn,1,0
琼,玉,qióng,2,0
琽,玉,dǔ,3,0
琾,玉,jiè,4,0
琿,玉,hún,2,0
瑀,玉,yǔ,3,0
瑁,玉,mào,4,0
瑂,玉,méi,2,0
瑃,玉,chūn,1,0
瑄,玉,xuān,1,0
瑅,玉,tí,2,0
瑆,玉,xīng,1,0
瑇,玉,dài,4,0
瑈,玉,róu,2,0
瑉,玉,mín,2,0
瑊,玉,jiān,1,0
瑋,玉,wěi,3,0
瑌,玉,ruǎn,3,0
瑍,玉,huàn,4,0
瑎,玉,xié,2,0
瑏,玉,chuān,1,0
瑐,玉,jiǎn,3,0
瑑,玉,zhuàn,4,0
瑒,玉,chàng,4,0
瑓,玉,liàn,4,0
瑔,玉,quán,2,0
瑕,玉,xiá,2,0
瑖,玉,duàn,4,0
瑗,玉,yuàn,4,0
瑘,玉,yá,2,0
瑙,玉,nǎo,3,0
瑚,玉,hú,2,16
瑛,玉,yīng,1,0
瑜,玉,yú,2,0
瑝,玉,huáng,2,0
瑞,玉,ruì,4,0
瑟,玉,sè,4,0
瑠,玉,liú,2,0
瑡,玉,shī,1,0
瑢,玉,róng,2,0
瑣,玉,suǒ,3,12
瑤,玉,yáo,2,0
瑥,玉,wēn,1,0
瑦,玉,wǔ,3,0
瑧,玉,zhēn,1,0
瑨,玉,jìn,4,0
瑩,玉,yíng,2,14
瑪,玉,mǎ,3,0
瑫,玉,tāo,1,0
瑭,玉,táng,2,0
瑮,玉,lì,4,0
瑯,玉,láng,2,0
瑰,玉,guī,1,0
瑱,玉,tiàn,4,0
瑲,玉,qiāng,1,0
瑳,玉,cuō,1,0
瑴,玉,jué,2,0
瑵,玉,zhǎo,3,0
瑶,玉,yáo,2,0
瑷,玉,ài,4,0
瑸,玉,bīn,1,0
瑹,玉,shū,1,0
瑺,玉,cháng,2,0
瑻,玉,kūn,1,0
瑼,玉,zhuān,1,0
瑽,玉,cōng,1,0
瑾,玉,jǐn,3,0
瑿,玉,yī,1,0
璀,玉,cuǐ,3,0
璁,玉,cōng,1,0
璂,玉,qí,2,0
璃,玉,lí,2,213
璄,玉,jǐng,3,0
璅,玉,suǒ,3,0
璆,玉,qiú,2,0
璇,玉,xuán,2,0
璈,玉,áo,2,0
璉,玉,liǎn,3,0
璊,玉,mén,2,0
璋,玉,zhāng,1,0
璌,玉,yín,2,0
璍,玉,yè,4,0
璎,玉,yīng,1,0
璏,玉,wèi,4,0
璐,玉,lù,4,0
璑,玉,wú,2,0
璒,玉,dēng,1,0
璓,玉,xiù,4,0
璔,玉,zēng,1,0
璕,玉,xún,2,0
璖,玉,qú,2,0
璗,玉,dàng,4,0
璘,玉,lín,2,0
璙,玉,liáo,2,0
璚,玉,qióng,2,0
璛,玉,sù,4,0
璜,玉,huáng,2,0
璝,玉,guī,1,0
璞,玉,pú,2,0
璟,玉,jǐng,3,0
璠,玉,fán,2,0
璡,玉,jìn,4,0
璢,玉,liú,2,0
璣,玉,jī,1,0
璤,玉,huì,4,0
璥,玉,jǐng,3,0
璦,玉,ài,4,0
璧,玉,bì,4,0
璨,玉,càn,4,0
璩,玉,qú,2,0
璪,玉,zǎo,3,0
璫,玉,dāng,1,0
璬,玉,jiǎo,3,0
璭,玉,gùn,4,0
璮,玉,tǎn,3,0
璯,玉,huì,4,0
環,玉,huán,2,291
璱,玉,sè,4,0
璲,玉,suì,4,0
璳,玉,tián,2,0
璴,玉,chǔ,3,0
璵,玉,yú,2,0
璶,玉,jìn,4,0
璷,玉,lú,2,0
璸,玉,bīn,1,0
璹,玉,shú,2,0
璺,玉,wèn,4,0
璻,玉,zuǐ,3,0
璼,玉,lán,2,0
璽,玉,xǐ,3,0
璾,玉,zī,1,0
璿,玉,xuán,2,0
瓀,玉,ruǎn,3,0
瓁,玉,wò,4,0
瓂,玉,gài,4,0
瓃,玉,léi,2,0
瓄,玉,dú,2,0
瓅,玉,lì,4,0
瓆,玉,zhì,4,0
瓇,玉,róu,2,0
瓈,玉,lí,2,0
瓉,玉,zàn,4,0
瓊,玉,qióng,2,0
瓋,玉,tì,4,0
瓌,玉,guī,1,0
瓍,玉,suí,2,0
瓎,玉,là,4,0
瓏,玉,lóng,2,10
瓐,玉,lú,2,0
瓑,玉,lì,4,0
瓒,玉,zàn,4,0
瓓,玉,làn,4,0
瓔,玉,yīng,1,0
瓕,玉,mí,2,0
瓖,玉,xiāng,1,0
瓗,玉,qióng,2,0
瓘,玉,guàn,4,0
瓙,玉,dào,4,0
瓚,玉,zàn,4,0
瓛,玉,huán,2,0
瓜,瓜,guā,1,136
瓝,瓜,bó,2,0
瓞,瓜,dié,2,0
瓟,瓜,bó,2,0
瓠,瓜,hù,4,0
瓡,瓜,zhí,2,0
瓢,瓜,piáo,2,11
瓣,瓜,bàn,4,37
瓤,瓜,ráng,2,0
瓥,瓜,lì,4,0
瓦,瓦,wǎ,3,46
瓧,瓦,,0,0
瓨,瓦,xiáng,2,0
瓩,瓦,qiān,1,0
瓪,瓦,bǎn,3,0
瓫,瓦,pén,2,0
瓬,瓦,fǎng,3,0
瓭,瓦,dǎn,3,0
瓮,瓦,wèng,4,0
瓯,瓦,ōu,1,0
瓰,瓦,,0,0
瓱,瓦,,0,0
瓲,瓦,wa,5,0
瓳,瓦,hú,2,0
瓴,瓦,líng,2,0
瓵,瓦,yí,2,0
瓶,瓦,píng,2,128
瓷,瓦,cí,2,68
瓸,瓦,bǎi,3,0
瓹,瓦,juān,1,0
瓺,瓦,cháng,2,0
瓻,瓦,chī,1,0
瓼,瓦,,0,0
瓽,瓦,dàng,4,0
瓾,瓦,měng,3,0
瓿,瓦,bù,4,0
甀,瓦,zhuì,4,0
甁,瓦,píng,2,0
甂,瓦,biān,1,0
甃,瓦,zhòu,4,0
甄,瓦,zhēn,1,0
甅,瓦,,0,0
甆,瓦,cí,2,0
甇,瓦,yīng,1,0
甈,瓦,qì,4,0
甉,瓦,xián,2,0
甊,瓦,lǒu,3,0
甋,瓦,dì,4,0
甌,瓦,ōu,1,0
甍,瓦,méng,2,0
甎,瓦,zhuān,1,0
甏,瓦,bèng,4,0
甐,瓦,lìn,4,0
甑,瓦,zèng,4,0
甒,瓦,wǔ,3,0
甓,瓦,pì,4,0
甔,瓦,dān,1,0
甕,瓦,wèng,4,0
甖,瓦,yīng,1,0
甗,瓦,yǎn,3,0
甘,甘,gān,1,42
甙,甘,dài,4,0
甚,甘,shèn,4,3697
甛,甘,tián,2,0
甜,甘,tián,2,75
甝,甘,hán,2,0
甞,甘,cháng,2,0
生,生,shēng,1,5861
甠,生,qíng,2,0
甡,生,shēn,1,0
產,生,chǎn,3,4099
産,生,chǎn,3,0
甤,生,ruí,2,0
甥,生,shēng,1,0
甦,生,sū,1,0
甧,生,shēn,1,0
用,用,yòng,4,5003
甩,用,shuǎi,3,48
甪,用,lù,4,0
甫,用,fǔ,3,12
甬,用,yǒng,3,0
甭,用,béng,2,35
甮,用,fèng,4,0
甯,用,níng,2,0
田,田,tián,2,336
由,田,yóu,2,1623
甲,田,jiǎ,3,107
申,田,shēn,1,20
甴,田,zhá,2,0
电,田,diàn,4,1775
甶,田,fú,2,0
男,田,nán,2,249
甸,田,diàn,4,28
甹,田,pīng,1,0
町,田,tǐng,3,0
画,田,huà,4,493
甼,田,tǐng,3,0
甽,田,zhèn,4,0
甾,田,zāi,1,0
甿,田,méng,2,0
畀,田,bì,4,0
畁,田,bì,4,0
畂,田,liù,4,0
畃,田,xún,2,0
畄,田,liú,2,0
畅,田,chàng,4,18
畆,田,mǔ,3,0
畇,田,yún,2,0
畈,田,fàn,4,0
畉,田,fú,2,0
畊,田,gēng,1,0
畋,田,tián,2,0
界,田,jiè,4,1312
畍,田,jiè,4,0
畎,田,quǎn,3,0
畏,田,wèi,4,20
畐,田,fú,2,0
畑,田,tián,2,0
畒,田,mǔ,3,0
畓,田,duō,1,0
畔,田,pàn,4,21
畕,田,jiāng,1,0
畖,田,wā,1,0
畗,田,dá,2,0
畘,田,nán,2,0
留,田,liú,2,484
畚,田,běn,3,0
畛,田,zhěn,3,0
畜,田,chù,4,35
畝,田,mǔ,3,107
畞,田,mǔ,3,0
畟,田,cè,4,0
畠,白,tián,2,0
畡,田,gāi,1,0
畢,田,bì,4,149
畣,田,dá,2,0
畤,田,zhì,4,0
略,田,lüè,4,445
畦,田,qí,2,0
畧,田,lüè,4,0
畨,米,pān,1,0
畩,田,yī,1,0
番,田,fān,1,84
畫,田,huà,4,493
畬,田,shē,1,0
畭,田,yú,2,0
畮,田,mǔ,3,0
畯,田,jùn,4,0
異,田,yì,4,146
畱,田,liú,2,0
畲,田,shē,1,0
畳,田,dié,2,0
畴,田,chóu,2,0
畵,田,huà,4,0
當,田,dāng,1,2997
畷,田,zhuì,4,0
畸,田,jī,1,0
畹,田,wǎn,3,0
畺,田,jiāng,1,0
畻,田,chéng,2,0
畼,田,chàng,4,0
畽,田,tǔn,3,0
畾,田,léi,2,0
畿,田,jī,1,0
疀,田,chā,1,0
疁,田,liú,2,0
疂,田,dié,2,0
疃,田,tuǎn,3,0
疄,田,lìn,4,0
疅,田,jiāng,1,0
疆,田,jiāng,1,14
疇,田,chóu,2,0
疈,田,pì,4,0
疉,田,dié,2,0
疊,田,dié,2,39
疋,疋,pǐ,3,0
疌,疋,jié,2,0
疍,疋,dàn,4,0
疎,疋,shū,1,0
疏,疋,shū,1,21
疐,疋,zhì,4,0
疑,疋,yí,2,163
疒,疒,nè,4,0
疓,疒,nǎi,3,0
疔,疒,dīng,1,0
疕,疒,bǐ,3,0
疖,疒,jiē,1,0
疗,疒,liáo,2,85
疘,疒,gāng,1,0
疙,疒,gē,1,17
疚,疒,jiù,4,0
疛,疒,zhǒu,3,0
疜,疒,xià,4,0
疝,疒,shàn,4,0
疟,疒,nüè,4,0
疠,疒,lì,4,0
疡,疒,yáng,2,0
疢,疒,chèn,4,0
疣,疒,yóu,2,0
疤,疒,bā,1,0
疥,疒,jiè,4,0
疦,疒,jué,2,0
疧,疒,qí,2,0
疨,疒,xiā,1,0
疩,疒,cuì,4,0
疪,疒,bì,4,0
疫,疒,yì,4,11
疬,疒,lì,4,0
疭,疒,zòng,4,0
疮,疒,chuāng,1,0
疯,疒,fēng,1,131
疰,疒,zhù,4,0
疱,疒,pào,4,0
疲,疒,pí,2,78
疳,疒,gān,1,0
疴,疒,kē,1,0
疵,疒,cī,1,0
疶,疒,xuē,1,0
疸,疒,dǎn,3,0
疹,疒,zhěn,3,0
疺,疒,fá,2,0
疻,疒,zhǐ,3,0
疼,疒,téng,2,127
疽,疒,jū,1,0
疾,疒,jí,2,44
疿,疒,fèi,4,0
痀,疒,jū,1,0
痁,疒,shān,1,0
痂,疒,jiā,1,0
痃,疒,xuán,2,0
痄,疒,zhà,4,0
病,疒,bìng,4,739
痆,疒,niè,4,0
症,疒,zhèng,4,37
痈,疒,yōng,1,0
痉,疒,jìng,4,0
痊,疒,quán,2,0
痋,疒,téng,2,0
痌,疒,tōng,1,0
痍,疒,yí,2,0
痎,疒,jiē,1,0
痏,疒,wěi,3,0
痐,疒,huí,2,0
痑,疒,tān,1,0
痒,疒,yǎng,3,16
痓,疒,chì,4,0
痔,疒,zhì,4,0
痕,疒,hén,2,44
痖,疒,yǎ,3,0
痗,疒,mèi,4,0
痘,疒,dòu,4,0
痙,疒,jìng,4,0
痚,疒,xiāo,1,0
痛,疒,tòng,4,356
痜,疒,tū,1,0
痝,疒,máng,2,0
痞,疒,pǐ,3,0
痟,疒,xiāo,1,0
痠,疒,suān,1,0
痡,疒,fū,1,0
痢,疒,lì,4,0
痣,疒,zhì,4,0
痤,疒,cuó,2,0
痥,疒,duó,2,0
痦,疒,wù,4,0
痧,疒,shā,1,0
痨,疒,láo,2,0
痩,疒,shòu,4,0
痪,疒,huàn,4,0
痫,疒,xián,2,0
痬,疒,yì,4,0
痭,疒,bēng,1,0
痮,疒,zhàng,4,0
痯,疒,guǎn,3,0
痰,疒,tán,2,11
痱,疒,fèi,4,0
痲,疒,má,2,0
痳,疒,lín,2,0
痴,疒,chī,1,0
痵,疒,jì,4,0
痶,疒,tiǎn,3,0
痷,疒,ān,1,0
痸,疒,chì,4,0
痹,疒,bì,4,10
痺,疒,bì,4,10
痻,疒,mín,2,0
痼,疒,gù,4,0
痽,疒,duī,1,0
痾,疒,ē,1,0
痿,疒,wěi,3,0
瘀,疒,yū,1,0
瘁,疒,cuì,4,0
瘂,疒,yǎ,3,0
瘃,疒,zhú,2,0
瘄,疒,cù,4,0
瘅,疒,dān,1,0
瘆,疒,shèn,4,0
瘇,疒,zhǒng,3,0
瘈,疒,chì,4,0
瘉,疒,yù,4,0
瘊,疒,hóu,2,0
瘋,疒,fēng,1,131
瘌,疒,là,4,0
瘍,疒,yáng,2,0
瘎,疒,chén,2,0
瘏,疒,tú,2,0
瘐,疒,yǔ,3,0
瘑,疒,guō,1,0
瘒,疒,wén,2,0
瘓,疒,huàn,4,0
瘔,疒,kù,4,0
瘕,疒,jiǎ,3,0
瘖,疒,yīn,1,0
瘗,疒,yì,4,0
瘘,疒,lòu,4,0
瘙,疒,sào,4,0
瘚,疒,jué,2,0
瘛,疒,chì,4,0
瘜,疒,xī,1,0
瘝,疒,guān,1,0
瘞,疒,yì,4,0
瘟,疒,wēn,1,0
瘠,疒,jí,2,0
瘡,疒,chuāng,1,0
瘢,疒,bān,1,0
瘣,疒,huì,4,0
瘤,疒,liú,2,0
瘥,疒,chài,4,0
瘦,疒,shòu,4,82
瘧,疒,nüè,4,0
瘨,疒,diān,1,0
瘩,疒,da,1,17
瘪,疒,biě,3,13
瘫,疒,tān,1,0
瘭,疒,biāo,1,0
瘮,疒,shèn,4,0
瘯,疒,cù,4,0
瘰,疒,luǒ,3,0
瘱,疒,yì,4,0
瘲,疒,zòng,4,0
瘳,疒,chōu,1,0
瘴,疒,zhàng,4,0
瘵,疒,zhài,4,0
瘶,疒,sòu,4,0
瘷,疒,sè,4,0
瘸,疒,qué,2,0
瘹,疒,diào,4,0
瘺,疒,lòu,4,0
瘻,疒,lòu,4,0
瘼,疒,mò,4,0
瘽,疒,qín,2,0
瘾,疒,yǐn,3,0
瘿,疒,yǐng,3,0
癀,疒,huáng,2,0
癁,疒,fú,2,0
療,疒,liáo,2,85
癃,疒,lóng,2,0
癄,疒,qiáo,2,0
癅,疒,liú,2,0
癆,疒,láo,2,0
癇,疒,xián,2,0
癈,疒,fèi,4,0
癉,疒,dān,1,0
癊,疒,yìn,4,0
癋,疒,hè,4,0
癌,疒,ái,2,35
癍,疒,bān,1,0
癎,疒,xián,2,0
癐,疒,guì,4,0
癒,疒,yù,4,0
癓,疒,wéi,2,0
癔,疒,yì,4,0
癕,疒,yōng,1,0
癖,疒,pǐ,3,0
癗,疒,lěi,3,0
癘,疒,lì,4,0
癙,疒,shǔ,3,0
癚,疒,dàn,4,0
癛,疒,lǐn,3,0
癜,疒,diàn,4,0
癝,疒,lǐn,3,0
癞,疒,lài,4,0
癟,疒,biě,3,13
癠,疒,jì,4,0
癡,疒,chī,1,0
癢,疒,yǎng,3,0
癣,疒,xuǎn,3,0
癤,疒,jiē,1,0
癥,疒,zhēng,1,0
癦,疒,me,5,0
癧,疒,lì,4,0
癨,疒,huò,4,0
癩,疒,lài,4,0
癪,疒,jī,1,0
癫,疒,diān,1,0
癬,疒,xuǎn,3,0
癭,疒,yǐng,3,0
癮,疒,yǐn,3,0
癯,疒,qú,2,0
癰,疒,yōng,1,0
癱,疒,tān,1,0
癲,疒,diān,1,0
癴,疒,luán,2,0
癵,疒,luán,2,0
癶,癶,bō,1,0
癷,癶,bō,1,0
癸,癶,guǐ,3,0
癹,癶,bá,2,0
発,癶,fā,1,0
登,癶,dēng,1,150
發,癶,fā,1,5088
白,白,bái,2,1384
百,白,bǎi,3,1559
癿,白,bié,2,0
皀,白,jí,2,0
皁,白,zào,4,0
皂,白,zào,4,38
皃,白,mào,4,0
的,白,de,5,75837
皅,白,pā,1,0
皆,白,jiē,1,10
皇,白,huáng,2,85
皈,白,guī,1,0
皉,白,cǐ,3,0
皊,白,líng,2,0
皋,白,gāo,1,0
皌,白,mò,4,0
皍,白,jí,2,0
皎,白,jiǎo,3,0
皏,白,pěng,3,0
皐,白,gāo,1,0
皑,白,ái,2,0
皒,白,é,2,0
皓,白,hào,4,0
皔,白,hàn,4,0
皕,白,bì,4,0
皖,白,wǎn,3,0
皗,白,chóu,2,0
皘,白,qiàn,4,0
皙,白,xī,1,0
皚,白,ái,2,0
皛,白,xiǎo,3,0
皜,白,hào,4,0
皝,白,huàng,4,0
皞,白,hào,4,0
皟,白,zé,2,0
皠,白,cuǐ,3,0
皡,白,hào,4,0
皢,白,xiǎo,3,0
皣,白,yè,4,0
皤,白,pó,2,0
皥,白,hào,4,0
皦,白,jiǎo,3,0
皧,白,ài,4,0
皨,白,xīng,1,0
皩,白,huàng,4,0
皪,白,lì,4,0
皫,白,piǎo,3,0
皬,白,hé,2,0
皭,白,jiào,4,0
皮,皮,pí,2,519
皯,皮,gǎn,3,0
皰,皮,pào,4,0
皱,皮,zhòu,4,115
皲,皮,jūn,1,0
皳,皮,qiú,2,0
皴,皮,cūn,1,0
皵,皮,què,4,0
皶,皮,zhā,1,0
皷,皮,gǔ,3,0
皸,皮,jūn,1,0
皹,皮,jūn,1,0
皺,皮,zhòu,4,115
皻,皮,zhā,1,0
皼,皮,gǔ,3,0
皽,皮,zhāo,1,0
皾,皮,dú,2,0
皿,皿,mǐn,3,0
盀,皿,qǐ,3,0
盁,皿,yíng,2,0
盂,皿,yú,2,0
盃,皿,bēi,1,0
盄,皿,zhāo,1,0
盅,皿,zhōng,1,0
盆,皿,pén,2,168
盇,皿,hé,2,0
盈,皿,yíng,2,0
盉,皿,hé,2,0
益,皿,yì,4,335
盋,皿,bō,1,0
盌,皿,wǎn,3,0
盍,皿,hé,2,0
盎,皿,àng,4,0
盏,皿,zhǎn,3,50
盐,皿,yán,2,70
监,皿,jiān,1,115
盒,皿,hé,2,78
盓,皿,yū,1,0
盔,皿,kuī,1,26
盕,皿,fàn,4,0
盖,皿,gài,4,237
盗,皿,dào,4,52
盘,皿,pán,2,194
盙,皿,fǔ,3,0
盚,皿,qiú,2,0
盛,皿,shèng,4,97
盜,皿,dào,4,52
盝,皿,lù,4,0
盞,皿,zhǎn,3,50
盟,皿,méng,2,77
盠,皿,lí,2,0
盡,皿,jǐn,3,378
盢,皿,xù,4,0
監,皿,jiān,1,115
盤,皿,pán,2,194
盥,皿,guàn,4,0
盦,皿,ān,1,0
盧,皿,lú,2,0
盨,皿,xǔ,3,0
盩,皿,zhōu,1,0
盪,皿,dàng,4,0
盫,皿,ān,1,0
盬,皿,gǔ,3,0
盭,皿,lì,4,0
目,目,mù,4,814
盯,目,dīng,1,65
盰,目,gàn,4,0
盱,目,xū,1,0
盲,目,máng,2,41
盳,目,wàng,4,0
直,目,zhí,2,1294
盵,目,qì,4,0
盶,目,yuǎn,3,0
盷,目,tián,2,0
相,目,xiāng,1,1349
盹,目,dǔn,3,0
盺,目,xīn,1,0
盻,目,xì,4,0
盼,目,pàn,4,74
盽,目,fēng,1,0
盾,目,dùn,4,279
盿,目,mín,2,0
眀,目,míng,2,0
省,目,shěng,3,409
眃,目,yún,2,0
眄,目,miàn,4,0
眅,目,pān,1,0
眆,目,fǎng,3,0
眇,目,miǎo,3,0
眈,目,dān,1,0
眉,目,méi,2,131
眊,目,mào,4,0
看,目,kàn,4,6108
県,目,xiàn,4,0
眍,目,kōu,1,0
眎,目,shì,4,0
眐,目,zhēng,1,0
眑,目,yǎo,3,0
眒,目,shēn,1,0
眓,目,huò,4,0
眔,目,dà,4,0
眕,目,zhěn,3,0
眖,目,kuàng,4,0
眗,目,jū,1,0
眘,目,shèn,4,0
眙,目,yí,2,0
眚,目,shěng,3,0
眛,目,mèi,4,0
眜,目,mò,4,0
眝,目,zhù,4,0
眞,目,zhēn,1,0
真,目,zhēn,1,2099
眠,目,mián,2,48
眡,目,shì,4,0
眢,目,yuān,1,0
眣,目,dié,2,0
眤,目,nì,4,0
眥,目,zì,4,0
眦,目,zì,4,0
眧,目,chǎo,3,0
眨,目,zhǎ,3,51
眩,目,xuàn,4,0
眪,目,bǐng,3,0
眫,目,mǐ,3,0
眬,目,lóng,2,0
眭,目,suī,1,0
眮,目,tóng,2,0
眯,目,mī,1,64
眰,目,diè,4,0
眱,目,dì,4,0
眲,目,nè,4,0
眳,目,míng,2,0
眴,目,xuàn,4,0
眵,目,chī,1,0
眶,目,kuàng,4,18
眷,目,juàn,4,0
眸,目,móu,2,0
眹,目,zhèn,4,0
眺,目,tiào,4,11
眻,目,yáng,2,0
眼,目,yǎn,3,2215
眽,目,mò,4,0
眾,目,zhòng,4,1149
眿,目,mò,4,0
着,目,zhe,1,11328
睁,目,zhēng,1,120
睂,目,méi,2,0
睃,目,suō,1,0
睄,目,shào,4,0
睅,目,hàn,4,0
睆,目,huàn,4,0
睇,目,dì,4,0
睈,目,chěng,3,0
睉,目,cuó,2,0
睊,目,juàn,4,0
睋,目,é,2,0
睌,目,mǎn,3,0
睍,目,xiàn,4,0
睎,目,xī,1,0
睏,目,kùn,4,0
睐,目,lài,4,0
睑,目,jiǎn,3,0
睒,目,shǎn,3,0
睓,目,tiǎn,3,0
睔,目,gùn,4,0
睕,目,wǎn,3,0
睖,目,lèng,4,0
睗,目,shì,4,0
睘,目,qióng,2,0
睙,目,liè,4,0
睚,目,yá,2,0
睛,目,jīng,1,723
睜,目,zhēng,1,120
睝,目,lí,2,0
睞,目,lài,4,0
睟,目,suì,4,0
睠,目,juàn,4,0
睡,目,shuì,4,672
睢,目,suī,1,0
督,目,dū,1,53
睤,目,bì,4,0
睥,目,pì,4,0
睦,目,mù,4,0
睧,目,hūn,1,0
睨,目,nì,4,0
睩,目,lù,4,0
睪,目,yì,4,0
睫,目,jié,2,12
睬,目,cǎi,3,0
睭,目,zhǒu,3,0
睮,目,yú,2,0
睯,目,hūn,1,0
睰,目,mà,4,0
睱,目,xià,4,0
睲,目,xǐng,3,0
睳,目,huī,1,0
睴,目,gùn,4,0
睵,目,zāi,1,0
睶,目,chǔn,3,0
睷,目,jiān,1,0
睸,目,mèi,4,0
睹,目,dǔ,3,0
睺,目,hóu,2,0
睼,目,tiàn,4,0
睽,目,kuí,2,0
睾,目,gāo,1,0
睿,目,ruì,4,0
瞀,目,mào,4,0
瞁,目,xù,4,0
瞂,目,fá,2,0
瞃,目,wò,4,0
瞄,目,miáo,2,13
瞅,目,chǒu,3,34
瞆,目,kuì,4,0
瞇,目,mī,1,64
瞈,目,wěng,3,0
瞉,目,kòu,4,0
瞊,目,dàng,4,0
瞋,目,chēn,1,0
瞌,目,kē,1,11
瞍,目,sǒu,3,0
瞎,目,xiā,1,56
瞏,目,qióng,2,0
瞐,目,mò,4,0
瞑,目,míng,2,0
瞒,目,mán,2,32
瞓,目,fèn,4,0
瞔,目,zé,2,0
瞕,目,zhàng,4,0
瞖,目,yì,4,0
瞗,目,diāo,1,0
瞘,目,kōu,1,0
瞙,目,mò,4,0
瞚,目,shùn,4,0
瞛,目,cōng,1,0
瞜,目,lōu,1,0
瞝,目,chī,1,0
瞞,目,mán,2,32
瞟,目,piǎo,3,0
瞠,目,chēng,1,0
瞡,目,guī,1,0
瞢,目,méng,2,0
瞣,目,wàn,4,0
瞤,目,rún,2,0
瞥,目,piē,1,16
瞦,目,xī,1,0
瞧,目,qiáo,2,250
瞨,目,pú,2,0
瞩,目,zhǔ,3,0
瞪,目,dèng,4,77
瞫,目,shěn,3,0
瞬,目,shùn,4,0
瞭,目,liào,4,345
瞮,目,chè,4,0
瞯,目,xián,2,0
瞰,目,kàn,4,0
瞱,目,yè,4,0
瞲,目,xù,4,0
瞳,目,tóng,2,0
瞴,目,móu,2,0
瞵,目,lín,2,0
瞶,目,guì,4,0
瞷,目,jiàn,4,0
瞸,目,yè,4,0
瞹,目,ài,4,0
瞺,目,huì,4,0
瞻,目,zhān,1,12
瞼,目,jiǎn,3,0
瞽,目,gǔ,3,0
瞾,目,zhào,4,0
瞿,目,qú,2,0
矀,目,méi,2,0
矁,目,chǒu,3,0
矂,目,sào,4,0
矃,目,nǐng,3,0
矄,目,xūn,1,0
矅,目,yào,4,0
矆,目,huò,4,0
矇,目,méng,2,0
矈,目,mián,2,0
矉,目,pín,2,0
矊,目,mián,2,0
矋,目,lěi,3,0
矌,目,kuàng,4,0
矍,目,jué,2,0
矎,目,xuān,1,0
矏,目,mián,2,0
矐,目,huò,4,0
矑,目,lú,2,0
矒,目,méng,2,0
矓,目,lóng,2,0
矔,目,guàn,4,0
矕,目,mǎn,3,0
矖,目,xǐ,3,0
矗,目,chù,4,14
矘,目,tǎng,3,0
矙,目,kàn,4,0
矚,目,zhǔ,3,0
矛,矛,máo,2,279
矜,矛,jīn,1,0
矝,矛,jīn,1,0
矞,矛,yù,4,0
矟,矛,shuò,4,0
矠,矛,zé,2,0
矡,矛,jué,2,0
矢,矢,shǐ,3,0
矣,矢,yǐ,3,0
矤,矢,shěn,3,0
知,矢,zhī,1,2483
矦,矢,hóu,2,0
矧,矢,shěn,3,0
矨,矢,yǐng,3,0
矩,矢,jǔ,3,29
矪,矢,zhōu,1,0
矫,矢,jiǎo,3,0
矬,矢,cuó,2,0
短,矢,duǎn,3,318
矮,矢,ǎi,3,45
矯,矢,jiǎo,3,0
矰,矢,zēng,1,0
矱,矢,yuē,1,0
矲,矢,bà,4,0
石,石,shí,2,1006
矴,石,dìng,4,0
矵,石,qì,4,0
矶,石,jī,1,0
矷,石,zǐ,3,0
矸,石,gān,1,0
矹,石,wù,4,0
矺,石,zhé,2,0
矻,石,kū,1,0
矼,石,gāng,1,0
矽,石,xì,4,0
矾,石,fán,2,0
矿,石,kuàng,4,264
砀,石,dàng,4,0
码,石,mǎ,3,60
砂,石,shā,1,33
砃,石,dān,1,0
砄,石,jué,2,0
砅,石,lì,4,0
砆,石,fū,1,0
砇,石,mín,2,0
砉,石,huā,1,0
砊,石,kāng,1,0
砋,石,zhǐ,3,0
砌,石,qì,4,24
砍,石,kǎn,3,81
砎,石,jiè,4,0
砏,石,bīn,1,0
砐,石,è,4,0
砑,石,yà,4,0
砒,石,pī,1,0
砓,石,zhé,2,0
研,石,yán,2,1242
砕,石,suì,4,0
砖,石,zhuān,1,44
砗,石,chē,1,0
砘,石,dùn,4,0
砙,石,wǎ,3,0
砚,石,yàn,4,0
砛,石,jīn,1,0
砜,石,fēng,1,0
砝,石,fǎ,3,0
砞,石,mò,4,0
砟,石,zhǎ,3,0
砠,石,jū,1,0
砡,石,yù,4,0
砢,石,kē,1,0
砣,石,tuó,2,0
砤,石,tuó,2,0
砥,石,dǐ,3,0
砦,石,zhài,4,0
砧,石,zhēn,1,0
砨,石,è,4,0
砩,石,fú,2,0
砪,石,mǔ,3,0
砫,石,zhù,4,0
砬,石,lá,2,0
砭,石,biān,1,0
砮,石,nǔ,3,0
砯,石,pīng,1,0
砰,石,pēng,1,16
砱,石,líng,2,0
砲,石,pào,4,0
砳,石,lè,4,0
破,石,pò,4,605
砵,石,bō,1,0
砶,石,pò,4,0
砷,石,shēn,1,0
砸,石,zá,2,36
砹,石,ài,4,0
砺,石,lì,4,0
砻,石,lóng,2,0
砼,石,tóng,2,0
砽,石,yòng,4,0
砾,石,lì,4,10
砿,石,kuàng,4,0
础,石,chǔ,3,400
硁,石,kēng,1,0
硂,石,quán,2,0
硃,石,zhū,1,0
硄,石,kuāng,1,0
硅,石,guī,1,14
硆,石,è,4,0
硇,石,náo,2,0
硈,石,qià,4,0
硉,石,lù,4,0
硊,石,huì,4,0
硌,石,gè,4,0
硍,石,yín,2,0
硎,石,xíng,2,0
硏,石,yán,2,0
硐,石,dòng,4,0
硑,石,pēng,1,0
硒,石,xī,1,0
硓,石,lǎo,3,0
硔,石,hóng,2,0
硕,石,shuò,4,0
硖,石,xiá,2,0
硗,石,qiāo,1,0
硘,石,qing,1,0
硙,石,wèi,4,0
硚,石,qiáo,2,0
硛,石,yì,4,0
硜,石,kēng,1,0
硝,石,xiāo,1,16
硞,石,què,4,0
硟,石,chàn,4,0
硠,石,láng,2,0
硡,石,hōng,1,0
硢,石,yú,2,0
硣,石,xiāo,1,0
硤,石,xiá,2,0
硥,石,mǎng,3,0
硦,石,luò,4,0
硧,石,yǒng,3,0
硨,石,chē,1,0
硩,石,chè,4,0
硪,石,wò,4,0
硫,石,liú,2,35
硬,石,yìng,4,221
硭,石,máng,2,0
确,石,què,4,927
硯,石,yàn,4,0
硰,石,shā,1,0
硱,石,kǔn,3,0
硲,石,yù,4,0
硳,石,chì,4,0
硴,石,huā,1,0
硵,石,lǔ,3,0
硶,石,chěn,3,0
硷,石,jiǎn,3,0
硸,石,nüè,4,0
硹,石,sōng,1,0
硺,石,zhuó,2,0
硻,石,kēng,1,0
硼,石,péng,2,0
硽,石,yān,1,0
硾,石,zhuì,4,0
硿,石,kōng,1,0
碀,石,chéng,2,0
碁,石,qí,2,0
碂,石,zòng,4,0
碃,石,qìng,4,0
碄,石,lín,2,0
碅,石,jūn,1,0
碆,石,bō,1,0
碇,石,dìng,4,0
碉,石,diāo,1,0
碊,石,jiān,1,0
碋,石,hè,4,0
碌,石,lù,4,17
碍,石,ài,4,72
碎,石,suì,4,256
碏,石,què,4,0
碐,石,léng,2,0
碑,石,bēi,1,81
碒,石,yín,2,0
碓,石,duì,4,0
碔,石,wǔ,3,0
碕,石,qí,2,0
碖,石,lǔn,3,0
碗,石,wǎn,3,237
碘,石,diǎn,3,0
碙,石,náo,2,0
碚,石,bèi,4,0
碛,石,qì,4,0
碜,石,chěn,3,0
碝,石,ruǎn,3,0
碞,石,yán,2,0
碟,石,dié,2,15
碠,石,dìng,4,0
碡,石,zhóu,2,0
碢,石,tuó,2,0
碣,石,jié,2,0
碤,石,yīng,1,0
碥,石,biǎn,3,0
碦,石,kè,4,0
碧,石,bì,4,39
碨,石,wèi,4,0
碩,石,shuò,4,0
碪,石,zhēn,1,0
碫,石,duàn,4,0
碬,石,xiá,2,0
碭,石,dàng,4,0
碮,石,tí,2,0
碯,石,nǎo,3,0
碰,石,pèng,4,219
碱,石,jiǎn,3,31
碲,石,dì,4,0
碳,石,tàn,4,55
碴,石,chá,2,0
碵,石,tián,2,0
碶,石,qì,4,0
碷,石,dùn,4,0
碸,石,fēng,1,0
碹,石,xuàn,4,0
確,石,què,4,927
碻,石,què,4,0
碼,石,mǎ,3,60
碽,石,gōng,1,0
碾,石,niǎn,3,11
碿,石,sù,4,0
磀,石,é,2,0
磁,石,cí,2,113
磂,石,liú,2,0
磃,石,sī,1,0
磄,石,táng,2,0
磅,石,bàng,4,17
磆,石,huá,2,0
磇,石,pī,1,0
磈,石,wěi,3,0
磉,石,sǎng,3,0
磊,石,lěi,3,9
磋,石,cuō,1,0
磌,石,tián,2,0
磍,石,xiá,2,0
磎,石,xī,1,0
磏,石,lián,2,0
磐,石,pán,2,0
磑,石,wéi,2,0
磒,石,yǔn,3,0
磓,石,duī,1,0
磔,石,zhé,2,0
磕,石,kē,1,23
磖,石,lá,2,0
磗,石,zhuān,1,0
磘,石,yáo,2,0
磙,石,gǔn,3,0
磚,石,zhuān,1,44
磛,石,chán,2,0
磜,石,qì,4,0
磝,石,áo,2,0
磞,石,pēng,1,0
磟,石,liù,4,0
磠,石,lǔ,3,0
磡,石,kàn,4,0
磢,石,chuǎng,3,0
磣,石,chěn,3,0
磤,石,yǐn,3,0
磥,石,lěi,3,0
磦,石,biāo,1,0
磧,石,qì,4,0
磨,石,mó,2,164
磩,石,qì,4,0
磪,石,cuī,1,0
磫,石,zōng,1,0
磬,石,qìng,4,0
磭,石,chuò,4,0
磮,石,lún,2,0
磯,石,jī,1,0
磰,石,shàn,4,0
磱,石,láo,2,0
磲,石,qú,2,0
磳,石,zēng,1,0
磴,石,dèng,4,0
磵,石,jiàn,4,0
磶,石,xì,4,0
磷,石,lín,2,27
磸,石,dìng,4,0
磹,石,tán,2,0
磺,石,huáng,2,25
磻,石,pán,2,0
磼,石,zá,2,0
磽,石,qiāo,1,0
磾,石,dī,1,0
磿,石,lì,4,0
礀,石,jiàn,4,0
礁,石,jiāo,1,0
礂,石,xī,1,0
礄,石,qiáo,2,0
礅,石,dūn,1,0
礆,石,jiǎn,3,0
礇,石,yù,4,0
礈,石,zhuì,4,0
礉,石,hé,2,0
礊,石,kè,4,0
礋,石,zé,2,0
礌,石,léi,2,0
礍,石,jié,2,0
礎,石,chǔ,3,400
礏,石,yè,4,0
礐,石,què,4,0
礑,石,dàng,4,0
礒,石,yǐ,3,0
礓,石,jiāng,1,0
礔,石,pī,1,0
礕,石,pī,1,0
礖,石,yù,4,0
礗,石,pīn,1,0
礘,石,è,4,0
礙,石,ài,4,72
礚,石,kē,1,0
礛,石,jiān,1,0
礜,石,yù,4,0
礝,石,ruǎn,3,0
礞,石,méng,2,0
礟,石,pào,4,0
礠,石,cí,2,0
礡,石,bó,2,0
礢,石,yǎng,3,0
礣,石,mà,4,0
礤,石,cǎ,3,0
礥,石,xián,2,0
礦,石,kuàng,4,264
礧,石,léi,2,0
礨,石,lěi,3,0
礩,石,zhì,4,0
礪,石,lì,4,0
礫,石,lì,4,10
礬,石,fán,2,0
礭,石,què,4,0
礮,石,pào,4,0
礯,石,yīng,1,0
礰,石,lì,4,0
礱,石,lóng,2,0
礴,石,bó,2,0
礵,石,shuāng,1,0
礶,石,guàn,4,0
礷,石,lán,2,0
礸,石,cǎ,3,0
礹,石,yán,2,0
示,示,shì,4,509
礻,示,shì,4,0
礼,示,lǐ,3,114
礽,示,réng,2,0
社,示,shè,4,2459
礿,示,yuè,4,0
祀,示,sì,4,0
祁,示,qí,2,0
祂,示,tā,1,0
祃,示,mà,4,0
祄,示,xiè,4,0
祅,示,yāo,1,0
祆,示,xiān,1,0
祇,示,qí,2,0
祈,示,qí,2,0
祉,示,zhǐ,3,0
祊,示,bēng,1,0
祋,示,duì,4,0
祌,示,zhòng,4,0
祍,示,rèn,4,0
祎,示,yī,1,0
祏,示,shí,2,0
祐,示,yòu,4,0
祑,示,zhì,4,0
祒,示,tiáo,2,0
祓,示,fú,2,0
祔,示,fù,4,0
祕,示,mì,4,0
祖,示,zǔ,3,366
祗,示,zhī,1,0
祘,示,suàn,4,0
祙,示,mèi,4,0
祚,示,zuò,4,0
祛,示,qū,1,0
祜,示,hù,4,0
祝,示,zhù,4,91
神,示,shén,2,876
祟,示,suì,4,0
祠,示,cí,2,0
祡,示,chái,2,0
祢,示,mí,2,0
祣,示,lǚ,3,0
祤,示,yǔ,3,0
祥,示,xiáng,2,20
祦,示,wú,2,0
祧,示,tiāo,1,0
票,示,piào,4,175
祩,示,zhù,4,0
祪,示,guǐ,3,0
祫,示,xiá,2,0
祬,示,zhī,1,0
祭,示,jì,4,0
祮,示,gào,4,0
祯,示,zhēn,1,0
祰,示,gào,4,0
祱,示,shuì,4,0
祲,示,jìn,4,0
祳,示,shèn,4,0
祴,示,gāi,1,0
祵,示,kǔn,3,0
祶,示,dì,4,0
祷,示,dǎo,3,0
祸,示,huò,4,16
祹,示,táo,2,0
祺,示,qí,2,0
祻,示,gù,4,0
祼,示,guàn,4,0
祽,示,zuì,4,0
祾,示,líng,2,0
祿,示,lù,4,0
禀,示,bǐng,3,0
禁,示,jìn,4,142
禂,示,dǎo,3,0
禃,示,zhí,2,0
禄,示,lù,4,0
禅,示,chán,2,0
禇,示,zhě,3,0
禈,示,huī,1,0
禉,示,yǒu,3,0
禊,示,xì,4,0
禋,示,yīn,1,0
禌,示,zī,1,0
禍,示,huò,4,16
禎,示,zhēn,1,0
福,示,fú,2,199
禐,示,yuàn,4,0
禑,示,wú,2,0
禒,示,xiǎn,3,0
禓,示,yáng,2,0
禔,示,zhī,1,0
禕,示,yī,1,0
禖,示,méi,2,0
禗,示,sī,1,0
禘,示,dì,4,0
禙,示,bèi,4,0
禚,示,zhuó,2,0
禛,示,zhēn,1,0
禜,示,yǒng,3,0
禝,示,jì,4,0
禞,示,gào,4,0
禟,示,táng,2,0
禠,示,sī,1,0
禡,示,mà,4,0
禢,示,tà,4,0
禣,示,fù,4,0
禤,示,xuān,1,0
禥,示,qí,2,0
禦,示,yù,4,0
禧,示,xǐ,3,0
禨,示,jī,1,0
禩,示,sì,4,0
禪,示,chán,2,0
禫,示,dàn,4,0
禬,示,guì,4,0
禭,示,suì,4,0
禮,示,lǐ,3,114
禯,示,nóng,2,0
禰,示,mí,2,0
禱,示,dǎo,3,0
禲,示,lì,4,0
禳,示,ráng,2,0
禴,示,yuè,4,0
禵,示,tí,2,0
禶,示,zàn,4,0
禷,示,lèi,4,0
禸,禸,róu,2,0
禹,禸,yǔ,3,0
禺,禸,yú,2,0
离,禸,lí,2,790
禼,禸,xiè,4,0
禽,禸,qín,2,0
禾,禾,hé,2,0
禿,禾,tū,1,13
秀,禾,xiù,4,93
私,禾,sī,1,114
秂,禾,rén,2,0
秃,禾,tū,1,13
秄,禾,zǐ,3,0
秅,禾,chá,2,0
秆,禾,gǎn,3,12
秇,禾,yì,4,0
秈,禾,xiān,1,0
秉,禾,bǐng,3,0
秊,禾,nián,2,0
秋,禾,qiū,1,172
秌,禾,qiū,1,0
种,禾,zhǒng,3,3766
秎,禾,fèn,4,0
秏,禾,hào,4,0
秐,禾,yún,2,0
科,禾,kē,1,1462
秒,禾,miǎo,3,104
秓,禾,zhī,1,0
秔,禾,jīng,1,0
秕,禾,bǐ,3,0
秖,禾,zhī,1,0
秗,禾,yù,4,0
秘,禾,mì,4,154
秙,禾,kù,4,0
秚,禾,bàn,4,0
秛,禾,pī,1,0
秜,禾,ní,2,0
秝,禾,lì,4,0
秞,禾,yóu,2,0
租,禾,zū,1,51
秠,禾,pī,1,0
秡,禾,bó,2,0
秢,禾,líng,2,0
秣,禾,mò,4,0
秤,禾,chèng,4,15
秥,禾,nián,2,0
秦,禾,qín,2,0
秧,禾,yāng,1,64
秨,禾,zuó,2,0
秩,禾,zhì,4,46
秪,禾,zhī,1,0
秫,禾,shú,2,0
秬,禾,jù,4,0
秭,禾,zǐ,3,0
秮,禾,huó,2,0
积,禾,jī,1,562
称,禾,chēng,1,338
秱,禾,tóng,2,0
秲,禾,zhì,4,0
秳,禾,huó,2,0
秵,禾,yīn,1,0
秶,禾,zī,1,0
秷,禾,zhì,4,0
秸,禾,jiē,1,0
秹,禾,rěn,3,0
秺,禾,dù,4,0
移,禾,yí,2,221
秼,禾,zhū,1,0
秽,禾,huì,4,0
秾,禾,nóng,2,0
秿,禾,fù,4,0
稀,禾,xī,1,56
稁,禾,gǎo,3,0
稂,禾,láng,2,0
稃,禾,fū,1,0
稄,禾,xùn,4,0
稅,禾,shuì,4,23
稆,禾,lǚ,3,0
稇,禾,kǔn,3,0
稈,禾,gǎn,3,12
稉,禾,jīng,1,0
稊,禾,tí,2,0
程,禾,chéng,2,830
稌,禾,tú,2,0
稍,禾,shāo,1,118
税,禾,shuì,4,23
稏,禾,yà,4,0
稐,禾,lǔn,3,0
稑,禾,lù,4,0
稒,禾,gù,4,0
稓,禾,zuó,2,0
稔,禾,rěn,3,0
稕,禾,zhùn,4,0
稖,禾,bàng,4,0
稗,禾,bài,4,0
稘,禾,jī,1,0
稙,禾,zhī,1,0
稚,禾,zhì,4,16
稛,禾,kǔn,3,0
稜,禾,léng,2,0
稝,禾,péng,2,0
稞,禾,kē,1,0
稟,禾,bǐng,3,0
稠,禾,chóu,2,8
稡,禾,zuì,4,0
稢,禾,yù,4,0
稣,禾,sū,1,0
稤,禾,lüè,4,0
稥,禾,xiāng,1,0
稦,禾,yī,1,0
稧,禾,xì,4,0
稨,禾,biǎn,3,0
稩,禾,jì,4,0
稪,禾,fú,2,0
稫,禾,pì,4,0
稬,禾,nuò,4,0
稭,禾,jiē,1,0
種,禾,zhǒng,3,3766
稯,禾,zōng,1,0
稰,禾,xǔ,3,0
稱,禾,chēng,1,338
稲,禾,dào,4,0
稳,禾,wěn,3,152
稴,禾,xián,2,0
稵,禾,zī,1,0
稶,禾,yù,4,0
稷,禾,jì,4,0
稸,禾,xù,4,0
稹,禾,zhěn,3,0
稺,禾,zhì,4,0
稻,禾,dào,4,92
稼,禾,jià,4,118
稽,禾,jī,1,0
稾,禾,gǎo,3,0
稿,禾,gǎo,3,64
穀,禾,gǔ,3,0
穁,禾,róng,2,0
穂,禾,suì,4,0
穃,禾,rong,1,0
穄,禾,jì,4,0
穅,禾,kāng,1,0
穆,禾,mù,4,10
穇,禾,cǎn,3,0
穈,禾,méi,2,0
穉,禾,zhì,4,0
穊,禾,jì,4,0
穋,禾,lù,4,0
穌,禾,sū,1,0
積,禾,jī,1,562
穎,禾,yǐng,3,11
穏,禾,wěn,3,0
穐,禾,qiū,1,0
穑,禾,sè,4,0
穒,禾,hè,4,0
穓,禾,yì,4,0
穔,禾,huáng,2,0
穕,禾,qiè,4,0
穖,禾,jǐ,3,0
穗,禾,suì,4,20
穘,禾,xiāo,1,0
穙,禾,pú,2,0
穚,禾,jiāo,1,0
穛,禾,zhuō,1,0
穜,禾,tóng,2,0
穝,禾,zui,1,0
穞,禾,lǚ,3,0
穟,禾,suì,4,0
穠,禾,nóng,2,0
穡,禾,sè,4,0
穢,禾,huì,4,0
穣,禾,ráng,2,0
穤,禾,nuò,4,0
穥,禾,yù,4,0
穦,禾,pīn,1,0
穧,禾,jì,4,0
穨,禾,tuí,2,0
穩,禾,wěn,3,152
穪,禾,chēng,1,0
穫,禾,huò,4,0
穬,禾,kuàng,4,0
穭,禾,lǚ,3,0
穮,禾,biāo,1,0
穯,禾,sè,4,0
穰,禾,ráng,2,0
穱,禾,zhuō,1,0
穲,禾,lí,2,0
穳,禾,cuán,2,0
穴,穴,xué,2,0
穵,穴,wā,1,0
究,穴,jiū,1,1179
穷,穴,qióng,2,214
穸,穴,xī,1,0
穹,穴,qióng,2,0
空,穴,kōng,1,926
穻,穴,yū,1,0
穼,穴,shēn,1,0
穽,穴,jǐng,3,0
穾,穴,yào,4,0
穿,穴,chuān,1,594
窀,穴,zhūn,1,0
突,穴,tū,1,474
窂,穴,láo,2,0
窃,穴,qiè,4,38
窄,穴,zhǎi,3,47
窅,穴,yǎo,3,0
窆,穴,biǎn,3,0
窇,穴,báo,2,0
窈,穴,yǎo,3,0
窉,穴,bǐng,3,0
窊,穴,wā,1,0
窋,穴,zhú,2,0
窌,穴,jiào,4,0
窍,穴,qiào,4,0
窎,穴,diào,4,0
窏,穴,wū,1,0
窐,穴,guī,1,0
窑,穴,yáo,2,73
窒,穴,zhì,4,0
窓,穴,chuāng,1,0
窔,穴,yào,4,0
窕,穴,tiǎo,3,0
窖,穴,jiào,4,12
窗,穴,chuāng,1,372
窘,穴,jiǒng,3,0
窙,穴,xiāo,1,0
窚,穴,chéng,2,0
窛,穴,kòu,4,0
窜,穴,cuàn,4,51
窝,穴,wō,1,153
窞,穴,dàn,4,0
窟,穴,kū,1,26
窠,穴,kē,1,0
窡,穴,zhuó,2,0
窢,穴,xū,1,0
窣,穴,sū,1,0
窤,穴,guān,1,0
窥,穴,kuī,1,0
窦,穴,dòu,4,0
窧,穴,zhuo,1,0
窨,穴,yìn,4,0
窩,穴,wō,1,153
窪,穴,wā,1,0
窫,穴,yà,4,0
窬,穴,yú,2,0
窭,穴,jù,4,0
窮,穴,qióng,2,214
窯,穴,yáo,2,73
窰,穴,yáo,2,0
窱,穴,tiǎo,3,0
窲,穴,cháo,2,0
窳,穴,yǔ,3,0
窴,穴,tián,2,0
窵,穴,diào,4,0
窶,穴,jù,4,0
窷,穴,liào,4,0
窸,穴,xī,1,0
窹,穴,wù,4,0
窺,穴,kuī,1,0
窻,穴,chuāng,1,0
窼,穴,zhāo,1,0
窽,穴,kuǎn,3,0
窾,穴,kuǎn,3,0
窿,穴,lóng,2,26
竀,穴,chēng,1,0
竁,穴,cuì,4,0
竃,穴,zào,4,0
竄,穴,cuàn,4,51
竅,穴,qiào,4,0
竆,穴,qióng,2,0
竇,穴,dòu,4,0
竈,穴,zào,4,0
竉,穴,lǒng,3,0
竊,穴,qiè,4,38
立,立,lì,4,1565
竌,立,chù,4,0
竍,立,shí,2,0
竎,立,fù,4,0
竏,立,qiān,1,0
竐,立,chù,4,0
竑,立,hóng,2,0
竒,立,qí,2,0
竓,立,háo,2,0
竔,立,shēng,1,0
竕,立,fēn,1,0
竖,立,shù,4,30
竗,立,miào,4,0
竘,立,qǔ,3,0
站,立,zhàn,4,1100
竚,立,zhù,4,0
竛,立,líng,2,0
竜,立,lóng,2,0
竝,立,bìng,4,0
竞,立,jìng,4,79
竟,音,jìng,4,392
章,音,zhāng,1,424
竡,立,bǎi,3,0
竢,立,sì,4,0
竣,立,jùn,4,0
竤,立,hóng,2,0
童,立,tóng,2,55
竦,立,sǒng,3,0
竧,立,jìng,4,0
竨,立,diào,4,0
竩,立,yì,4,0
竪,立,shù,4,0
竫,立,jìng,4,0
竬,立,qǔ,3,0
竭,立,jié,2,27
竮,立,pīng,1,0
端,立,duān,1,259
竰,立,lí,2,0
竱,立,zhuǎn,3,0
竲,立,céng,2,0
竳,立,dēng,1,0
竴,立,cūn,1,0
竵,立,wāi,1,0
競,立,jìng,4,79
竷,立,kǎn,3,0
竸,立,jìng,4,0
竹,竹,zhú,2,96
竺,竹,zhú,2,0
竻,竹,lè,4,0
竼,竹,péng,2,0
竽,竹,yú,2,15
竾,竹,chí,2,0
竿,竹,gān,1,30
笀,竹,máng,2,0
笁,竹,zhú,2,0
笂,竹,wán,2,0
笃,竹,dǔ,3,0
笄,竹,jī,1,0
笅,竹,jiǎo,3,0
笆,竹,bā,1,15
笇,竹,suàn,4,0
笈,竹,jí,2,0
笉,竹,qǐn,3,0
笊,竹,zhào,4,0
笋,竹,sǔn,3,0
笌,竹,yá,2,0
笍,竹,zhuì,4,0
笎,竹,yuán,2,0
笏,竹,hù,4,0
笐,竹,háng,2,0
笑,竹,xiào,4,1403
笒,竹,cén,2,0
笓,竹,bì,4,0
笔,竹,bǐ,3,308
笕,竹,jiǎn,3,0
笖,竹,yǐ,3,0
笗,竹,dōng,1,0
笘,竹,shān,1,0
笙,竹,shēng,1,0
笚,竹,dā,1,0
笛,竹,dí,2,11
笜,竹,zhú,2,0
笝,竹,nà,4,0
笞,竹,chī,1,0
笟,竹,gū,1,0
笠,竹,lì,4,0
笡,竹,qiè,4,0
笢,竹,mǐn,3,0
笣,竹,bāo,1,0
笤,竹,tiáo,2,0
笥,竹,sì,4,0
符,竹,fú,2,84
笧,竹,cè,4,0
笨,竹,bèn,4,35
笩,竹,fá,2,0
笪,竹,dá,2,0
笫,竹,zǐ,3,0
第,竹,dì,4,1765
笭,竹,líng,2,0
笮,竹,zé,2,0
笯,竹,nú,2,0
笰,竹,fú,2,0
笱,竹,gǒu,3,0
笲,竹,fán,2,0
笳,竹,jiā,1,0
笴,竹,gǎn,3,0
笵,竹,fàn,4,0
笶,竹,shǐ,3,0
笷,竹,mǎo,3,0
笸,竹,pǒ,3,0
笹,竹,tì,4,0
笺,竹,jiān,1,0
笻,竹,qióng,2,0
笼,竹,lóng,2,96
笽,竹,mǐn,3,0
笾,竹,biān,1,0
笿,竹,luò,4,0
筀,竹,guì,4,0
筁,竹,qū,1,0
筂,竹,chí,2,0
筃,竹,yīn,1,0
筄,竹,yào,4,0
筅,竹,xiǎn,3,0
筆,竹,bǐ,3,308
筇,竹,qióng,2,0
筈,竹,kuò,4,0
等,竹,děng,3,2469
筊,竹,xiáo,2,0
筋,竹,jīn,1,60
筌,竹,quán,2,0
筍,竹,sǔn,3,0
筎,竹,rú,2,0
筏,竹,fá,2,0
筐,竹,kuāng,1,49
筑,竹,zhù,4,274
筒,竹,tǒng,3,45
筓,竹,jī,1,0
答,竹,dá,2,650
筕,竹,háng,2,0
策,竹,cè,4,259
筗,竹,zhòng,4,0
筘,竹,kòu,4,0
筙,竹,lái,2,0
筚,竹,bì,4,0
筛,竹,shāi,1,12
筜,竹,dāng,1,0
筝,竹,zhēng,1,0
筞,竹,cè,4,0
筟,竹,fū,1,0
筠,竹,yún,2,0
筡,竹,tú,2,0
筢,竹,pá,2,0
筣,竹,lí,2,0
筤,竹,láng,2,0
筥,竹,jǔ,3,0
筦,竹,guǎn,3,0
筧,竹,jiǎn,3,0
筨,竹,hán,2,0
筩,竹,tóng,2,0
筪,竹,xiá,2,0
筫,竹,zhì,4,0
筬,竹,chéng,2,0
筭,竹,suàn,4,0
筮,竹,shì,4,0
筯,竹,zhù,4,0
筰,竹,zuó,2,0
筱,竹,xiǎo,3,0
筲,竹,shāo,1,0
筳,竹,tíng,2,0
筴,竹,cè,4,0
筵,竹,yán,2,0
筶,竹,gào,4,0
筷,竹,kuài,4,41
筸,竹,gān,1,0
筹,竹,chóu,2,0
筺,竹,kuāng,1,0
筻,竹,gàng,4,0
筼,竹,yún,2,0
筽,竹,ōu,1,0
签,竹,qiān,1,76
筿,竹,xiǎo,3,0
简,竹,jiǎn,3,431
箁,竹,póu,2,0
箂,竹,lái,2,0
箃,竹,zōu,1,0
箄,竹,bǐ,3,0
箅,竹,bì,4,0
箆,竹,bì,4,0
箇,竹,gè,4,0
箈,竹,tái,2,0
箉,竹,guǎi,3,0
箊,竹,yū,1,0
箋,竹,jiān,1,0
箌,竹,dào,4,0
箍,竹,gū,1,0
箎,竹,chí,2,0
箏,竹,zhēng,1,0
箐,竹,qìng,4,0
箑,竹,shà,4,0
箒,竹,zhǒu,3,0
箓,竹,lù,4,0
箔,竹,bó,2,0
箕,竹,jī,1,0
箖,竹,lín,2,0
算,竹,suàn,4,1036
箘,竹,jùn,4,0
箙,竹,fú,2,0
箚,竹,zhá,2,0
箛,竹,gū,1,0
箜,竹,kōng,1,0
箝,竹,qián,2,0
箞,竹,qiān,1,0
箟,竹,jùn,4,0
箠,竹,chuí,2,0
管,竹,guǎn,3,981
箢,竹,yuān,1,0
箣,竹,cè,4,0
箤,竹,zú,2,0
箥,竹,bǒ,3,0
箦,竹,zé,2,0
箧,竹,qiè,4,0
箨,竹,tuò,4,0
箩,竹,luó,2,9
箪,竹,dān,1,0
箫,竹,xiāo,1,11
箬,竹,ruò,4,0
箭,竹,jiàn,4,87
箮,竹,xuān,1,0
箯,竹,biān,1,0
箰,竹,sǔn,3,0
箱,竹,xiāng,1,133
箲,竹,xiǎn,3,0
箳,竹,píng,2,0
箴,竹,zhēn,1,0
箵,竹,xīng,1,0
箶,竹,hú,2,0
箷,竹,yí,2,0
箸,竹,zhù,4,0
箹,竹,yuē,1,0
箺,竹,chūn,1,0
箻,竹,lǜ,4,0
箼,竹,wū,1,0
箽,竹,dǒng,3,0
箾,竹,shuò,4,0
箿,竹,jí,2,0
節,竹,jié,2,533
篁,竹,huáng,2,0
篂,竹,xīng,1,0
篃,竹,mèi,4,0
範,竹,fàn,4,0
篅,竹,chuán,2,0
篆,竹,zhuàn,4,0
篇,竹,piān,1,203
篈,竹,fēng,1,0
築,竹,zhú,2,0
篊,竹,huáng,2,0
篋,竹,qiè,4,0
篌,竹,hóu,2,0
篍,竹,qiū,1,0
篎,竹,miǎo,3,0
篏,竹,qiàn,4,0
篐,竹,gū,1,0
篑,竹,kuì,4,0
篒,竹,shi,1,0
篓,竹,lǒu,3,0
篔,竹,yún,2,0
篕,竹,hé,2,0
篖,竹,táng,2,0
篗,竹,yuè,4,0
篘,竹,chōu,1,0
篙,竹,gāo,1,0
篚,竹,fěi,3,0
篛,竹,ruò,4,0
篜,竹,zhēng,1,0
篝,竹,gōu,1,0
篞,竹,niè,4,0
篟,竹,qiàn,4,0
篠,竹,xiǎo,3,0
篡,竹,cuàn,4,0
篢,竹,lǒng,3,0
篣,竹,péng,2,0
篤,竹,dǔ,3,0
篥,竹,lì,4,0
篦,竹,bì,4,0
篧,竹,zhuó,2,0
篨,竹,chú,2,0
篩,竹,shāi,1,12
篪,竹,chí,2,0
篫,竹,zhù,4,0
篬,竹,qiāng,1,0
篭,竹,lóng,2,0
篮,竹,lán,2,74
篯,竹,jiān,1,0
篰,竹,bù,4,0
篱,竹,lí,2,15
篲,竹,huì,4,0
篳,竹,bì,4,0
篴,竹,dí,2,0
篵,竹,cōng,1,0
篶,竹,yān,1,0
篷,竹,péng,2,23
篸,竹,cǎn,3,0
篹,竹,zhuàn,4,0
篺,竹,pí,2,0
篻,竹,piǎo,3,0
篼,竹,dōu,1,0
篽,竹,yù,4,0
篾,竹,miè,4,0
篿,竹,tuán,2,0
簀,竹,zé,2,0
簁,竹,shāi,1,0
簂,竹,guì,4,0
簃,竹,yí,2,0
簄,竹,hù,4,0
簅,竹,chǎn,3,0
簆,竹,kòu,4,0
簇,竹,cù,4,20
簈,竹,píng,2,0
簉,竹,zào,4,0
簊,竹,jī,1,0
簋,竹,guǐ,3,0
簌,竹,sù,4,0
簍,竹,lǒu,3,0
簎,竹,cè,4,0
簏,竹,lù,4,0
簐,竹,niǎn,3,0
簑,竹,suō,1,0
簒,竹,cuàn,4,0
簓,竹,diāo,1,0
簔,竹,suō,1,0
簖,竹,duàn,4,0
簗,竹,zhù,4,0
簙,竹,bó,2,0
簛,竹,shāi,1,0
簜,竹,dàng,4,0
簝,竹,liáo,2,0
簞,竹,dān,1,0
簟,竹,diàn,4,0
簠,竹,fǔ,3,0
簡,竹,jiǎn,3,431
簢,竹,mǐn,3,0
簣,竹,kuì,4,0
簤,竹,dài,4,0
簥,竹,jiāo,1,0
簦,竹,dēng,1,0
簧,竹,huáng,2,0
簨,竹,sǔn,3,0
簩,竹,láo,2,0
簪,竹,zān,1,0
簫,竹,xiāo,1,11
簬,竹,lù,4,0
簭,竹,shì,4,0
簮,竹,zān,1,0
簯,竹,qi,1,0
簰,竹,pái,2,0
簱,竹,qí,2,0
簳,竹,gǎn,3,0
簴,竹,jù,4,0
簵,竹,lù,4,0
簶,竹,lù,4,0
簷,竹,yán,2,0
簸,竹,bǒ,3,18
簹,竹,dāng,1,0
簺,竹,sài,4,0
簻,竹,zhuā,1,0
簼,竹,gōu,1,0
簽,竹,qiān,1,76
簾,竹,lián,2,0
簿,竹,bù,4,0
籀,竹,zhòu,4,0
籁,竹,lài,4,0
籂,竹,shi,1,0
籃,竹,lán,2,74
籅,竹,yú,2,0
籆,竹,yuè,4,0
籇,竹,háo,2,0
籈,竹,zhēn,1,0
籉,竹,tái,2,0
籊,竹,tì,4,0
籋,竹,niè,4,0
籌,竹,chóu,2,0
籍,竹,jí,2,35
籎,竹,yí,2,0
籏,竹,qí,2,0
籐,竹,téng,2,0
籑,竹,zhuàn,4,0
籒,竹,zhòu,4,0
籓,竹,fān,1,0
籔,竹,sǒu,3,0
籕,竹,zhòu,4,0
籖,竹,qian,1,0
籗,竹,zhuó,2,0
籘,竹,téng,2,0
籙,竹,lù,4,0
籚,竹,lú,2,0
籛,竹,jiǎn,3,0
籜,竹,tuò,4,0
籝,竹,yíng,2,0
籞,竹,yù,4,0
籟,竹,lài,4,0
籠,竹,lóng,2,96
籡,竹,qiè,4,0
籢,竹,lián,2,0
籣,竹,lán,2,0
籤,竹,qiān,1,0
籥,竹,yuè,4,0
籦,竹,zhōng,1,0
籧,竹,qú,2,0
籨,竹,lián,2,0
籩,竹,biān,1,0
籪,竹,duàn,4,0
籫,竹,zuǎn,3,0
籬,竹,lí,2,15
籭,竹,sī,1,0
籮,竹,luó,2,9
籯,竹,yíng,2,0
籰,竹,yuè,4,0
籱,竹,zhuó,2,0
籲,竹,yù,4,0
米,米,mǐ,3,784
籴,米,dí,2,0
籵,米,fán,2,0
籶,米,shēn,1,0
籷,米,zhé,2,0
籸,米,shēn,1,0
籹,米,nǚ,3,0
籺,米,hé,2,0
类,米,lèi,4,792
籼,米,xiān,1,0
籽,米,zǐ,3,10
籾,米,ní,2,0
籿,米,cùn,4,0
粀,米,zhàng,4,0
粁,米,qiān,1,0
粂,米,zhāi,1,0
粃,米,bǐ,3,0
粄,米,bǎn,3,0
粅,米,wù,4,0
粆,米,shā,1,0
粇,米,kāng,1,0
粈,米,róu,2,0
粉,米,fěn,3,211
粊,米,bì,4,0
粋,米,cuì,4,0
粌,米,yin,1,0
粍,米,zhé,2,0
粎,米,mǐ,3,0
粏,米,tai,1,0
粐,米,hù,4,0
粑,米,bā,1,0
粒,米,lì,4,103
粓,米,gān,1,0
粔,米,jù,4,0
粕,米,pò,4,0
粖,米,mò,4,0
粗,米,cū,1,182
粘,米,zhān,1,26
粙,米,zhòu,4,0
粚,米,chī,1,0
粛,米,sù,4,0
粜,米,tiào,4,18
粝,米,lì,4,0
粞,米,xī,1,0
粟,米,sù,4,0
粠,米,hóng,2,0
粡,米,tóng,2,0
粢,米,zī,1,0
粣,米,cè,4,0
粤,米,yuè,4,0
粥,米,zhōu,1,48
粦,米,lín,2,0
粧,米,zhuāng,1,0
粨,米,bǎi,3,0
粩,米,lāo,1,0
粪,米,fèn,4,36
粫,米,ér,2,0
粬,米,qū,1,0
粭,米,hé,2,0
粮,米,liáng,2,280
粯,米,xiàn,4,0
粰,米,fú,2,0
粱,米,liáng,2,0
粲,米,càn,4,0
粳,米,jīng,1,0
粴,米,lǐ,3,0
粵,米,yuè,4,0
粶,米,lù,4,0
粷,米,jú,2,0
粸,米,qí,2,0
粹,米,cuì,4,17
粺,米,bài,4,0
粻,米,zhāng,1,0
粼,米,lín,2,0
粽,米,zòng,4,0
精,米,jīng,1,664
粿,米,guǒ,3,0
糀,米,huā,1,0
糁,米,sǎn,3,0
糂,米,sǎn,3,0
糃,米,táng,2,0
糄,米,biǎn,3,0
糅,米,róu,2,0
糆,米,miàn,4,0
糇,米,hóu,2,0
糈,米,xǔ,3,0
糉,米,zòng,4,0
糊,米,hú,2,162
糋,米,jiàn,4,0
糌,米,zān,1,0
糍,米,cí,2,0
糎,米,lí,2,0
糏,米,xiè,4,0
糐,米,fū,1,0
糑,米,nuò,4,0
糒,米,bèi,4,0
糓,米,gǔ,3,0
糔,米,xiǔ,3,0
糕,米,gāo,1,18
糖,米,táng,2,97
糗,米,qiǔ,3,0
糘,米,jiā,1,0
糙,米,cāo,1,16
糚,米,zhuāng,1,0
糛,米,táng,2,0
糜,米,mí,2,0
糝,米,sǎn,3,0
糞,米,fèn,4,36
糟,米,zāo,1,100
糠,米,kāng,1,0
糡,米,jiàng,4,0
糢,米,mó,2,0
糣,米,sǎn,3,0
糥,米,nuò,4,0
糦,米,xī,1,0
糧,米,liáng,2,280
糨,米,jiàng,4,0
糩,米,kuài,4,0
糪,米,bò,4,0
糫,米,huán,2,0
糬,米,shǔ,3,0
糭,米,zòng,4,0
糮,米,xiàn,4,0
糯,米,nuò,4,0
糰,米,tuán,2,0
糱,米,niè,4,0
糲,米,lì,4,0
糳,米,zuò,4,0
糴,米,dí,2,0
糵,米,niè,4,0
糶,米,tiào,4,18
糷,米,làn,4,0
糸,糸,mì,4,0
糹,糸,sī,1,0
糺,糸,jiū,1,0
系,糸,xì,4,1382
糼,糸,gōng,1,0
糽,糸,zhěng,3,0
糾,糸,jiū,1,68
糿,糸,yòu,4,0
紀,糸,jì,4,467
紁,糸,chà,4,0
紂,糸,zhòu,4,0
紃,糸,xún,2,0
約,糸,yuē,1,553
紅,糸,hóng,2,839
紆,糸,yū,1,0
紇,糸,hé,2,0
紈,糸,wán,2,0
紉,糸,rèn,4,0
紊,糸,wěn,3,0
紋,糸,wén,2,47
紌,糸,qiú,2,0
納,糸,nà,4,21
紎,糸,zī,1,0
紏,糸,tǒu,3,0
紐,糸,niǔ,3,26
紑,糸,fóu,2,0
紒,糸,jì,4,0
紓,糸,shū,1,0
純,糸,chún,2,133
紕,糸,pī,1,0
紖,糸,zhèn,4,0
紗,糸,shā,1,78
紘,糸,hóng,2,0
紙,糸,zhǐ,3,466
級,糸,jí,2,2047
紛,糸,fēn,1,148
紜,糸,yún,2,0
紝,糸,rèn,4,0
紞,糸,dǎn,3,0
紟,糸,jīn,1,0
素,糸,sù,4,289
紡,糸,fǎng,3,178
索,糸,suǒ,3,171
紣,糸,cuì,4,0
紤,糸,jiǔ,3,0
紥,糸,zā,1,0
紦,糸,ba,5,0
紧,糸,jǐn,3,897
紨,糸,fū,1,0
紩,糸,zhì,4,0
紪,糸,qī,1,0
紫,糸,zǐ,3,49
紬,糸,chóu,2,0
紭,糸,hóng,2,0
紮,糸,zā,1,0
累,糸,lèi,4,165
細,糸,xì,4,840
紱,糸,fú,2,0
紲,糸,xiè,4,0
紳,糸,shēn,1,16
紴,糸,bō,1,0
紵,糸,zhù,4,0
紶,糸,qū,1,0
紷,糸,líng,2,0
紸,糸,zhù,4,0
紹,糸,shào,4,156
紺,糸,gàn,4,0
紻,糸,yǎng,3,0
紼,糸,fú,2,0
紽,糸,tuó,2,0
紾,糸,zhěn,3,0
紿,糸,dài,4,0
絀,糸,chù,4,0
絁,糸,shī,1,0
終,糸,zhōng,1,385
絃,糸,xián,2,0
組,糸,zǔ,3,962
絅,糸,jiōng,1,0
絆,糸,bàn,4,0
絇,糸,qú,2,0
絈,糸,mò,4,0
絉,糸,shù,4,0
絊,糸,zuì,4,0
絋,糸,kuàng,4,0
経,糸,jīng,1,0
絍,糸,rèn,4,0
絎,糸,háng,2,0
絏,糸,xiè,4,0
結,糸,jié,2,1510
絑,糸,zhū,1,0
絒,糸,chóu,2,0
絓,糸,guà,4,0
絔,糸,bǎi,3,0
絕,糸,jué,2,294
絖,糸,kuàng,4,0
絗,糸,hú,2,0
絘,糸,cì,4,0
絙,糸,huán,2,0
絚,糸,gēng,1,0
絛,糸,tāo,1,0
絜,糸,jié,2,0
絝,糸,kù,4,0
絞,糸,jiǎo,3,0
絟,糸,quán,2,0
絠,糸,gǎi,3,0
絡,糸,luò,4,27
絢,糸,xuàn,4,13
絣,糸,bēng,1,0
絤,糸,xiàn,4,0
絥,糸,fú,2,0
給,糸,gěi,3,2940
絧,糸,dòng,4,0
絨,糸,róng,2,27
絩,糸,tiào,4,0
絪,糸,yīn,1,0
絫,糸,lěi,3,0
絬,糸,xiè,4,0
絭,糸,juàn,4,0
絮,糸,xù,4,0
絯,糸,gāi,1,0
絰,糸,dié,2,0
統,糸,tǒng,3,959
絲,糸,sī,1,186
絳,糸,jiàng,4,0
絴,糸,xiáng,2,0
絵,糸,huì,4,0
絶,糸,jué,2,0
絷,糸,zhí,2,0
絸,糸,jiǎn,3,0
絹,糸,juàn,4,18
絺,糸,chī,1,0
絻,糸,miǎn,3,0
絼,糸,zhèn,4,0
絽,糸,lǚ,3,0
絾,糸,chéng,2,0
絿,糸,qiú,2,0
綀,糸,shū,1,0
綁,糸,bǎng,3,52
綂,糸,tǒng,3,0
綃,糸,xiāo,1,0
綄,糸,huán,2,0
綅,糸,qīn,1,0
綆,糸,gěng,3,0
綇,糸,xiǔ,3,0
綈,糸,tí,2,0
綉,糸,tòu,4,0
綊,糸,xié,2,0
綋,糸,hóng,2,0
綌,糸,xì,4,0
綍,糸,fú,2,0
綎,糸,tīng,1,0
綏,糸,suī,1,0
綐,糸,duì,4,0
綑,糸,kǔn,3,0
綒,糸,fū,1,0
經,糸,jīng,1,4196
綔,糸,hù,4,0
綕,糸,zhī,1,0
綖,糸,yán,2,0
綗,糸,jiǒng,3,0
綘,糸,féng,2,0
継,糸,jì,4,0
続,糸,xù,4,0
綛,糸,rěn,3,0
綜,糸,zōng,1,64
綝,糸,chēn,1,0
綞,糸,duǒ,3,0
綟,糸,lì,4,0
綠,糸,lǜ,4,220
綡,糸,liáng,2,0
綢,糸,chóu,2,24
綣,糸,quǎn,3,0
綤,糸,shào,4,0
綥,糸,qí,2,0
綦,糸,qí,2,0
綧,糸,zhǔn,3,0
綨,糸,qí,2,0
綩,糸,wǎn,3,0
綪,糸,qiàn,4,0
綫,糸,xiàn,4,0
綬,糸,shòu,4,0
維,糸,wéi,2,419
綮,糸,qìng,4,0
綯,糸,táo,2,0
綰,糸,wǎn,3,0
綱,糸,gāng,1,83
網,糸,wǎng,3,120
綳,糸,bēng,1,0
綴,糸,zhuì,4,14
綵,糸,cǎi,3,0
綶,糸,guǒ,3,0
綷,糸,cuì,4,0
綸,糸,lún,2,48
綹,糸,liǔ,3,0
綺,糸,qǐ,3,0
綻,糸,zhàn,4,0
綼,糸,bì,4,0
綽,糸,chuò,4,0
綾,糸,líng,2,0
綿,糸,mián,2,18
緀,糸,qī,1,0
緁,糸,qiè,4,0
緂,糸,tián,2,0
緃,糸,zōng,1,0
緄,糸,gǔn,3,0
緅,糸,zōu,1,0
緆,糸,xī,1,0
緇,糸,zī,1,0
緈,糸,xìng,4,0
緉,糸,liǎng,3,0
緊,糸,jǐn,3,897
緋,糸,fēi,1,0
緌,糸,ruí,2,0
緍,糸,mín,2,0
緎,糸,yù,4,0
総,糸,zǒng,3,0
緐,糸,fán,2,0
緑,糸,lǜ,4,0
緒,糸,xù,4,92
緓,糸,yīng,1,0
緔,糸,shàng,4,0
緕,糸,qi,1,0
緖,糸,xù,4,0
緗,糸,xiāng,1,0
緘,糸,jiān,1,0
緙,糸,kè,4,0
線,糸,xiàn,4,1280
緛,糸,ruǎn,3,0
緜,糸,mián,2,0
緝,糸,jī,1,0
緞,糸,duàn,4,9
緟,糸,chóng,2,0
締,糸,dì,4,12
緡,糸,mín,2,0
緢,糸,miáo,2,0
緣,糸,yuán,2,77
緤,糸,xiè,4,0
緥,糸,bǎo,3,0
緦,糸,sī,1,0
緧,糸,qiū,1,0
編,糸,biān,1,215
緩,糸,huǎn,3,155
緪,糸,gēng,1,0
緫,糸,cōng,1,0
緬,糸,miǎn,3,0
緭,糸,wèi,4,0
緮,糸,fù,4,0
緯,糸,wěi,3,41
緰,糸,tóu,2,0
緱,糸,gōu,1,0
緲,糸,miǎo,3,0
緳,糸,xié,2,0
練,糸,liàn,4,245
緵,糸,zōng,1,0
緶,糸,biàn,4,0
緷,糸,yùn,4,0
緸,糸,yīn,1,0
緹,糸,tí,2,0
緺,糸,guā,1,0
緻,糸,zhì,4,0
緼,糸,yùn,4,0
緽,糸,chēng,1,0
緾,糸,chán,2,0
緿,糸,dài,4,0
縀,糸,xiá,2,0
縁,糸,yuán,2,0
縃,糸,xū,1,0
縄,糸,shéng,2,0
縅,糸,wēi,1,0
縆,糸,gēng,1,0
縇,糸,xuān,1,0
縈,糸,yíng,2,0
縉,糸,jìn,4,0
縊,糸,yì,4,0
縋,糸,zhuì,4,0
縌,糸,nì,4,0
縍,糸,bāng,1,0
縎,糸,gǔ,3,0
縏,糸,pán,2,0
縐,糸,zhòu,4,0
縑,糸,jiān,1,0
縒,糸,cī,1,0
縓,糸,quán,2,0
縔,糸,shuǎng,3,0
縕,糸,yùn,4,0
縖,糸,xiá,2,0
縗,糸,cuī,1,0
縘,糸,xī,1,0
縙,糸,róng,2,0
縚,糸,tāo,1,0
縛,糸,fù,4,34
縜,糸,yún,2,0
縝,糸,chēn,1,0
縞,糸,gǎo,3,0
縟,糸,rù,4,0
縠,糸,hú,2,0
縡,糸,zài,4,0
縢,糸,téng,2,0
縣,糸,xiàn,4,429
縤,糸,sù,4,0
縥,糸,zhěn,3,0
縦,糸,zòng,4,0
縧,糸,tāo,1,0
縨,糸,huǎng,3,0
縩,糸,cài,4,0
縪,糸,bì,4,0
縫,糸,fèng,4,106
縬,糸,cù,4,0
縭,糸,lí,2,0
縮,糸,suō,1,179
縯,糸,yǎn,3,0
縰,糸,xǐ,3,0
縱,糸,zòng,4,43
縲,糸,léi,2,0
縳,糸,juàn,4,0
縴,糸,qiàn,4,0
縵,糸,màn,4,0
縶,糸,zhí,2,0
縷,糸,lǚ,3,18
縸,糸,mù,4,0
縹,糸,piǎo,3,0
縺,糸,lián,2,0
縻,糸,mí,2,0
縼,糸,xuàn,4,0
總,糸,zǒng,3,1599
績,糸,jī,1,132
縿,糸,shān,1,0
繀,糸,suì,4,0
繁,糸,fán,2,129
繂,糸,lǜ,4,0
繃,糸,běng,3,30
繄,糸,yī,1,0
繅,糸,sāo,1,0
繆,糸,móu,2,0
繇,糸,yáo,2,0
繈,糸,qiǎng,3,0
繉,糸,hún,2,0
繊,糸,xiān,1,0
繋,糸,jì,4,0
繌,糸,sha,1,0
繍,糸,xiù,4,0
繎,糸,rán,2,0
繏,糸,xuàn,4,0
繐,糸,suì,4,0
繑,糸,qiāo,1,0
繒,糸,zēng,1,0
繓,糸,zuǒ,3,0
織,糸,zhī,1,733
繕,糸,shàn,4,0
繖,糸,sǎn,3,0
繗,糸,lín,2,0
繘,糸,yù,4,0
繙,糸,fān,1,0
繚,糸,liáo,2,0
繛,糸,chuò,4,0
繜,糸,zūn,1,0
繝,糸,jiàn,4,0
繞,糸,rào,4,114
繟,糸,chǎn,3,0
繠,糸,ruǐ,3,0
繡,糸,xiù,4,22
繢,糸,huì,4,0
繣,糸,huà,4,0
繤,糸,zuǎn,3,0
繥,糸,xī,1,0
繦,糸,qiǎng,3,0
繧,糸,yun,1,0
繨,糸,da,1,0
繩,糸,shéng,2,127
繪,糸,huì,4,39
繫,糸,xì,4,0
繬,糸,sè,4,0
繭,糸,jiǎn,3,14
繮,糸,jiāng,1,0
繯,糸,huán,2,0
繰,糸,zǎo,3,0
繱,糸,cōng,1,0
繲,糸,xiè,4,0
繳,糸,jiǎo,3,17
繴,糸,bì,4,0
繵,糸,dàn,4,0
繶,糸,yì,4,0
繷,糸,nǒng,3,0
繸,糸,suì,4,0
繹,糸,yì,4,0
繺,糸,shǎi,3,0
繻,糸,xū,1,0
繼,糸,jì,4,405
繽,糸,bīn,1,0
繾,糸,qiǎn,3,0
繿,糸,lán,2,0
纀,糸,pú,2,0
纁,糸,xūn,1,0
纂,糸,zuǎn,3,0
纃,糸,qí,2,0
纄,糸,péng,2,0
纅,糸,yào,4,0
纆,糸,mò,4,0
纇,糸,lèi,4,0
纈,糸,xié,2,0
纉,糸,zuǎn,3,0
纊,糸,kuàng,4,0
纋,糸,yōu,1,0
續,糸,xù,4,489
纍,糸,léi,2,0
纎,糸,xiān,1,0
纏,糸,chán,2,32
纐,糸,jiǎo,3,0
纑,糸,lú,2,0
纒,糸,chán,2,0
纓,糸,yīng,1,0
纔,糸,cái,2,0
纕,糸,rǎng,3,0
纖,糸,xiān,1,197
纗,糸,zuī,1,0
纘,糸,zuǎn,3,0
纙,糸,luò,4,0
纚,糸,lí,2,0
纛,糸,dào,4,0
纜,糸,lǎn,3,0
纝,糸,léi,2,0
纞,糸,liàn,4,0
纟,糸,sī,1,0
纠,糸,jiū,1,68
纡,糸,yū,1,0
红,糸,hóng,2,839
纣,糸,zhòu,4,0
纤,糸,xiān,1,197
纥,糸,hé,2,0
约,糸,yuē,1,553
级,糸,jí,2,2047
纨,糸,wán,2,0
纩,糸,kuàng,4,0
纪,糸,jì,4,467
纫,糸,rèn,4,0
纬,糸,wěi,3,41
纭,糸,yún,2,0
纮,糸,hóng,2,0
纯,糸,chún,2,133
纰,糸,pī,1,0
纱,糸,shā,1,78
纲,糸,gāng,1,83
纳,糸,nà,4,21
纴,糸,rèn,4,0
纵,糸,zòng,4,43
纶,糸,lún,2,48
纷,糸,fēn,1,148
纸,糸,zhǐ,3,466
纹,糸,wén,2,47
纺,糸,fǎng,3,178
纻,糸,zhù,4,0
纼,糸,zhèn,4,0
纽,糸,niǔ,3,26
纾,糸,shū,1,0
线,糸,xiàn,4,1280
绀,糸,gàn,4,0
绁,糸,xiè,4,0
绂,糸,fú,2,0
练,糸,liàn,4,245
组,糸,zǔ,3,962
绅,糸,shēn,1,16
细,糸,xì,4,840
织,糸,zhī,1,733
终,糸,zhōng,1,385
绉,糸,zhòu,4,0
绊,糸,bàn,4,0
绋,糸,fú,2,0
绌,糸,chù,4,0
绍,糸,shào,4,156
绎,糸,yì,4,0
经,糸,jīng,1,4196
绐,糸,dài,4,0
绑,糸,bǎng,3,52
绒,糸,róng,2,27
结,糸,jié,2,1510
绔,糸,kù,4,0
绕,糸,rào,4,114
绖,糸,dié,2,0
绗,糸,háng,2,0
绘,糸,huì,4,39
给,糸,gěi,3,2940
绚,糸,xuàn,4,13
绛,糸,jiàng,4,0
络,糸,luò,4,27
绝,糸,jué,2,294
绞,糸,jiǎo,3,0
统,糸,tǒng,3,959
绠,糸,gěng,3,0
绡,糸,xiāo,1,0
绢,糸,juàn,4,18
绣,糸,xiù,4,22
绤,糸,xì,4,0
绥,糸,suí,2,0
绦,糸,tāo,1,0
继,糸,jì,4,405
绨,糸,tí,2,0
绩,糸,jì,4,132
绪,糸,xù,4,92
绫,糸,líng,2,0
续,糸,xù,4,489
绮,糸,qǐ,3,0
绯,糸,fēi,1,0
绰,糸,chuò,4,0
绱,糸,shàng,4,0
绲,糸,gǔn,3,0
绳,糸,shéng,2,127
维,糸,wéi,2,419
绵,糸,mián,2,18
绶,糸,shòu,4,0
绷,糸,bēng,1,30
绸,糸,chóu,2,24
绹,糸,táo,2,0
绺,糸,liǔ,3,0
绻,糸,quǎn,3,0
综,糸,zōng,1,64
绽,糸,zhàn,4,0
绾,糸,wǎn,3,0
绿,糸,lǜ,4,220
缀,糸,zhuì,4,14
缁,糸,zī,1,0
缂,糸,kè,4,0
缃,糸,xiāng,1,0
缄,糸,jiān,1,0
缅,糸,miǎn,3,0
缆,糸,lǎn,3,0
缇,糸,tí,2,0
缈,糸,miǎo,3,0
缉,糸,jī,1,0
缊,糸,yùn,4,0
缋,糸,huì,4,0
缌,糸,sī,1,0
缍,糸,duǒ,3,0
缎,糸,duàn,4,9
缏,糸,biàn,4,0
缐,糸,xiàn,4,0
缑,糸,gōu,1,0
缒,糸,zhuì,4,0
缓,糸,huǎn,3,155
缔,糸,dì,4,12
缕,糸,lǚ,3,18
编,糸,biān,1,215
缗,糸,mín,2,0
缘,糸,yuán,2,77
缙,糸,jìn,4,0
缚,糸,fù,4,34
缛,糸,rù,4,0
缜,糸,zhěn,3,0
缝,糸,fèng,4,106
缞,糸,cuī,1,0
缟,糸,gǎo,3,0
缠,糸,chán,2,32
缡,糸,lí,2,0
缢,糸,yì,4,0
缣,糸,jiān,1,0
缤,糸,bīn,1,0
缥,糸,piāo,1,0
缦,糸,màn,4,0
缧,糸,léi,2,0
缨,糸,yīng,1,0
缩,糸,suō,1,179
缪,糸,móu,2,0
缫,糸,sāo,1,0
缬,糸,xié,2,0
缭,糸,liáo,2,0
缮,糸,shàn,4,0
缯,糸,zēng,1,0
缰,糸,jiāng,1,17
缱,糸,qiǎn,3,0
缲,糸,qiāo,1,0
缳,糸,huán,2,0
缴,糸,jiǎo,3,17
缵,糸,zuǎn,3,0
缶,缶,fǒu,3,0
缷,缶,xiè,4,0
缸,缶,gāng,1,38
缹,缶,fǒu,3,0
缺,缶,quē,1,364
缻,缶,fǒu,3,0
缼,缶,qi,1,0
缽,缶,bō,1,0
缾,缶,píng,2,0
缿,缶,xiàng,4,0
罂,缶,yīng,1,0
罃,缶,yīng,1,0
罄,缶,qìng,4,0
罅,缶,xià,4,0
罆,缶,guàn,4,0
罇,缶,zūn,1,0
罈,缶,tán,2,0
罉,缶,chēng,1,0
罊,缶,qì,4,0
罋,缶,wèng,4,0
罌,缶,yīng,1,0
罍,缶,léi,2,0
罎,缶,tán,2,0
罏,缶,lú,2,0
罐,缶,guàn,4,40
网,网,wǎng,3,120
罒,网,wǎng,3,0
罓,网,gāng,1,0
罔,网,wǎng,3,0
罕,网,hǎn,3,0
罖,网,luó,2,0
罗,网,luó,2,0
罘,网,fú,2,0
罙,网,shēn,1,0
罚,网,fá,2,26
罛,网,gū,1,0
罜,网,zhǔ,3,0
罝,网,jū,1,0
罞,网,máo,2,0
罟,网,gǔ,3,0
罠,网,mín,2,0
罡,网,gāng,1,0
罢,网,bà,4,2221
罣,网,guà,4,0
罤,网,tí,2,0
罥,网,juàn,4,0
罦,网,fú,2,0
罧,网,shèn,4,0
罨,网,yǎn,3,0
罩,网,zhào,4,49
罪,网,zuì,4,183
罫,网,guà,4,0
罬,网,zhuó,2,0
罭,网,yù,4,0
置,网,zhì,4,270
罯,网,ǎn,3,0
罰,网,fá,2,26
罱,网,lǎn,3,0
署,网,shǔ,3,27
罳,网,sī,1,0
罴,网,pí,2,0
罵,网,mà,4,182
罶,网,liǔ,3,0
罷,网,bà,4,2221
罸,网,fá,2,0
罹,网,lí,2,0
罺,网,cháo,2,0
罻,网,wèi,4,0
罼,网,bì,4,0
罽,网,jì,4,0
罾,网,zēng,1,0
罿,网,chōng,1,0
羀,网,liǔ,3,0
羁,网,jī,1,0
羂,网,juàn,4,0
羃,网,mì,4,0
羄,网,zhào,4,0
羅,网,luó,2,0
羆,网,pí,2,0
羇,网,jī,1,0
羈,网,jī,1,0
羉,网,luán,2,0
羊,羊,yáng,2,216
羋,羊,mǐ,3,0
羌,羊,qiāng,1,0
羍,羊,dá,2,0
美,羊,měi,3,466
羏,羊,yáng,2,0
羐,羊,yǒu,3,0
羑,羊,yǒu,3,0
羒,羊,fén,2,0
羓,羊,bā,1,0
羔,羊,gāo,1,10
羕,羊,yàng,4,0
羖,羊,gǔ,3,0
羗,羊,qiāng,1,0
羘,羊,zāng,1,0
羙,羊,gāo,1,0
羚,羊,líng,2,0
羛,羊,yì,4,0
羜,羊,zhù,4,0
羝,羊,dī,1,0
羞,羊,xiū,1,0
羟,羊,qiǎng,3,0
羠,羊,yí,2,0
羡,羊,xiàn,4,24
羢,羊,róng,2,0
羣,羊,qún,2,0
群,羊,qún,2,1210
羥,羊,qiǎng,3,0
羦,羊,huán,2,0
羧,羊,suō,1,0
羨,羊,xiàn,4,24
義,羊,yì,4,4472
羪,羊,yang,1,0
羫,羊,qiāng,1,0
羬,羊,qián,2,0
羭,羊,yú,2,0
羮,羊,gēng,1,0
羯,羊,jié,2,0
羰,羊,tāng,1,0
羱,羊,yuán,2,0
羲,羊,xī,1,0
羳,羊,fán,2,0
羴,羊,shān,1,0
羵,羊,fén,2,0
羶,羊,shān,1,0
羷,羊,liǎn,3,0
羸,羊,léi,2,0
羹,羊,gēng,1,0
羺,羊,nóu,2,0
羻,羊,qiàng,4,0
羼,羊,chàn,4,0
羽,羽,yǔ,3,16
羾,羽,gòng,4,0
羿,羽,yì,4,0
翀,羽,chōng,1,0
翁,羽,wēng,1,20
翂,羽,fēn,1,0
翃,羽,hóng,2,0
翄,羽,chì,4,0
翅,羽,chì,4,85
翆,羽,cuì,4,0
翇,羽,fú,2,0
翈,羽,xiá,2,0
翉,羽,běn,3,0
翊,羽,yì,4,0
翋,羽,lā,1,0
翌,羽,yì,4,0
翍,羽,pī,1,0
翎,羽,líng,2,0
翏,羽,liù,4,0
翐,羽,zhì,4,0
翑,羽,qú,2,0
習,羽,xí,2,836
翓,羽,xié,2,0
翔,羽,xiáng,2,9
翕,羽,xī,1,0
翖,羽,xī,1,0
翗,羽,ké,2,0
翘,羽,qiào,4,30
翙,羽,huì,4,0
翚,羽,huī,1,0
翛,羽,xiāo,1,0
翜,羽,shà,4,0
翝,羽,hóng,2,0
翞,羽,jiāng,1,0
翟,羽,dí,2,0
翠,羽,cuì,4,0
翡,羽,fěi,3,0
翢,羽,dào,4,0
翣,羽,shà,4,0
翤,羽,chì,4,0
翥,羽,zhù,4,0
翦,羽,jiǎn,3,0
翧,羽,xuān,1,0
翨,羽,chì,4,0
翩,羽,piān,1,0
翪,羽,zōng,1,0
翫,羽,wán,2,0
翬,羽,huī,1,0
翭,羽,hóu,2,0
翮,羽,hé,2,0
翯,羽,hè,4,0
翰,羽,hàn,4,0
翱,羽,áo,2,0
翲,羽,piāo,1,0
翳,羽,yì,4,0
翴,羽,lián,2,0
翵,羽,hóu,2,0
翶,羽,áo,2,0
翷,羽,lín,2,0
翸,羽,pěn,3,0
翹,羽,qiào,4,30
翺,羽,áo,2,0
翻,羽,fān,1,369
翼,羽,yì,4,23
翽,羽,huì,4,0
翾,羽,xuān,1,0
翿,羽,dào,4,0
耀,羽,yào,4,54
老,老,lǎo,3,3598
耂,老,lǎo,3,0
考,老,kǎo,3,334
耄,老,mào,4,0
者,老,zhě,3,1454
耆,老,qí,2,0
耇,老,gǒu,3,0
耈,老,gǒu,3,0
耉,老,gǒu,3,0
耊,老,dié,2,0
耋,老,dié,2,0
而,而,ér,2,3483
耍,而,shuǎ,3,29
耎,而,ruǎn,3,0
耏,而,nài,4,0
耐,而,nài,4,221
耑,而,duān,1,0
耒,耒,lěi,3,0
耓,耒,tīng,1,0
耔,耒,zǐ,3,0
耕,耒,gēng,1,55
耖,耒,chào,4,0
耗,耒,hào,4,86
耘,耒,yún,2,0
耙,耒,bà,4,0
耚,耒,pī,1,0
耛,耒,yí,2,0
耜,耒,sì,4,0
耝,耒,qù,4,0
耞,耒,jiā,1,0
耟,耒,jù,4,0
耠,耒,huō,1,0
耡,耒,chú,2,0
耢,耒,lào,4,0
耣,耒,lǔn,3,0
耤,耒,jí,2,0
耥,耒,tāng,1,0
耦,耒,ǒu,3,0
耧,耒,lóu,2,0
耨,耒,nòu,4,0
耩,耒,jiǎng,3,0
耪,耒,pǎng,3,0
耫,耒,zhá,2,0
耬,耒,lóu,2,0
耭,耒,jī,1,0
耮,耒,lào,4,0
耰,耒,yōu,1,0
耱,耒,mò,4,0
耲,耒,huái,2,0
耳,耳,ěr,3,176
耴,耳,yì,4,0
耵,耳,dīng,1,0
耶,耳,yé,2,0
耷,耳,dā,1,12
耸,耳,sǒng,3,39
耹,耳,qín,2,0
耺,耳,yún,2,0
耻,耳,chǐ,3,36
耼,耳,dān,1,0
耽,耳,dān,1,33
耾,耳,hóng,2,0
耿,耳,gěng,3,0
聀,耳,zhí,2,0
聁,耳,pàn,4,0
聂,耳,niè,4,0
聃,耳,dān,1,0
聄,耳,zhěn,3,0
聅,耳,chè,4,0
聆,耳,líng,2,0
聇,耳,zhēng,1,0
聈,耳,yǒu,3,0
聉,耳,wà,4,0
聊,耳,liáo,2,29
聋,耳,lóng,2,0
职,耳,zhí,2,173
聍,耳,níng,2,0
聎,耳,tiāo,1,0
聏,耳,ér,2,0
聐,耳,yà,4,0
聑,耳,tiē,1,0
聒,耳,guō,1,0
聓,耳,xù,4,0
联,耳,lián,2,578
聕,耳,hào,4,0
聖,耳,shèng,4,28
聗,耳,liè,4,0
聘,耳,pìn,4,0
聙,耳,jīng,1,0
聚,耳,jù,4,73
聛,耳,bǐ,3,0
聜,耳,dǐ,3,0
聝,耳,guó,2,0
聞,耳,wén,2,133
聟,耳,xù,4,0
聠,耳,pīng,1,0
聡,耳,cōng,1,0
聢,耳,dìng,4,0
聣,耳,ní,2,0
聤,耳,tíng,2,0
聥,耳,jǔ,3,0
聦,耳,cōng,1,0
聧,耳,kuī,1,0
聨,耳,lián,2,0
聩,耳,kuì,4,0
聪,耳,cōng,1,96
聬,耳,wěng,3,0
聭,耳,kuì,4,0
聯,耳,lián,2,578
聰,耳,cōng,1,96
聱,耳,áo,2,0
聲,耳,shēng,1,2326
聳,耳,sǒng,3,39
聴,耳,tīng,1,0
聵,耳,kuì,4,0
聶,耳,niè,4,0
職,耳,zhí,2,173
聸,耳,dān,1,0
聹,耳,níng,2,0
聺,耳,qié,2,0
聻,耳,nǐ,3,0
聽,耳,tīng,1,2076
聾,耳,lóng,2,0
聿,聿,yù,4,0
肀,聿,yù,4,0
肁,聿,zhào,4,0
肂,聿,sì,4,0
肃,聿,sù,4,144
肄,聿,yì,4,0
肅,聿,sù,4,144
肆,聿,sì,4,0
肇,聿,zhào,4,0
肈,聿,zhào,4,0
肉,肉,ròu,4,278
肊,肉,yì,4,0
肋,肉,lèi,4,0
肌,肉,jī,1,43
肍,肉,qiú,2,0
肎,肉,kěn,3,0
肏,肉,cào,4,0
肐,肉,gē,1,0
肑,肉,bó,2,0
肒,肉,huàn,4,0
肓,肉,huāng,1,0
肔,肉,chǐ,3,0
肕,肉,rèn,4,0
肖,肉,xiào,4,50
肗,肉,rǔ,3,0
肘,肉,zhǒu,3,0
肙,肉,yuàn,4,0
肚,肉,dù,4,171
肛,肉,gāng,1,0
肜,肉,róng,2,0
肝,肉,gān,1,56
肞,肉,chā,1,0
肟,肉,wò,4,0
肠,肉,cháng,2,82
股,肉,gǔ,3,220
肢,肉,zhī,1,38
肣,肉,hán,2,0
肤,肉,fū,1,87
肥,肉,féi,2,162
肦,肉,fén,2,0
肧,肉,pēi,1,0
肨,肉,pàng,4,0
肩,肉,jiān,1,208
肪,肉,fáng,2,10
肫,肉,zhūn,1,0
肬,肉,yóu,2,0
肭,肉,nà,4,0
肮,肉,āng,1,0
肯,肉,kěn,3,280
肰,肉,rán,2,0
肱,肉,gōng,1,0
育,肉,yù,4,547
肳,肉,wěn,3,0
肴,肉,yáo,2,0
肵,肉,qí,2,0
肶,肉,pí,2,0
肷,肉,qiǎn,3,0
肸,肉,xī,1,0
肹,肉,xī,1,0
肺,肉,fèi,4,52
肻,肉,kěn,3,0
肼,肉,jǐng,3,0
肽,肉,tài,4,0
肾,肉,shèn,4,0
肿,肉,zhǒng,3,24
胀,肉,zhàng,4,54
胁,肉,xié,2,54
胂,肉,shèn,4,0
胃,肉,wèi,4,89
胄,肉,zhòu,4,0
胅,肉,dié,2,0
胆,肉,dǎn,3,107
胇,肉,fèi,4,0
胈,肉,bá,2,0
胉,肉,bó,2,0
胊,肉,qú,2,0
胋,肉,tián,2,0
背,肉,bèi,4,505
胍,肉,guā,1,0
胎,肉,tāi,1,38
胏,肉,zǐ,3,0
胐,肉,fěi,3,0
胑,肉,zhī,1,0
胒,肉,nì,4,0
胓,肉,píng,2,0
胔,肉,zì,4,0
胕,肉,fǔ,3,0
胖,肉,pàng,4,43
胗,肉,zhēn,1,0
胘,肉,xián,2,0
胙,肉,zuò,4,0
胚,肉,pēi,1,0
胛,肉,jiǎ,3,0
胜,肉,shèng,4,745
胝,肉,zhī,1,0
胞,肉,bāo,1,116
胟,肉,mǔ,3,0
胠,肉,qū,1,0
胡,肉,hú,2,215
胢,肉,kē,1,0
胣,肉,chǐ,3,0
胤,肉,yìn,4,0
胥,肉,xū,1,0
胦,肉,yāng,1,0
胧,肉,lóng,2,32
胨,肉,dòng,4,0
胩,肉,kǎ,3,0
胪,肉,lú,2,0
胫,肉,jìng,4,0
胬,肉,nǔ,3,0
胭,肉,yān,1,0
胮,肉,pāng,1,0
胯,肉,kuà,4,0
胰,肉,yí,2,0
胱,肉,guāng,1,0
胲,肉,hǎi,3,0
胳,肉,gē,1,65
胴,肉,dòng,4,0
胵,肉,chī,1,0
胶,肉,jiāo,1,37
胷,肉,xiōng,1,0
胸,肉,xiōng,1,178
胹,肉,ér,2,0
胺,肉,àn,4,0
胻,肉,héng,2,0
胼,肉,pián,2,0
能,肉,néng,2,5594
胾,肉,zì,4,0
胿,肉,guī,1,0
脀,肉,chéng,2,0
脁,肉,tiǎo,3,0
脂,肉,zhī,1,46
脃,肉,cuì,4,0
脅,肉,xié,2,54
脆,肉,cuì,4,92
脇,肉,xié,2,0
脈,肉,mài,4,116
脉,肉,mài,4,116
脊,肉,jǐ,3,38
脋,肉,xié,2,0
脌,肉,nin,1,0
脍,肉,kuài,4,0
脎,肉,sà,4,0
脏,肉,zàng,4,115
脐,肉,qí,2,0
脑,肉,nǎo,3,437
脒,肉,mǐ,3,0
脓,肉,nóng,2,0
脔,肉,luán,2,0
脕,肉,wàn,4,0
脖,肉,bó,2,73
脗,肉,wěn,3,0
脘,肉,wǎn,3,0
脙,肉,xiū,1,0
脚,肉,jiǎo,3,627
脛,肉,jìng,4,0
脜,肉,yǒu,3,0
脝,肉,hēng,1,0
脞,肉,cuǒ,3,0
脟,肉,liè,4,0
脠,肉,shān,1,0
脡,肉,tǐng,3,0
脢,肉,méi,2,0
脣,肉,chún,2,0
脤,肉,shèn,4,0
脥,肉,qiǎn,3,0
脦,肉,de,5,0
脧,肉,juān,1,0
脨,肉,cù,4,0
脩,肉,xiū,1,0
脪,肉,xìn,4,0
脫,肉,tuō,1,239
脬,肉,pāo,1,0
脭,肉,chéng,2,0
脮,肉,něi,3,0
脯,肉,pú,2,27
脰,肉,dòu,4,0
脱,肉,tuō,1,239
脲,肉,niào,4,0
脳,肉,nǎo,3,0
脴,肉,pǐ,3,0
脵,肉,gǔ,3,0
脶,肉,luó,2,0
脷,肉,lì,4,0
脸,肉,liǎn,3,930
脹,肉,zhàng,4,54
脺,肉,cuì,4,0
脻,肉,jiē,1,0
脼,肉,liǎng,3,0
脽,肉,shuí,2,0
脾,肉,pí,2,85
脿,肉,biǎo,3,0
腀,肉,lún,2,0
腁,肉,pián,2,0
腂,肉,lěi,3,0
腃,肉,kuì,4,0
腄,肉,chuí,2,0
腅,肉,dàn,4,0
腆,肉,tiǎn,3,0
腇,肉,něi,3,0
腈,肉,jīng,1,21
腉,肉,nái,2,0
腊,肉,là,4,0
腋,肉,yè,4,0
腌,肉,yān,1,0
腍,肉,rèn,4,0
腎,肉,shèn,4,0
腏,肉,chuò,4,0
腐,肉,fǔ,3,118
腑,肉,fǔ,3,0
腒,肉,jū,1,0
腓,肉,féi,2,0
腔,肉,qiāng,1,62
腕,肉,wàn,4,0
腖,肉,dòng,4,0
腗,肉,pí,2,0
腘,肉,guó,2,0
腙,肉,zōng,1,0
腚,肉,dìng,4,0
腛,肉,wò,4,0
腜,肉,méi,2,0
腝,肉,ní,2,0
腞,肉,zhuàn,4,0
腟,肉,chì,4,0
腠,肉,còu,4,0
腡,肉,luó,2,0
腢,肉,ǒu,3,0
腣,肉,dì,4,0
腤,肉,ān,1,0
腥,肉,xīng,1,11
腦,肉,nǎo,3,437
腧,肉,shù,4,0
腨,肉,shuàn,4,0
腩,肉,nǎn,3,0
腪,肉,yùn,4,0
腫,肉,zhǒng,3,24
腬,肉,róu,2,0
腭,肉,è,4,0
腮,肉,sāi,1,14
腯,肉,tú,2,0
腰,肉,yāo,1,160
腱,肉,jiàn,4,0
腲,肉,wěi,3,0
腳,肉,jiǎo,3,627
腴,肉,yú,2,0
腵,肉,jiā,1,0
腶,肉,duàn,4,0
腷,肉,bì,4,0
腸,肉,cháng,2,82
腹,肉,fù,4,24
腺,肉,xiàn,4,0
腻,肉,nì,4,0
腼,肉,miǎn,3,0
腽,肉,wà,4,0
腾,肉,téng,2,119
腿,肉,tuǐ,3,263
膀,肉,bǎng,3,182
膁,肉,qiǎn,3,0
膂,肉,lǚ,3,0
膃,肉,wà,4,0
膄,肉,shòu,4,0
膅,肉,táng,2,0
膆,肉,sù,4,0
膇,肉,zhuì,4,0
膈,肉,gé,2,0
膉,肉,yì,4,0
膊,肉,bó,2,45
膋,肉,liáo,2,0
膌,肉,jí,2,0
膍,肉,pí,2,0
膎,肉,xié,2,0
膏,肉,gāo,1,21
膐,肉,lǚ,3,0
膑,肉,bìn,4,0
膒,肉,ōu,1,0
膓,肉,cháng,2,0
膔,肉,lù,4,0
膕,肉,guó,2,0
膖,肉,pāng,1,0
膗,肉,chuái,2,0
膘,肉,biāo,1,0
膙,肉,jiǎng,3,0
膚,肉,fū,1,87
膛,肉,táng,2,29
膜,肉,mó,2,54
膝,肉,xī,1,38
膞,肉,zhuān,1,0
膟,肉,lǜ,4,0
膠,肉,jiāo,1,37
膡,肉,yìng,4,0
膢,肉,lǘ,2,0
膣,肉,zhì,4,0
膤,月,xuě,3,0
膥,肉,cūn,1,0
膦,肉,lìn,4,0
膧,肉,tóng,2,0
膨,肉,péng,2,44
膩,肉,nì,4,0
膪,肉,chuài,4,0
膫,肉,liáo,2,0
膬,肉,cuì,4,0
膭,肉,guī,1,0
膮,肉,xiāo,1,0
膯,肉,tēng,1,0
膰,肉,fán,2,0
膱,肉,zhí,2,0
膲,肉,jiāo,1,0
膳,肉,shàn,4,0
膴,肉,hū,1,0
膵,肉,cuì,4,0
膶,肉,rùn,4,0
膷,肉,xiāng,1,0
膸,肉,suǐ,3,0
膹,肉,fèn,4,0
膺,肉,yīng,1,0
膻,肉,shān,1,0
膼,肉,zhuā,1,0
膽,肉,dǎn,3,107
膾,肉,kuài,4,0
膿,肉,nóng,2,0
臀,肉,tún,2,0
臁,肉,lián,2,0
臂,肉,bì,4,86
臃,肉,yōng,1,0
臄,肉,jué,2,0
臅,肉,chù,4,0
臆,肉,yì,4,0
臇,肉,juǎn,3,0
臈,肉,là,4,0
臉,肉,liǎn,3,930
臊,肉,sāo,1,0
臋,肉,tún,2,0
臌,肉,gǔ,3,0
臍,肉,qí,2,0
臎,肉,cuì,4,0
臏,肉,bìn,4,0
臐,肉,xūn,1,0
臑,肉,nào,4,0
臒,肉,wò,4,0
臓,肉,zàng,4,0
臔,肉,xiàn,4,0
臕,肉,biāo,1,0
臖,肉,xìng,4,0
臗,肉,kuān,1,0
臘,肉,là,4,0
臙,肉,yān,1,0
臚,肉,lú,2,0
臛,肉,huò,4,0
臜,肉,zā,1,0
臝,肉,luǒ,3,0
臞,肉,qú,2,0
臟,肉,zàng,4,115
臠,肉,luán,2,0
臡,肉,ní,2,0
臢,肉,zā,1,0
臣,臣,chén,2,15
臤,臣,qiān,1,0
臥,臣,wò,4,45
臦,臣,guàng,4,0
臧,臣,zāng,1,0
臨,臣,lín,2,220
臩,臣,guǎng,3,0
自,自,zì,4,4664
臫,自,jiǎo,3,0
臬,自,niè,4,0
臭,自,chòu,4,72
臮,自,jì,4,0
臯,自,gāo,1,0
臰,自,chòu,4,0
臱,自,mián,2,0
臲,自,niè,4,0
至,至,zhì,4,787
致,至,zhì,4,314
臵,至,gé,2,0
臶,至,jiàn,4,0
臷,至,dié,2,0
臸,至,zhī,1,0
臹,至,xiū,1,0
臺,至,tái,2,0
臻,至,zhēn,1,0
臼,臼,jiù,4,0
臽,臼,xiàn,4,0
臾,臼,yú,2,0
臿,臼,chā,1,0
舀,臼,yǎo,3,19
舁,臼,yú,2,0
舂,臼,chōng,1,0
舃,臼,xì,4,0
舄,臼,xì,4,0
舅,臼,jiù,4,83
舆,臼,yú,2,9
與,臼,yǔ,3,972
興,臼,xìng,4,663
舉,臼,jǔ,3,549
舊,臼,jiù,4,479
舋,臼,xìn,4,11
舌,舌,shé,2,59
舍,舌,shě,3,103
舎,舌,shè,4,0
舏,舌,jiǔ,3,0
舐,舌,shì,4,0
舑,舌,tān,1,0
舒,舌,shū,1,143
舓,舌,shì,4,0
舔,舌,tiǎn,3,16
舕,舌,tàn,4,0
舖,舌,pù,4,0
舗,舌,pù,4,0
舘,舌,guǎn,3,0
舙,舌,huà,4,0
舚,舌,tiàn,4,0
舛,舛,chuǎn,3,0
舜,舛,shùn,4,0
舝,舛,xiá,2,0
舞,舛,wǔ,3,204
舟,舟,zhōu,1,13
舠,舟,dāo,1,0
舡,舟,chuán,2,0
舢,舟,shān,1,0
舣,舟,yǐ,3,0
舤,舟,fán,2,0
舥,舟,pā,1,0
舦,舟,tài,4,0
舧,舟,fán,2,0
舨,舟,bǎn,3,0
舩,舟,chuán,2,0
航,舟,háng,2,137
舫,舟,fǎng,3,0
般,舟,bān,1,564
舭,舟,bǐ,3,0
舮,舟,lú,2,0
舯,舟,zhōng,1,0
舰,舟,jiàn,4,21
舱,舟,cāng,1,75
舲,舟,líng,2,0
舳,舟,zhú,2,0
舴,舟,zé,2,0
舵,舟,duò,4,0
舶,舟,bó,2,17
舷,舟,xián,2,0
舸,舟,gě,3,0
船,舟,chuán,2,923
舺,舟,xiá,2,0
舻,舟,lú,2,0
舼,舟,qióng,2,0
舽,舟,páng,2,0
舾,舟,xī,1,0
舿,舟,kuā,1,0
艀,舟,fú,2,0
艁,舟,zào,4,0
艂,舟,féng,2,0
艃,舟,lí,2,0
艄,舟,shāo,1,0
艅,舟,yú,2,0
艆,舟,láng,2,0
艇,舟,tǐng,3,22
艈,舟,yù,4,0
艉,舟,wěi,3,0
艊,舟,bó,2,0
艋,舟,měng,3,0
艍,舟,jū,1,0
艎,舟,huáng,2,0
艏,舟,shǒu,3,0
艐,舟,kè,4,0
艑,舟,biàn,4,0
艒,舟,mù,4,0
艓,舟,dié,2,0
艔,舟,dào,4,0
艕,舟,bàng,4,0
艖,舟,chā,1,0
艗,舟,yì,4,0
艘,舟,sōu,1,30
艙,舟,cāng,1,75
艚,舟,cáo,2,0
艛,舟,lóu,2,0
艜,舟,dài,4,0
艝,舟,xuě,3,0
艞,舟,yào,4,0
艟,舟,chōng,1,0
艠,舟,dēng,1,0
艡,舟,dāng,1,0
艢,舟,qiáng,2,0
艣,舟,lǔ,3,0
艤,舟,yǐ,3,0
艦,舟,jiàn,4,21
艧,舟,huò,4,0
艨,舟,méng,2,0
艩,舟,qí,2,0
艪,舟,lǔ,3,0
艫,舟,lú,2,0
艬,舟,chán,2,0
艭,舟,shuāng,1,0
艮,艮,gěn,3,0
良,艮,liáng,2,198
艰,艮,jiān,1,211
艱,艮,jiān,1,211
色,色,sè,4,950
艳,色,yàn,4,38
艴,色,fú,2,0
艵,色,pīng,1,0
艶,色,yàn,4,0
艷,色,yàn,4,38
艸,艸,cǎo,3,0
艹,艸,cao,1,0
艺,艸,yì,4,609
艻,艸,lè,4,0
艼,艸,tīng,1,0
艽,艸,jiāo,1,0
艾,艸,ài,4,0
艿,艸,nǎi,3,0
芀,艸,tiáo,2,0
芁,艸,jiāo,1,0
节,艸,jié,2,533
芃,艸,péng,2,0
芄,艸,wán,2,0
芅,艸,yì,4,0
芆,艸,chāi,1,0
芇,艸,mián,2,0
芈,艸,mǐ,3,0
芉,艸,gān,1,0
芊,艸,qiān,1,0
芋,艸,yù,4,0
芌,艸,yù,4,0
芍,艸,sháo,2,0
芎,艸,xiōng,1,0
芏,艸,dù,4,0
芐,艸,hù,4,0
芑,艸,qǐ,3,0
芒,艸,máng,2,35
芓,艸,zì,4,0
芔,艸,huì,4,0
芕,艸,suī,1,0
芖,艸,zhì,4,0
芗,艸,xiāng,1,0
芘,艸,bǐ,3,0
芙,艸,fú,2,0
芚,艸,tún,2,0
芛,艸,wěi,3,0
芜,艸,wú,2,0
芝,艸,zhī,1,11
芞,艸,qì,4,0
芟,艸,shān,1,0
芠,艸,wén,2,0
芡,艸,qiàn,4,0
芢,艸,rén,2,0
芣,艸,fú,2,0
芤,艸,kōu,1,0
芥,艸,jiè,4,0
芦,艸,lú,2,74
芧,艸,xù,4,0
芨,艸,jī,1,0
芩,艸,qín,2,0
芪,艸,qí,2,0
芫,艸,yán,2,0
芬,艸,fēn,1,0
芭,艸,bā,1,0
芮,艸,ruì,4,0
芯,艸,xīn,1,14
芰,艸,jì,4,0
花,艸,huā,1,1221
芲,艸,huā,1,0
芳,艸,fāng,1,0
芴,艸,wù,4,0
芵,艸,jué,2,0
芶,艸,gǒu,3,0
芷,艸,zhǐ,3,0
芸,艸,yún,2,0
芹,艸,qín,2,0
芺,艸,ǎo,3,0
芻,艸,chú,2,0
芼,艸,mào,4,0
芽,艸,yá,2,31
芾,艸,fèi,4,0
芿,艸,rèng,4,0
苀,艸,háng,2,0
苁,艸,cōng,1,0
苂,艸,yín,2,0
苃,艸,yǒu,3,0
苄,艸,biàn,4,0
苅,艸,yì,4,0
苆,艸,qiē,1,0
苇,艸,wěi,3,32
苈,艸,lì,4,0
苉,艸,pǐ,3,0
苊,艸,è,4,0
苋,艸,xiàn,4,0
苌,艸,cháng,2,0
苍,艸,cāng,1,69
苎,艸,zhù,4,0
苏,艸,sū,1,33
苐,艸,tí,2,0
苑,艸,yuàn,4,0
苒,艸,rǎn,3,0
苓,艸,líng,2,0
苔,艸,tái,2,0
苕,艸,sháo,2,0
苖,艸,dí,2,0
苗,艸,miáo,2,71
苘,艸,qǐng,3,0
苙,艸,lì,4,0
苚,艸,yòng,4,0
苛,艸,kē,1,0
苜,艸,mù,4,0
苝,艸,bèi,4,0
苞,艸,bāo,1,0
苟,艸,gǒu,3,0
苠,艸,mín,2,0
苡,艸,yǐ,3,0
苢,艸,yǐ,3,0
苣,艸,jù,4,0
苤,艸,piě,3,0
若,艸,ruò,4,182
苦,艸,kǔ,3,645
苧,艸,níng,2,0
苨,艸,nǐ,3,0
苩,艸,bó,2,0
苪,艸,bǐng,3,0
苫,艸,shān,1,0
苬,艸,xiú,2,0
苭,艸,yǎo,3,0
苮,艸,xiān,1,0
苯,艸,běn,3,0
苰,艸,hóng,2,0
英,艸,yīng,1,252
苲,艸,zhǎ,3,0
苳,艸,dōng,1,0
苴,艸,jū,1,0
苵,艸,dié,2,0
苶,艸,nié,2,0
苷,艸,gān,1,0
苸,艸,hū,1,0
苹,艸,píng,2,77
苺,艸,méi,2,0
苻,艸,fú,2,0
苼,艸,shēng,1,0
苽,艸,gū,1,0
苾,艸,bì,4,0
苿,艸,wèi,4,0
茀,艸,fú,2,0
茁,艸,zhuó,2,9
茂,艸,mào,4,29
范,艸,fàn,4,201
茄,艸,jiā,1,10
茅,艸,máo,2,17
茆,艸,máo,2,0
茇,艸,bá,2,0
茈,艸,cí,2,0
茉,艸,mò,4,0
茊,艸,zī,1,0
茋,艸,dǐ,3,0
茌,艸,chí,2,0
茍,艸,jì,4,0
茎,艸,jīng,1,15
茏,艸,lóng,2,0
茐,艸,cōng,1,0
茑,艸,niǎo,3,0
茒,艸,yuán,2,0
茔,艸,yíng,2,0
茕,艸,qióng,2,0
茖,艸,gé,2,0
茗,艸,míng,2,0
茘,艸,lì,4,0
茙,艸,róng,2,0
茚,艸,yìn,4,0
茛,艸,gèn,4,0
茜,艸,qiàn,4,0
茝,艸,chǎi,3,0
茞,艸,chén,2,0
茟,艸,yù,4,0
茠,艸,hāo,1,0
茡,艸,zì,4,0
茢,艸,liè,4,0
茣,艸,wú,2,0
茤,艸,jì,4,0
茥,艸,guī,1,0
茦,艸,cì,4,0
茧,艸,jiǎn,3,14
茨,艸,cí,2,0
茩,艸,gòu,4,0
茪,艸,guāng,1,0
茫,艸,máng,2,112
茬,艸,chá,2,0
茭,艸,jiāo,1,0
茮,艸,jiāo,1,0
茯,艸,fú,2,0
茰,艸,yú,2,0
茱,艸,zhū,1,0
茲,艸,zī,1,0
茳,艸,jiāng,1,0
茴,艸,huí,2,0
茵,艸,yīn,1,0
茶,艸,chá,2,194
茷,艸,fá,2,0
茸,艸,róng,2,20
茹,艸,rú,2,0
茺,艸,chōng,1,0
茻,艸,mǎng,3,0
茼,艸,tóng,2,0
茽,艸,zhòng,4,0
茾,艸,qiān,1,0
茿,艸,zhú,2,0
荀,艸,xún,2,0
荁,艸,huán,2,0
荂,艸,fū,1,0
荃,艸,quán,2,0
荄,艸,gāi,1,0
荅,艸,dā,1,0
荆,艸,jīng,1,0
荇,艸,xìng,4,0
荈,艸,chuǎn,3,0
草,艸,cǎo,3,613
荊,艸,jīng,1,0
荋,艸,ér,2,0
荌,艸,àn,4,0
荍,艸,qiáo,2,0
荎,艸,chí,2,0
荏,艸,rěn,3,0
荐,艸,jiàn,4,19
荑,艸,tí,2,0
荒,艸,huāng,1,54
荓,艸,píng,2,0
荔,艸,lì,4,28
荕,艸,jīn,1,0
荖,艸,lǎo,3,0
荗,艸,shù,4,0
荘,艸,zhuāng,1,0
荙,艸,dá,2,0
荚,艸,jiá,2,0
荛,艸,ráo,2,0
荜,艸,bì,4,0
荝,艸,cè,4,0
荞,艸,qiáo,2,0
荟,艸,huì,4,0
荠,艸,jì,4,0
荡,艸,dàng,4,67
荢,艸,zì,4,0
荣,艸,róng,2,147
荤,艸,hūn,1,0
荥,艸,xíng,2,0
荦,艸,luò,4,0
荧,艸,yíng,2,0
荨,艸,xún,2,0
荩,艸,jìn,4,0
荪,艸,sūn,1,0
荫,艸,yīn,1,0
荬,艸,mǎi,3,0
荭,艸,hóng,2,0
荮,艸,zhòu,4,0
药,艸,yào,4,407
荰,艸,dù,4,0
荱,艸,wěi,3,0
荲,艸,lí,2,0
荳,艸,dòu,4,0
荴,艸,fū,1,0
荵,艸,rěn,3,0
荶,艸,yín,2,0
荷,艸,hé,2,69
荸,艸,bí,2,0
荹,艸,bù,4,0
荺,艸,yǔn,3,0
荻,艸,dí,2,0
荼,艸,tú,2,0
荽,艸,suī,1,0
荾,艸,suī,1,0
荿,艸,chéng,2,0
莀,艸,chén,2,0
莁,艸,wú,2,0
莂,艸,bié,2,0
莃,艸,xī,1,0
莄,艸,gěng,3,0
莅,艸,lì,4,0
莆,艸,pú,2,0
莇,艸,zhù,4,0
莈,艸,mò,4,0
莉,艸,lì,4,0
莊,艸,zhuāng,1,337
莋,艸,zuó,2,0
莌,艸,tuō,1,0
莍,艸,qiú,2,0
莎,艸,shā,1,0
莏,艸,suō,1,0
莐,艸,chén,2,0
莑,艸,péng,2,0
莒,艸,jǔ,3,0
莓,艸,méi,2,0
莔,艸,méng,2,0
莕,艸,xìng,4,0
莖,艸,jīng,1,15
莗,艸,chē,1,0
莘,艸,shēn,1,0
莙,艸,jūn,1,0
莚,艸,yán,2,0
莛,艸,tíng,2,0
莜,艸,yóu,2,0
莝,艸,cuò,4,0
莞,艸,guǎn,3,0
莟,艸,hàn,4,0
莠,艸,yǒu,3,0
莡,艸,cuò,4,0
莢,艸,jiá,2,0
莣,艸,wáng,2,0
莤,艸,sù,4,0
莥,艸,niǔ,3,0
莦,艸,shāo,1,0
莧,艸,xiàn,4,0
莨,艸,làng,4,0
莩,艸,fú,2,0
莪,艸,é,2,0
莫,艸,mò,4,63
莬,艸,wèn,4,0
莭,艸,jié,2,0
莮,艸,nán,2,0
莯,艸,mù,4,0
莰,艸,kǎn,3,0
莱,艸,lái,2,0
莲,艸,lián,2,0
莳,艸,shí,2,0
莴,艸,wō,1,0
莵,艸,tù,4,0
莶,艸,xiān,1,0
获,艸,huò,4,156
莸,艸,yóu,2,0
莹,艸,yíng,2,14
莺,艸,yīng,1,0
莻,艸,gòng,4,0
莼,艸,chún,2,0
莽,艸,mǎng,3,0
莾,艸,mǎng,3,0
莿,艸,cì,4,0
菀,艸,wǎn,3,0
菁,艸,jīng,1,0
菂,艸,dì,4,0
菃,艸,qú,2,0
菄,艸,dōng,1,0
菅,艸,jiān,1,0
菆,艸,zōu,1,0
菇,艸,gū,1,12
菈,艸,lā,1,0
菉,艸,lù,4,0
菊,艸,jú,2,11
菋,艸,wèi,4,0
菌,艸,jūn,1,175
菍,艸,niè,4,0
菎,艸,kūn,1,0
菏,艸,hé,2,0
菐,艸,pú,2,0
菑,艸,zāi,1,0
菒,艸,gǎo,3,0
菓,艸,guǒ,3,0
菔,艸,fú,2,0
菕,艸,lún,2,0
菖,艸,chāng,1,0
菗,艸,chóu,2,0
菘,艸,sōng,1,0
菙,艸,chuí,2,0
菚,艸,zhàn,4,0
菛,艸,mén,2,0
菜,艸,cài,4,354
菝,艸,bá,2,0
菞,艸,lí,2,0
菟,艸,tù,4,0
菠,艸,bō,1,0
菡,艸,hàn,4,0
菢,艸,bào,4,0
菣,艸,qìn,4,0
菤,艸,juǎn,3,0
菥,艸,xī,1,0
菦,艸,qín,2,0
菧,艸,dǐ,3,0
菨,艸,jiē,1,0
菩,艸,pú,2,18
菪,艸,dàng,4,0
菫,艸,jǐn,3,0
菬,艸,qiáo,2,0
菭,艸,tái,2,0
菮,艸,gēng,1,0
華,艸,huá,2,29
菰,艸,gū,1,0
菱,艸,líng,2,0
菲,艸,fēi,1,0
菳,艸,qín,2,0
菴,艸,ān,1,0
菵,艸,wǎng,3,0
菶,艸,běng,3,0
菷,艸,zhǒu,3,0
菸,艸,yān,1,0
菹,艸,zū,1,0
菺,艸,jiān,1,0
菻,艸,lǐn,3,0
菼,艸,tǎn,3,0
菽,艸,shū,1,0
菾,艸,tián,2,0
菿,艸,dào,4,0
萀,艸,hǔ,3,0
萁,艸,qí,2,0
萂,艸,hé,2,0
萃,艸,cuì,4,0
萄,艸,táo,2,49
萆,艸,bì,4,0
萇,艸,cháng,2,0
萈,艸,huán,2,0
萉,艸,fèi,4,0
萊,艸,lái,2,0
萋,艸,qī,1,0
萌,艸,méng,2,0
萍,艸,píng,2,0
萎,艸,wěi,3,0
萏,艸,dàn,4,0
萐,艸,shà,4,0
萑,艸,huán,2,0
萒,艸,yǎn,3,0
萓,艸,yí,2,0
萔,艸,tiáo,2,0
萕,艸,qí,2,0
萖,艸,wǎn,3,0
萗,艸,cè,4,0
萘,艸,nài,4,0
萙,艸,zhěn,3,0
萚,艸,tuò,4,0
萛,艸,jiū,1,0
萜,艸,tiē,1,0
萝,艸,luó,2,25
萞,艸,bì,4,0
萟,艸,yì,4,0
萠,艸,pān,1,0
萡,艸,bo,1,0
萢,艸,pāo,1,0
萣,艸,dìng,4,0
萤,艸,yíng,2,18
营,艸,yíng,2,331
萦,艸,yíng,2,0
萧,艸,xiāo,1,0
萨,艸,sà,4,18
萩,艸,qiū,1,0
萪,艸,kē,1,0
萫,艸,xiàng,4,0
萬,禸,wàn,4,1335
萭,艸,yǔ,3,0
萮,艸,yú,2,0
萯,艸,fù,4,0
萰,艸,liàn,4,0
萱,艸,xuān,1,0
萲,艸,xuān,1,0
萳,艸,nán,2,0
萴,艸,cè,4,0
萵,艸,wō,1,0
萶,艸,chǔn,3,0
萷,艸,xiāo,1,0
萸,艸,yú,2,0
萹,艸,biān,1,0
萺,艸,mào,4,0
萻,艸,ān,1,0
萼,艸,è,4,0
落,艸,luò,4,527
萾,艸,yíng,2,0
萿,艸,kuò,4,0
葀,艸,kuò,4,0
葁,艸,jiāng,1,0
葂,艸,miǎn,3,0
葃,艸,zuò,4,0
葄,艸,zuò,4,0
葅,艸,zū,1,0
葆,艸,bǎo,3,0
葇,艸,róu,2,0
葈,艸,xǐ,3,0
葉,艸,yè,4,301
葊,艸,ān,1,0
葋,艸,qú,2,0
葌,艸,jiān,1,0
葍,艸,fú,2,0
葎,艸,lǜ,4,0
葏,艸,jīng,1,0
葐,艸,pén,2,0
葑,艸,fēng,1,0
葒,艸,hóng,2,0
葓,艸,hóng,2,0
葔,艸,hóu,2,0
葕,艸,yàn,4,0
葖,艸,tū,1,0
著,艸,zhù,4,11603
葘,艸,zī,1,0
葙,艸,xiāng,1,0
葚,艸,rèn,4,0
葛,艸,gé,2,0
葜,艸,qiā,1,0
葝,艸,qíng,2,0
葞,艸,mǐ,3,0
葟,艸,huáng,2,0
葠,艸,shēn,1,0
葡,艸,pú,2,49
葢,艸,gài,4,0
董,艸,dǒng,3,0
葤,艸,zhòu,4,0
葥,艸,jiàn,4,0
葦,艸,wěi,3,32
葧,艸,bó,2,0
葨,艸,wēi,1,0
葩,艸,pā,1,0
葪,艸,jì,4,0
葫,艸,hú,2,28
葬,艸,zàng,4,9
葭,艸,jiā,1,0
葮,艸,duàn,4,0
葯,艸,yào,4,0
葰,艸,jùn,4,0
葱,艸,cōng,1,9
葲,艸,quán,2,0
葳,艸,wēi,1,0
葴,艸,zhēn,1,0
葵,艸,kuí,2,16
葶,艸,tíng,2,0
葷,艸,hūn,1,0
葸,艸,xǐ,3,0
葹,艸,shī,1,0
葺,艸,qì,4,0
葻,艸,lán,2,0
葼,艸,zōng,1,0
葽,艸,yāo,1,0
葾,艸,yuān,1,0
葿,艸,méi,2,0
蒀,艸,yūn,1,0
蒁,艸,shù,4,0
蒂,艸,dì,4,0
蒃,艸,zhuàn,4,0
蒄,艸,guān,1,0
蒅,艸,rǎn,3,0
蒆,艸,xuē,1,0
蒇,艸,chǎn,3,0
蒈,艸,kǎi,3,0
蒉,艸,kuì,4,0
蒊,艸,huā,1,0
蒋,艸,jiǎng,3,0
蒌,艸,lóu,2,0
蒍,艸,wěi,3,0
蒎,艸,pài,4,0
蒏,艸,you,1,0
蒐,艸,sōu,1,0
蒑,艸,yīn,1,0
蒒,艸,shī,1,0
蒓,艸,chún,2,0
蒔,艸,shí,2,0
蒕,艸,yūn,1,0
蒖,艸,zhēn,1,0
蒗,艸,làng,4,0
蒘,艸,rú,2,0
蒙,艸,méng,2,90
蒚,艸,lì,4,0
蒛,艸,quē,1,0
蒜,艸,suàn,4,9
蒝,艸,yuán,2,0
蒞,艸,lì,4,0
蒟,艸,jǔ,3,0
蒠,艸,xī,1,0
蒡,艸,bàng,4,0
蒢,艸,chú,2,0
蒣,艸,xú,2,0
蒤,艸,tú,2,0
蒥,艸,liú,2,0
蒦,艸,huò,4,0
蒧,艸,diǎn,3,0
蒨,艸,qiàn,4,0
蒩,艸,zū,1,0
蒪,艸,pò,4,0
蒫,艸,cuó,2,0
蒬,艸,yuān,1,0
蒭,艸,chú,2,0
蒮,艸,yù,4,0
蒯,艸,kuǎi,3,0
蒰,艸,pán,2,0
蒱,艸,pú,2,0
蒲,艸,pú,2,0
蒳,艸,nà,4,0
蒴,艸,shuò,4,0
蒵,艸,xí,2,0
蒶,艸,fén,2,0
蒷,艸,yún,2,0
蒸,火,zhēng,1,115
蒹,艸,jiān,1,0
蒺,艸,jí,2,0
蒻,艸,ruò,4,0
蒼,艸,cāng,1,69
蒽,艸,ēn,1,0
蒾,艸,mí,2,0
蒿,艸,hāo,1,0
蓀,艸,sūn,1,0
蓁,艸,zhēn,1,0
蓂,艸,míng,2,0
蓃,艸,sōu,1,0
蓄,艸,xù,4,11
蓅,艸,liú,2,0
蓆,艸,xí,2,0
蓇,艸,gū,1,0
蓈,艸,láng,2,0
蓉,艸,róng,2,0
蓊,艸,wěng,3,0
蓋,艸,gài,4,237
蓌,艸,cuò,4,0
蓍,艸,shī,1,0
蓎,艸,táng,2,0
蓏,艸,luǒ,3,0
蓐,艸,rù,4,0
蓑,艸,suō,1,0
蓒,艸,xuān,1,0
蓓,艸,bèi,4,0
蓔,艸,yǎo,3,0
蓕,艸,guì,4,0
蓖,艸,bì,4,0
蓗,艸,zǒng,3,0
蓘,艸,gǔn,3,0
蓙,艸,zuò,4,0
蓚,艸,tiáo,2,0
蓛,艸,cè,4,0
蓜,艸,pèi,4,0
蓝,艸,lán,2,126
蓟,艸,jì,4,0
蓠,艸,lí,2,0
蓡,艸,shēn,1,0
蓣,艸,yù,4,0
蓤,艸,líng,2,0
蓥,艸,yíng,2,0
蓦,艸,mò,4,0
蓧,艸,diào,4,0
蓨,艸,tiáo,2,0
蓩,艸,mǎo,3,0
蓪,艸,tōng,1,0
蓫,艸,chù,4,0
蓬,艸,péng,2,24
蓭,艸,ān,1,0
蓮,艸,lián,2,0
蓯,艸,cōng,1,0
蓰,艸,xǐ,3,0
蓱,艸,píng,2,0
蓲,艸,qiū,1,0
蓳,艸,jǐn,3,0
蓴,艸,chún,2,0
蓵,艸,jié,2,0
蓶,艸,wéi,2,0
蓷,艸,tuī,1,0
蓸,艸,cáo,2,0
蓹,艸,yù,4,0
蓺,艸,yì,4,0
蓻,艸,zí,2,0
蓼,艸,liǎo,3,0
蓽,艸,bì,4,0
蓾,艸,lǔ,3,0
蓿,艸,xu,1,0
蔀,艸,bù,4,0
蔁,艸,zhāng,1,0
蔂,艸,léi,2,0
蔃,艸,qiáng,2,0
蔄,艸,màn,4,0
蔅,艸,yán,2,0
蔆,艸,líng,2,0
蔇,艸,jì,4,0
蔈,艸,piào,4,0
蔉,艸,gǔn,3,0
蔊,艸,hǎn,3,0
蔋,艸,dí,2,0
蔌,艸,sù,4,0
蔍,艸,lù,4,0
蔎,艸,shè,4,0
蔏,艸,shāng,1,0
蔐,艸,dí,2,0
蔑,艸,miè,4,12
蔒,艸,xūn,1,0
蔓,艸,màn,4,0
蔔,艸,bó,2,0
蔕,艸,dì,4,0
蔖,艸,cuó,2,0
蔗,艸,zhè,4,10
蔘,艸,shēn,1,0
蔙,艸,xuàn,4,0
蔚,艸,wèi,4,0
蔛,艸,hú,2,0
蔜,艸,áo,2,0
蔝,艸,mǐ,3,0
蔞,艸,lóu,2,0
蔟,艸,cù,4,0
蔠,艸,zhōng,1,0
蔡,艸,cài,4,0
蔢,艸,pó,2,0
蔣,艸,jiǎng,3,0
蔤,艸,mì,4,0
蔥,艸,cōng,1,9
蔦,艸,niǎo,3,0
蔧,艸,huì,4,0
蔨,艸,juàn,4,0
蔩,艸,yín,2,0
蔪,艸,jiàn,4,0
蔫,艸,niān,1,0
蔬,艸,shū,1,33
蔭,艸,yīn,1,0
蔮,艸,guó,2,0
蔯,艸,chén,2,0
蔰,艸,hù,4,0
蔱,艸,shā,1,0
蔲,艸,kòu,4,0
蔳,艸,qiàn,4,0
蔴,艸,má,2,0
蔵,艸,zāng,1,0
蔶,艸,zé,2,0
蔷,艸,qiáng,2,0
蔸,艸,dōu,1,0
蔹,艸,liǎn,3,0
蔺,艸,lìn,4,0
蔻,艸,kòu,4,0
蔼,艸,ǎi,3,19
蔽,艸,bì,4,59
蔾,艸,lí,2,0
蔿,艸,wěi,3,0
蕀,艸,jí,2,0
蕁,艸,qián,2,0
蕂,艸,shèng,4,0
蕃,艸,bō,1,0
蕄,艸,méng,2,0
蕅,艸,ǒu,3,0
蕆,艸,chǎn,3,0
蕇,艸,diǎn,3,0
蕈,艸,xùn,4,0
蕉,艸,jiāo,1,14
蕊,艸,ruǐ,3,0
蕋,艸,ruǐ,3,0
蕌,艸,lěi,3,0
蕍,艸,yú,2,0
蕎,艸,qiáo,2,0
蕏,艸,chú,2,0
蕐,艸,huá,2,0
蕑,艸,jiān,1,0
蕒,艸,mǎi,3,0
蕓,艸,yún,2,0
蕔,艸,bāo,1,0
蕕,艸,yóu,2,0
蕖,艸,qú,2,0
蕗,艸,lù,4,0
蕘,艸,ráo,2,0
蕙,艸,huì,4,0
蕚,艸,è,4,0
蕛,艸,tí,2,0
蕜,艸,fěi,3,0
蕝,艸,jué,2,0
蕞,艸,zuì,4,0
蕟,艸,fà,4,0
蕠,艸,rú,2,0
蕡,艸,fén,2,0
蕢,艸,kuì,4,0
蕣,艸,shùn,4,0
蕤,艸,ruí,2,0
蕥,艸,yǎ,3,0
蕦,艸,xū,1,0
蕧,艸,fù,4,0
蕨,艸,jué,2,0
蕩,艸,dàng,4,67
蕪,艸,wú,2,0
蕫,艸,dǒng,3,0
蕬,艸,sī,1,0
蕭,艸,xiāo,1,0
蕮,艸,xì,4,0
蕯,艸,lóng,2,0
蕰,艸,wēn,1,0
蕱,艸,shāo,1,0
蕲,艸,qí,2,0
蕳,艸,jiān,1,0
蕴,艸,yùn,4,14
蕵,艸,sūn,1,0
蕶,艸,líng,2,0
蕷,艸,yù,4,0
蕸,艸,xiá,2,0
蕹,艸,wèng,4,0
蕺,艸,jí,2,0
蕻,艸,hóng,2,0
蕼,艸,sì,4,0
蕽,艸,nóng,2,0
蕾,艸,lěi,3,0
蕿,艸,xuān,1,0
薀,艸,yùn,4,0
薁,艸,ào,4,0
薂,艸,xí,2,0
薃,艸,hào,4,0
薄,艸,báo,2,123
薅,艸,hāo,1,0
薆,艸,ài,4,0
薇,艸,wēi,1,0
薈,艸,huì,4,0
薉,艸,huì,4,0
薊,艸,jì,4,0
薋,艸,cí,2,0
薌,艸,xiāng,1,0
薍,艸,wàn,4,0
薎,艸,miè,4,0
薏,艸,yì,4,0
薐,艸,léng,2,0
薑,艸,jiāng,1,0
薒,艸,càn,4,0
薓,艸,shēn,1,0
薔,艸,qiáng,2,0
薕,艸,lián,2,0
薖,艸,kē,1,0
薗,艸,yuán,2,0
薘,艸,dá,2,0
薙,艸,tì,4,0
薚,艸,tāng,1,0
薛,艸,xuē,1,0
薜,艸,bì,4,0
薝,艸,zhān,1,0
薞,艸,sūn,1,0
薟,艸,xiān,1,0
薠,艸,fán,2,0
薡,艸,dǐng,3,0
薢,艸,xiè,4,0
薣,艸,gǔ,3,0
薤,艸,xiè,4,0
薥,艸,shǔ,3,0
薦,艸,jiàn,4,0
薧,艸,hāo,1,0
薨,艸,hōng,1,0
薩,艸,sà,4,18
薪,艸,xīn,1,17
薫,艸,xūn,1,0
薬,艸,yào,4,0
薭,艸,bài,4,0
薮,艸,sǒu,3,0
薯,艸,shǔ,3,13
薰,艸,xūn,1,0
薱,艸,duì,4,0
薲,艸,pín,2,0
薳,艸,wěi,3,0
薴,艸,níng,2,0
薵,艸,chóu,2,0
薶,艸,mái,2,0
薷,艸,rú,2,0
薸,艸,piáo,2,0
薹,艸,tái,2,0
薺,艸,jì,4,0
薻,艸,zǎo,3,0
薼,艸,chén,2,0
薽,艸,zhēn,1,0
薾,艸,ěr,3,0
薿,艸,nǐ,3,0
藀,艸,yíng,2,0
藁,艸,gǎo,3,0
藂,艸,cóng,2,0
藃,艸,xiāo,1,0
藄,艸,qí,2,0
藅,艸,fá,2,0
藆,艸,jiǎn,3,0
藇,艸,xù,4,0
藈,艸,kuí,2,0
藉,艸,jí,2,0
藊,艸,biǎn,3,0
藋,艸,diào,4,0
藌,艸,mì,4,0
藍,艸,lán,2,126
藎,艸,jìn,4,0
藏,艸,cáng,2,156
藐,艸,miǎo,3,0
藑,艸,qióng,2,0
藒,艸,qiè,4,0
藓,艸,xiǎn,3,0
藔,艸,liáo,2,0
藕,艸,ǒu,3,0
藖,艸,xián,2,0
藗,艸,sù,4,0
藘,艸,lǘ,2,0
藙,艸,yì,4,0
藚,艸,xù,4,0
藛,艸,xiě,3,0
藜,艸,lí,2,0
藝,艸,yì,4,609
藞,艸,lǎ,3,0
藟,艸,lěi,3,0
藠,艸,jiào,4,0
藡,艸,dí,2,0
藢,艸,zhǐ,3,0
藣,艸,bēi,1,0
藤,艸,téng,2,14
藥,艸,yào,4,407
藦,艸,mó,2,0
藧,艸,huàn,4,0
藨,艸,biāo,1,0
藩,艸,fān,1,0
藪,艸,sǒu,3,0
藫,艸,tán,2,0
藬,艸,tuī,1,0
藭,艸,qióng,2,0
藮,艸,qiáo,2,0
藯,艸,wèi,4,0
藰,艸,liú,2,0
藱,艸,huì,4,0
藲,艸,ōu,1,0
藳,艸,gǎo,3,0
藴,艸,yùn,4,0
藵,艸,bǎo,3,0
藶,艸,lì,4,0
藷,艸,shǔ,3,0
藸,艸,chú,2,0
藹,艸,ǎi,3,19
藺,艸,lìn,4,0
藻,艸,zǎo,3,0
藼,艸,xuān,1,0
藽,艸,qìn,4,0
藾,艸,lài,4,0
藿,艸,huò,4,0
蘀,艸,tuò,4,0
蘁,艸,wù,4,0
蘂,艸,ruǐ,3,0
蘃,艸,ruǐ,3,0
蘄,艸,qí,2,0
蘅,艸,héng,2,0
蘆,艸,lú,2,74
蘇,艸,sū,1,33
蘉,艸,méng,2,0
蘊,艸,yùn,4,14
蘋,艸,píng,2,77
蘌,艸,yǔ,3,0
蘍,艸,xūn,1,0
蘎,艸,jì,4,0
蘏,艸,jiōng,1,0
蘐,艸,xuān,1,0
蘑,艸,mó,2,12
蘒,艸,qiū,1,0
蘓,艸,sū,1,0
蘔,艸,jiōng,1,0
蘕,艸,péng,2,0
蘖,艸,niè,4,0
蘗,艸,bò,4,0
蘘,艸,ráng,2,0
蘙,艸,yì,4,0
蘚,艸,xiǎn,3,0
蘛,艸,yú,2,0
蘜,艸,jú,2,0
蘝,艸,liǎn,3,0
蘞,艸,liǎn,3,0
蘟,艸,yǐn,3,0
蘠,艸,qiáng,2,0
蘡,艸,yīng,1,0
蘢,艸,lóng,2,0
蘣,艸,tǒu,3,0
蘤,艸,huā,1,0
蘥,艸,yuè,4,0
蘦,艸,líng,2,0
蘧,艸,qú,2,0
蘩,艸,fán,2,0
蘪,艸,méi,2,0
蘫,艸,hàn,4,0
蘬,艸,kuī,1,0
蘭,艸,lán,2,0
蘮,艸,jì,4,0
蘯,艸,dàng,4,0
蘰,艸,màn,4,0
蘱,艸,lèi,4,0
蘲,艸,léi,2,0
蘳,艸,huī,1,0
蘴,艸,fēng,1,0
蘵,艸,zhī,1,0
蘶,艸,wèi,4,0
蘷,艸,kuí,2,0
蘸,艸,zhàn,4,10
蘹,艸,huái,2,0
蘺,艸,lí,2,0
蘻,艸,jì,4,0
蘼,艸,mí,2,0
蘽,艸,lěi,3,0
蘾,艸,huài,4,0
蘿,艸,luó,2,25
虀,艸,jī,1,0
虁,艸,kuí,2,0
虂,艸,lù,4,0
虃,艸,jiān,1,0
虄,艸,sà,4,0
虅,艸,téng,2,0
虆,艸,léi,2,0
虇,艸,quǎn,3,0
虈,艸,xiāo,1,0
虊,艸,luán,2,0
虋,艸,mén,2,0
虌,艸,biē,1,0
虍,虍,hū,1,0
虎,虍,hǔ,3,190
虏,虍,lǔ,3,31
虐,虍,nüè,4,0
虑,虍,lǜ,4,125
虒,厂,sī,1,0
虓,虍,xiāo,1,0
虔,虍,qián,2,0
處,虍,chù,4,1167
虖,虍,hū,1,0
虗,虍,xū,1,0
虘,虍,cuó,2,0
虙,虍,fú,2,0
虚,虍,xū,1,86
虛,虍,xū,1,86
虜,虍,lǔ,3,31
虝,虍,hǔ,3,0
虞,虍,yú,2,0
號,虍,hào,4,490
虠,虍,jiāo,1,0
虡,虍,jù,4,0
虢,虍,guó,2,0
虣,虍,bào,4,0
虤,虍,yán,2,0
虥,虍,zhàn,4,0
虦,虍,zhàn,4,0
虧,虍,kuī,1,71
虨,虍,bīn,1,0
虩,虍,xì,4,0
虪,虍,shù,4,0
虫,虫,chóng,2,553
虬,虫,qiú,2,0
虭,虫,diāo,1,0
虮,虫,jǐ,3,0
虯,虫,qiú,2,0
虰,虫,dīng,1,0
虱,虫,shī,1,0
虲,虫,xiā,1,0
虳,虫,jué,2,0
虴,虫,zhé,2,0
虵,虫,shé,2,0
虶,虫,yū,1,0
虷,虫,hán,2,0
虸,虫,zǐ,3,0
虹,虫,hóng,2,0
虺,虫,huǐ,3,0
虻,虫,méng,2,0
虼,虫,gè,4,0
虽,虫,suī,1,543
虾,虫,xiā,1,46
虿,虫,chài,4,0
蚀,虫,shí,2,67
蚁,虫,yǐ,3,40
蚂,虫,mǎ,3,40
蚃,虫,xiǎng,3,0
蚄,虫,fāng,1,0
蚅,虫,è,4,0
蚆,虫,bā,1,0
蚇,虫,chǐ,3,0
蚈,虫,qiān,1,0
蚉,虫,wén,2,0
蚊,虫,wén,2,30
蚋,虫,ruì,4,0
蚌,虫,bàng,4,0
蚍,虫,pí,2,0
蚎,虫,yuè,4,0
蚏,虫,yuè,4,0
蚐,虫,jūn,1,0
蚑,虫,qí,2,0
蚓,虫,yǐn,3,16
蚔,虫,qí,2,0
蚕,虫,cán,2,62
蚖,虫,yuán,2,0
蚗,虫,jué,2,0
蚘,虫,huí,2,0
蚙,虫,qín,2,0
蚚,虫,qí,2,0
蚛,虫,zhòng,4,0
蚜,虫,yá,2,15
蚝,虫,háo,2,0
蚞,虫,mù,4,0
蚟,虫,wáng,2,0
蚠,虫,fén,2,0
蚡,虫,fén,2,0
蚢,虫,háng,2,0
蚣,虫,gōng,1,11
蚤,虫,zǎo,3,0
蚥,虫,fù,4,0
蚦,虫,rán,2,0
蚧,虫,jiè,4,0
蚨,虫,fú,2,0
蚩,虫,chī,1,20
蚪,虫,dǒu,3,10
蚫,虫,bào,4,0
蚬,虫,xiǎn,3,0
蚭,虫,ní,2,0
蚮,虫,dài,4,0
蚯,虫,qiū,1,16
蚰,虫,yóu,2,0
蚱,虫,zhà,4,0
蚲,虫,píng,2,0
蚳,虫,chí,2,0
蚴,虫,yòu,4,0
蚵,虫,hé,2,0
蚶,虫,hān,1,0
蚷,虫,jù,4,0
蚸,虫,lì,4,0
蚹,虫,fù,4,0
蚺,虫,rán,2,0
蚻,虫,zhá,2,0
蚼,虫,gǒu,3,0
蚽,虫,pí,2,0
蚾,虫,pí,2,0
蚿,虫,xián,2,0
蛀,虫,zhù,4,10
蛁,虫,diāo,1,0
蛂,虫,bié,2,0
蛃,虫,bǐng,3,0
蛄,虫,gū,1,0
蛅,虫,zhān,1,0
蛆,虫,qū,1,10
蛇,虫,shé,2,68
蛈,虫,tiě,3,0
蛉,虫,líng,2,0
蛊,虫,gǔ,3,0
蛋,虫,dàn,4,168
蛌,虫,gǔ,3,0
蛍,虫,yíng,2,0
蛎,虫,lì,4,0
蛏,虫,chēng,1,0
蛐,虫,qū,1,0
蛑,虫,móu,2,0
蛒,虫,gé,2,0
蛓,虫,cì,4,0
蛔,虫,huí,2,0
蛕,虫,huí,2,0
蛖,虫,máng,2,0
蛗,虫,fù,4,0
蛘,虫,yáng,2,0
蛙,虫,wā,1,57
蛚,虫,liè,4,0
蛛,虫,zhū,1,34
蛜,虫,yī,1,0
蛝,虫,xián,2,0
蛞,虫,kuò,4,0
蛟,虫,jiāo,1,0
蛠,虫,lì,4,0
蛡,虫,yì,4,0
蛢,虫,píng,2,0
蛣,虫,qī,1,0
蛤,虫,há,2,12
蛥,虫,shé,2,0
蛦,虫,yí,2,0
蛧,虫,wǎng,3,0
蛨,虫,mò,4,0
蛩,虫,qióng,2,0
蛪,虫,qiè,4,0
蛫,虫,guǐ,3,0
蛬,虫,qióng,2,0
蛭,虫,zhì,4,0
蛮,虫,mán,2,0
蛯,虫,lǎo,3,0
蛰,虫,zhé,2,0
蛱,虫,jiá,2,0
蛲,虫,náo,2,0
蛳,虫,sī,1,0
蛴,虫,qí,2,0
蛵,虫,xīng,1,0
蛶,虫,jiè,4,0
蛷,虫,qiú,2,0
蛸,虫,shāo,1,0
蛹,虫,yǒng,3,0
蛺,虫,jiá,2,0
蛻,虫,tuì,4,0
蛼,虫,chē,1,0
蛽,虫,bèi,4,0
蛾,虫,é,2,11
蛿,虫,hàn,4,0
蜀,虫,shǔ,3,0
蜁,虫,xuán,2,0
蜂,虫,fēng,1,96
蜃,虫,shèn,4,0
蜄,虫,shèn,4,0
蜅,虫,fǔ,3,0
蜆,虫,xiàn,4,0
蜇,虫,zhē,1,0
蜈,虫,wú,2,11
蜉,虫,fú,2,0
蜊,虫,lí,2,0
蜋,虫,láng,2,0
蜌,虫,bì,4,0
蜍,虫,chú,2,0
蜎,虫,yuān,1,0
蜏,虫,yǒu,3,0
蜐,虫,jié,2,0
蜑,虫,dàn,4,0
蜒,虫,yán,2,0
蜓,虫,tíng,2,21
蜔,虫,diàn,4,0
蜕,虫,tuì,4,0
蜗,虫,wō,1,11
蜘,虫,zhī,1,34
蜙,虫,sōng,1,0
蜚,虫,fēi,1,0
蜛,虫,jū,1,0
蜜,虫,mì,4,110
蜝,虫,qí,2,0
蜞,虫,qí,2,0
蜟,虫,yù,4,0
蜠,虫,jùn,4,0
蜡,虫,là,4,40
蜢,虫,měng,3,0
蜣,虫,qiāng,1,0
蜤,虫,sī,1,0
蜥,虫,xī,1,0
蜦,虫,lún,2,0
蜧,虫,lì,4,0
蜨,虫,dié,2,0
蜩,虫,tiáo,2,0
蜪,虫,táo,2,0
蜫,虫,kūn,1,0
蜬,虫,hán,2,0
蜭,虫,hàn,4,0
蜮,虫,yù,4,0
蜯,虫,bàng,4,0
蜰,虫,féi,2,0
蜱,虫,pí,2,0
蜲,虫,wēi,1,0
蜳,虫,dūn,1,0
蜴,虫,yì,4,0
蜵,虫,yuān,1,0
蜶,虫,suò,4,0
蜷,虫,quán,2,0
蜸,虫,qiǎn,3,0
蜹,虫,ruì,4,0
蜺,虫,ní,2,0
蜻,虫,qīng,1,21
蜼,虫,wèi,4,0
蜽,虫,liǎng,3,0
蜾,虫,guǒ,3,0
蜿,虫,wān,1,0
蝀,虫,dōng,1,0
蝁,虫,è,4,0
蝂,虫,bǎn,3,0
蝃,虫,dì,4,0
蝄,虫,wǎng,3,0
蝅,虫,cán,2,0
蝆,虫,yǎng,3,0
蝇,虫,yíng,2,39
蝈,虫,guō,1,0
蝉,虫,chán,2,48
蝊,虫,dìng,4,0
蝋,虫,là,4,0
蝌,虫,kē,1,10
蝍,虫,jié,2,0
蝎,虫,xiē,1,0
蝏,虫,tíng,2,0
蝐,虫,mào,4,0
蝑,虫,xū,1,0
蝒,虫,mián,2,0
蝓,虫,yú,2,0
蝔,虫,jiē,1,0
蝕,虫,shí,2,67
蝖,虫,xuān,1,0
蝗,虫,huáng,2,62
蝘,虫,yǎn,3,0
蝙,虫,biān,1,15
蝚,虫,róu,2,0
蝛,虫,wēi,1,0
蝜,虫,fù,4,0
蝝,虫,yuán,2,0
蝞,虫,mèi,4,0
蝟,虫,wèi,4,14
蝠,虫,fú,2,15
蝡,虫,rú,2,0
蝢,虫,xié,2,0
蝣,虫,yóu,2,0
蝤,虫,qiú,2,0
蝥,虫,máo,2,0
蝦,虫,xiā,1,46
蝧,虫,yīng,1,0
蝨,虫,shī,1,0
蝩,虫,chóng,2,0
蝪,虫,tāng,1,0
蝫,虫,zhū,1,0
蝬,虫,zōng,1,0
蝭,虫,tí,2,0
蝮,虫,fù,4,0
蝯,虫,yuán,2,0
蝰,虫,kuí,2,0
蝱,虫,méng,2,0
蝲,虫,là,4,0
蝳,虫,dú,2,0
蝴,虫,hú,2,35
蝵,虫,qiū,1,0
蝶,虫,dié,2,35
蝷,虫,lì,4,0
蝸,虫,wō,1,11
蝹,虫,yūn,1,0
蝺,虫,qǔ,3,0
蝻,虫,nǎn,3,0
蝼,虫,lóu,2,0
蝽,虫,chūn,1,0
蝾,虫,róng,2,0
蝿,虫,yíng,2,0
螀,虫,jiāng,1,0
螁,虫,ban,1,0
螂,虫,láng,2,0
螃,虫,páng,2,0
螄,虫,sī,1,0
螅,虫,xī,1,0
螆,虫,cì,4,0
螇,虫,xī,1,0
螈,虫,yuán,2,0
螉,虫,wēng,1,0
螊,虫,lián,2,0
螋,虫,sōu,1,0
螌,虫,bān,1,0
融,虫,róng,2,25
螎,虫,róng,2,0
螏,虫,jí,2,0
螐,虫,wū,1,0
螑,虫,xiù,4,0
螒,虫,hàn,4,0
螓,虫,qín,2,0
螔,虫,yí,2,0
螕,虫,bī,1,0
螖,虫,huá,2,0
螗,虫,táng,2,0
螘,虫,yǐ,3,0
螙,虫,dù,4,0
螚,虫,nài,4,0
螛,虫,hé,2,0
螜,虫,hú,2,0
螝,虫,guī,1,0
螞,虫,mǎ,3,40
螟,虫,míng,2,0
螠,虫,yì,4,0
螡,虫,wén,2,0
螢,虫,yíng,2,18
螣,虫,téng,2,0
螤,虫,zhōng,1,0
螦,虫,sāo,1,0
螧,虫,qí,2,0
螨,虫,mǎn,3,0
螩,虫,tiao,1,0
螪,虫,shāng,1,0
螫,虫,shì,4,0
螬,虫,cáo,2,0
螭,虫,chī,1,0
螮,虫,dì,4,0
螯,虫,áo,2,0
螰,虫,lù,4,0
螱,虫,wèi,4,0
螲,虫,zhì,4,0
螳,虫,táng,2,0
螴,虫,chén,2,0
螵,虫,piāo,1,0
螶,虫,qú,2,0
螷,虫,pí,2,0
螸,虫,yú,2,0
螹,虫,jiàn,4,0
螺,虫,luó,2,0
螻,虫,lóu,2,0
螼,虫,qǐn,3,0
螽,虫,zhōng,1,0
螾,虫,yǐn,3,0
螿,虫,jiāng,1,0
蟀,虫,shuài,4,23
蟁,虫,wén,2,0
蟂,虫,xiāo,1,0
蟃,虫,wàn,4,0
蟄,虫,zhé,2,0
蟅,虫,zhè,4,0
蟆,虫,má,2,12
蟇,虫,má,2,0
蟈,虫,guō,1,0
蟉,虫,liú,2,0
蟊,虫,máo,2,0
蟋,虫,xī,1,23
蟌,虫,cōng,1,0
蟍,虫,lí,2,0
蟎,虫,mǎn,3,0
蟏,虫,xiāo,1,0
蟐,虫,chang,1,0
蟑,虫,zhāng,1,0
蟒,虫,mǎng,3,0
蟓,虫,xiàng,4,0
蟔,虫,mò,4,0
蟕,虫,zuī,1,0
蟖,虫,sī,1,0
蟗,虫,qiū,1,0
蟘,虫,tè,4,0
蟙,虫,zhí,2,0
蟚,虫,péng,2,0
蟛,虫,péng,2,0
蟜,虫,jiǎo,3,0
蟝,虫,qú,2,0
蟞,虫,biē,1,0
蟟,虫,liáo,2,0
蟠,虫,pán,2,0
蟡,虫,guǐ,3,0
蟢,虫,xǐ,3,0
蟣,虫,jǐ,3,0
蟤,虫,zhuān,1,0
蟥,虫,huáng,2,0
蟦,虫,féi,2,0
蟧,虫,láo,2,0
蟨,虫,jué,2,0
蟩,虫,jué,2,0
蟪,虫,huì,4,0
蟫,虫,yín,2,0
蟬,虫,chán,2,48
蟭,虫,jiāo,1,0
蟮,虫,shàn,4,0
蟯,虫,náo,2,0
蟰,虫,xiāo,1,0
蟱,虫,wú,2,0
蟲,虫,chóng,2,0
蟳,虫,xún,2,0
蟴,虫,sī,1,0
蟵,虫,chú,2,0
蟶,虫,chēng,1,0
蟷,虫,dāng,1,0
蟸,虫,lǐ,3,0
蟹,虫,xiè,4,0
蟺,虫,shàn,4,0
蟻,虫,yǐ,3,40
蟼,虫,jǐng,3,0
蟽,虫,dá,2,0
蟾,虫,chán,2,0
蟿,虫,qì,4,0
蠀,虫,cī,1,0
蠁,虫,xiǎng,3,0
蠂,虫,shè,4,0
蠃,虫,luǒ,3,0
蠄,虫,qín,2,0
蠅,虫,yíng,2,39
蠆,虫,chài,4,0
蠇,虫,lì,4,0
蠈,虫,zéi,2,0
蠉,虫,xuān,1,0
蠊,虫,lián,2,0
蠋,虫,zhú,2,0
蠌,虫,zé,2,0
蠍,虫,xiē,1,0
蠎,虫,mǎng,3,0
蠏,虫,xiè,4,0
蠐,虫,qí,2,0
蠑,虫,róng,2,0
蠒,虫,jiǎn,3,0
蠓,虫,měng,3,0
蠔,虫,háo,2,0
蠕,虫,rú,2,20
蠖,虫,huò,4,0
蠗,虫,zhuó,2,0
蠘,虫,jié,2,0
蠙,虫,pín,2,0
蠚,虫,hē,1,0
蠛,虫,miè,4,0
蠜,虫,fán,2,0
蠝,虫,lěi,3,0
蠞,虫,jié,2,0
蠟,虫,là,4,40
蠠,虫,mǐn,3,0
蠡,虫,lí,2,0
蠢,虫,chǔn,3,0
蠣,虫,lì,4,0
蠤,虫,qiū,1,0
蠥,虫,niè,4,0
蠦,虫,lú,2,0
蠧,虫,dù,4,0
蠨,虫,xiāo,1,0
蠩,虫,zhū,1,0
蠪,虫,lóng,2,0
蠫,虫,lí,2,0
蠬,虫,lóng,2,0
蠭,虫,fēng,1,0
蠮,虫,yē,1,0
蠯,虫,pí,2,0
蠰,虫,náng,2,0
蠱,虫,gǔ,3,0
蠲,虫,juān,1,0
蠳,虫,yīng,1,0
蠴,虫,shǔ,3,0
蠵,虫,xī,1,0
蠶,虫,cán,2,62
蠷,虫,qú,2,0
蠸,虫,quán,2,0
蠹,虫,dù,4,0
蠺,虫,cán,2,0
蠻,虫,mán,2,0
蠼,虫,qú,2,0
蠽,虫,jié,2,0
蠾,虫,zhú,2,0
蠿,虫,zhuō,1,0
血,血,xuè,4,418
衁,血,huāng,1,0
衂,血,nǜ,4,0
衃,血,pēi,1,0
衄,血,nǜ,4,0
衅,血,xìn,4,11
衆,血,zhòng,4,0
衇,血,mài,4,0
衈,血,èr,4,0
衉,血,kā,1,0
衊,血,miè,4,0
衋,血,xì,4,0
行,行,xíng,2,3161
衍,行,yǎn,3,11
衎,行,kàn,4,0
衏,行,yuàn,4,0
衐,行,qú,2,0
衑,行,líng,2,0
衒,行,xuàn,4,0
術,行,shù,4,0
衔,行,xián,2,13
衕,行,tòng,4,0
衖,行,xiàng,4,0
街,行,jiē,1,335
衘,行,xián,2,0
衙,行,yá,2,20
衚,行,hú,2,0
衛,行,wèi,4,340
衜,行,dào,4,0
衝,行,chōng,1,0
衞,行,wèi,4,0
衟,行,dào,4,0
衠,行,zhūn,1,0
衡,行,héng,2,80
衢,行,qú,2,0
衣,衣,yī,1,646
衤,衣,yī,1,0
补,衣,bǔ,3,141
衧,衣,yú,2,0
表,衣,biǎo,3,1608
衩,衣,chǎ,3,0
衪,衣,yí,2,0
衫,衣,shān,1,26
衬,衣,chèn,4,46
衭,衣,fū,1,0
衮,衣,gǔn,3,0
衯,衣,fēn,1,0
衰,衣,shuāi,1,19
衱,衣,jié,2,0
衲,衣,nà,4,0
衳,衣,zhōng,1,0
衴,衣,dǎn,3,0
衵,衣,yì,4,0
衶,衣,zhòng,4,0
衷,衣,zhōng,1,0
衸,衣,jiè,4,0
衹,衣,zhǐ,3,0
衺,衣,xié,2,0
衻,衣,rán,2,0
衼,衣,zhī,1,0
衽,衣,rèn,4,0
衾,衣,qīn,1,0
衿,衣,jīn,1,0
袀,衣,jūn,1,0
袁,衣,yuán,2,0
袂,衣,mèi,4,0
袃,衣,chài,4,0
袄,衣,ǎo,3,59
袅,衣,niǎo,3,0
袆,衣,huī,1,0
袈,衣,jiā,1,0
袉,衣,tuó,2,0
袊,衣,lǐng,3,0
袋,衣,dài,4,272
袌,衣,bào,4,0
袍,衣,páo,2,35
袎,衣,yào,4,0
袏,衣,zuò,4,0
袐,衣,bì,4,0
袑,衣,shào,4,0
袒,衣,tǎn,3,0
袓,衣,jù,4,0
袔,衣,hè,4,0
袕,衣,xué,2,0
袖,衣,xiù,4,138
袗,衣,zhěn,3,0
袘,衣,yí,2,0
袙,衣,pà,4,0
袚,衣,bō,1,0
袛,衣,dī,1,0
袜,衣,wà,4,42
袝,衣,fù,4,0
袞,衣,gǔn,3,0
袟,衣,zhì,4,0
袠,衣,zhì,4,0
袡,衣,rán,2,0
袢,衣,pàn,4,0
袣,衣,yì,4,0
袤,衣,mào,4,0
袥,衣,tuō,1,0
袦,衣,nà,4,0
袧,衣,gōu,1,0
袨,衣,xuàn,4,0
袩,衣,zhé,2,0
袪,衣,qū,1,0
被,衣,bèi,4,1546
袬,衣,yù,4,0
袭,衣,xí,2,46
袮,衣,mí,2,0
袯,衣,bó,2,0
袰,衣,bō,1,0
袱,衣,fú,2,42
袲,衣,chǐ,3,0
袴,衣,kù,4,0
袵,衣,rèn,4,0
袶,衣,jiàng,4,0
袷,衣,qiā,1,0
袸,衣,jiàn,4,0
袹,衣,bó,2,0
袺,衣,jié,2,0
袻,衣,ér,2,0
袼,衣,gē,1,0
袽,衣,rú,2,0
袾,衣,zhū,1,0
袿,衣,guī,1,0
裀,衣,yīn,1,0
裁,衣,cái,2,42
裂,衣,liè,4,67
裃,衣,kǎ,3,0
裄,衣,xing,1,0
装,衣,zhuāng,1,732
裆,衣,dāng,1,0
裇,衣,xū,1,0
裈,衣,kūn,1,0
裉,衣,kèn,4,0
裊,衣,niǎo,3,0
裋,衣,shù,4,0
裌,衣,jiá,2,0
裍,衣,kǔn,3,0
裎,衣,chéng,2,0
裏,衣,lǐ,3,0
裐,衣,juān,1,0
裑,衣,shēn,1,0
裒,衣,póu,2,0
裓,衣,gé,2,0
裔,衣,yì,4,0
裕,衣,yù,4,17
裖,衣,zhěn,3,0
裗,衣,liú,2,0
裘,衣,qiú,2,0
裙,衣,qún,2,12
裚,衣,jì,4,0
裛,衣,yì,4,0
補,衣,bǔ,3,141
裝,衣,zhuāng,1,732
裞,衣,shuì,4,0
裟,衣,shā,1,0
裠,衣,qún,2,0
裡,衣,lǐ,3,806
裢,衣,lián,2,0
裣,衣,liǎn,3,0
裤,衣,kù,4,62
裥,衣,jiǎn,3,0
裦,衣,fóu,2,0
裧,衣,chān,1,0
裨,衣,bì,4,0
裩,衣,kūn,1,0
裫,衣,yuàn,4,0
裬,衣,líng,2,0
裭,衣,chǐ,3,0
裮,衣,chāng,1,0
裯,衣,chóu,2,0
裰,衣,duō,1,0
裱,衣,biǎo,3,0
裲,衣,liǎng,3,0
裳,衣,shang,1,56
裴,衣,péi,2,0
裵,衣,péi,2,0
裶,衣,fēi,1,0
裷,衣,yuān,1,0
裸,衣,luǒ,3,0
裹,衣,guǒ,3,46
裺,衣,yǎn,3,0
裻,衣,dú,2,0
裼,衣,tì,4,0
製,衣,zhì,4,0
裾,衣,jū,1,0
裿,衣,yǐ,3,0
褀,衣,qí,2,0
褁,衣,guǒ,3,0
褂,衣,guà,4,15
褃,衣,kèn,4,0
褄,衣,qī,1,0
褅,衣,tì,4,0
褆,衣,tí,2,0
複,衣,fù,4,558
褉,衣,xiè,4,0
褊,衣,biǎn,3,0
褋,衣,dié,2,0
褌,衣,kūn,1,0
褍,衣,duān,1,0
褎,衣,xiù,4,0
褏,衣,xiù,4,0
褐,衣,hè,4,12
褑,衣,yuàn,4,0
褒,衣,bāo,1,0
褓,衣,bǎo,3,0
褔,衣,fù,4,0
褕,衣,yú,2,0
褖,衣,tuàn,4,0
褗,衣,yǎn,3,0
褘,衣,huī,1,0
褙,衣,bèi,4,0
褚,衣,chǔ,3,0
褛,衣,lǚ,3,0
褜,衣,páo,2,0
褝,衣,dān,1,0
褞,衣,yǔn,3,0
褟,衣,tā,1,0
褠,衣,gōu,1,0
褡,衣,dā,1,0
褢,衣,huái,2,0
褣,衣,róng,2,0
褤,衣,yuàn,4,0
褥,衣,rù,4,0
褦,衣,nài,4,0
褧,衣,jiǒng,3,0
褨,衣,suǒ,3,0
褩,衣,bān,1,0
褪,衣,tuì,4,0
褫,衣,chǐ,3,0
褬,衣,sǎng,3,0
褭,衣,niǎo,3,0
褮,衣,yīng,1,0
褯,衣,jiè,4,0
褰,衣,qiān,1,0
褱,衣,huái,2,0
褲,衣,kù,4,62
褳,衣,lián,2,0
褴,衣,lán,2,0
褵,衣,lí,2,0
褶,衣,zhě,3,0
褷,衣,shī,1,0
褸,衣,lǚ,3,0
褹,衣,yì,4,0
褺,衣,diē,1,0
褻,衣,xiè,4,0
褼,衣,xiān,1,0
褽,衣,wèi,4,0
褾,衣,biǎo,3,0
褿,衣,cáo,2,0
襀,衣,jī,1,0
襁,衣,qiǎng,3,0
襂,衣,sēn,1,0
襃,衣,bāo,1,0
襄,衣,xiāng,1,0
襅,衣,bì,4,0
襆,衣,fú,2,0
襇,衣,jiǎn,3,0
襈,衣,zhuàn,4,0
襉,衣,jiǎn,3,0
襊,衣,cuì,4,0
襋,衣,jí,2,0
襌,衣,dān,1,0
襍,衣,zá,2,0
襎,衣,fán,2,0
襏,衣,bó,2,0
襐,衣,xiàng,4,0
襑,衣,xín,2,0
襒,衣,bié,2,0
襓,衣,ráo,2,0
襔,衣,mǎn,3,0
襕,衣,lán,2,0
襖,衣,ǎo,3,59
襗,衣,zé,2,0
襘,衣,guì,4,0
襙,衣,cào,4,0
襚,衣,suì,4,0
襛,衣,nóng,2,0
襜,衣,chān,1,0
襝,衣,liǎn,3,0
襞,衣,bì,4,0
襟,衣,jīn,1,13
襠,衣,dāng,1,0
襡,衣,shǔ,3,0
襢,衣,tǎn,3,0
襣,衣,bì,4,0
襤,衣,lán,2,0
襦,衣,rú,2,0
襧,衣,zhǐ,3,0
襨,衣,duì,4,0
襩,衣,shǔ,3,0
襪,衣,wà,4,42
襫,衣,shì,4,0
襬,衣,bǎi,3,0
襭,衣,xié,2,0
襮,衣,bó,2,0
襯,衣,chèn,4,46
襰,衣,lài,4,0
襱,衣,lóng,2,0
襲,衣,xí,2,46
襳,衣,xiān,1,0
襴,衣,lán,2,0
襵,衣,zhě,3,0
襶,衣,dài,4,0
襷,衣,jǔ,3,0
襸,衣,zàn,4,0
襹,衣,shī,1,0
襺,衣,jiǎn,3,0
襻,衣,pàn,4,0
襼,衣,yì,4,0
襽,衣,lán,2,0
襾,襾,yà,4,0
西,襾,xī,1,1640
覀,襾,xī,1,0
要,襾,yào,4,9101
覂,襾,fěng,3,0
覃,襾,tán,2,0
覄,襾,fù,4,0
覅,襾,fiào,4,0
覆,襾,fù,4,27
覇,襾,bà,4,0
覈,襾,hé,2,0
覉,襾,jī,1,0
覊,襾,jī,1,0
見,見,jiàn,4,3613
覍,見,biàn,4,0
規,見,guī,1,752
覐,見,jué,2,0
覑,見,piǎn,3,0
覒,見,mào,4,0
覓,見,mì,4,0
覔,見,mì,4,0
覕,見,miè,4,0
視,示,shì,4,421
覗,見,sì,4,0
覘,見,chān,1,0
覙,見,luó,2,0
覚,見,jué,2,0
覛,見,mì,4,0
覜,見,tiào,4,0
覝,見,lián,2,0
覞,見,yào,4,0
覟,見,zhì,4,0
覠,見,jūn,1,0
覡,見,xí,2,0
覢,見,shǎn,3,0
覣,見,wēi,1,0
覤,見,xì,4,0
覥,見,tiǎn,3,0
覦,見,yú,2,0
覧,見,lǎn,3,0
覨,見,è,4,0
覩,見,dǔ,3,0
親,見,qīn,1,1457
覫,見,pǎng,3,0
覬,見,jì,4,0
覭,見,míng,2,0
覮,見,yíng,2,0
覯,見,gòu,4,0
覰,見,qū,1,0
覱,見,zhàn,4,0
覲,見,jìn,4,0
観,見,guān,1,0
覴,見,dēng,1,0
覵,見,jiàn,4,0
覶,見,luó,2,0
覷,見,qù,4,0
覸,見,jiān,1,0
覹,見,wéi,2,0
覺,見,jué,2,1211
覻,見,qū,1,0
覼,見,luó,2,0
覽,見,lǎn,3,48
覾,見,shěn,3,0
覿,見,dí,2,0
觀,見,guān,1,1031
见,見,jiàn,4,3613
观,見,guān,1,1031
规,見,guī,1,752
觅,見,mì,4,0
视,示,shì,4,421
觇,見,chān,1,0
览,見,lǎn,3,48
觉,見,jué,2,1211
觊,見,jì,4,0
觋,見,xí,2,0
觌,見,dí,2,0
觍,見,tiǎn,3,0
觎,見,yú,2,0
觏,見,gòu,4,0
觐,見,jìn,4,0
觑,見,qù,4,0
角,角,jiǎo,3,406
觓,角,qiú,2,0
觔,角,jīn,1,0
觕,角,cū,1,0
觖,角,jué,2,0
觗,角,zhì,4,0
觘,角,chào,4,0
觙,角,jí,2,0
觚,角,gū,1,0
觛,角,dàn,4,0
觜,角,zī,1,0
觝,角,dǐ,3,0
觞,角,shāng,1,0
觟,角,huà,4,0
觠,角,quán,2,0
觡,角,gé,2,0
觢,角,shì,4,0
解,角,jiě,3,1857
觤,角,guǐ,3,0
觥,角,gōng,1,0
触,角,chù,4,120
觧,角,jiě,3,0
觨,角,hùn,4,0
觩,角,qiú,2,0
觪,角,xīng,1,0
觫,角,sù,4,0
觬,角,ní,2,0
觭,角,jī,1,0
觮,角,lù,4,0
觯,角,zhì,4,0
觰,角,zhā,1,0
觱,角,bì,4,0
觲,角,xīng,1,0
觳,角,hú,2,0
觴,角,shāng,1,0
觵,角,gōng,1,0
觶,角,zhì,4,0
觷,角,xué,2,0
觸,角,chù,4,120
觹,角,xī,1,0
觺,角,yí,2,0
觻,角,lì,4,0
觼,角,jué,2,0
觽,角,xī,1,0
觾,角,yàn,4,0
觿,角,xī,1,0
言,言,yán,2,307
訁,言,yán,2,0
訂,言,dìng,4,126
訃,言,fù,4,0
訄,言,qiú,2,0
訅,言,qiú,2,0
訆,言,jiào,4,0
訇,言,hōng,1,0
計,言,jì,4,1108
訉,言,fàn,4,0
訊,言,xùn,4,132
訋,言,diào,4,0
訌,言,hòng,4,0
訍,言,chài,4,0
討,言,tǎo,3,278
訏,言,xū,1,0
訐,言,jié,2,0
訑,言,yí,2,0
訒,言,rèn,4,0
訓,言,xùn,4,184
訔,言,yín,2,0
訕,言,shàn,4,0
訖,言,qì,4,0
託,言,tuō,1,0
記,言,jì,4,1280
訙,言,xùn,4,0
訚,言,yín,2,0
訛,言,é,2,0
訜,言,fēn,1,0
訝,言,yà,4,33
訞,言,yāo,1,0
訟,言,sòng,4,27
訠,言,shěn,3,0
訡,言,yín,2,0
訢,言,xīn,1,0
訣,言,jué,2,0
訤,言,xiáo,2,0
訥,言,nè,4,0
訦,言,chén,2,0
訧,言,yóu,2,0
訨,言,zhǐ,3,0
訩,言,xiōng,1,0
訪,言,fǎng,3,73
訫,言,xìn,4,0
訬,言,chāo,1,0
設,言,shè,4,1097
訮,言,yán,2,0
訯,言,sǎ,3,0
訰,言,zhùn,4,0
許,言,xǔ,3,1465
訲,言,yì,4,0
訳,言,yì,4,0
訴,言,sù,4,595
訵,言,chī,1,0
訶,言,hē,1,0
訷,言,shēn,1,0
訸,言,hé,2,0
訹,言,xù,4,0
診,言,zhěn,3,32
註,言,zhù,4,0
証,言,zhèng,4,518
訽,言,gòu,4,0
訾,言,zǐ,3,0
訿,言,zǐ,3,0
詀,言,zhān,1,0
詁,言,gǔ,3,0
詂,言,fù,4,0
詃,言,jiǎn,3,0
詄,言,dié,2,0
詅,言,líng,2,0
詆,言,dǐ,3,0
詇,言,yàng,4,0
詈,言,lì,4,0
詉,言,náo,2,0
詊,言,pàn,4,0
詌,言,gàn,4,0
詍,言,yì,4,0
詎,言,jù,4,0
詏,言,yào,4,0
詐,言,zhà,4,0
詑,言,yí,2,0
詒,言,yí,2,0
詓,言,qǔ,3,0
詔,言,zhào,4,0
評,言,píng,2,439
詖,言,bì,4,0
詗,言,xiòng,4,0
詘,言,qū,1,0
詙,言,bá,2,0
詚,言,dá,2,0
詛,言,zǔ,3,0
詜,言,tāo,1,0
詝,言,zhǔ,3,0
詞,言,cí,2,72
詟,言,zhé,2,0
詠,言,yǒng,3,0
詡,言,xǔ,3,0
詢,言,xún,2,24
詣,言,yì,4,0
詤,言,huǎng,3,0
詥,言,hé,2,0
試,言,shì,4,374
詧,言,chá,2,0
詨,言,xiào,4,0
詩,言,shī,1,152
詪,言,hěn,3,0
詫,言,chà,4,38
詬,言,gòu,4,0
詭,言,guǐ,3,15
詮,言,quán,2,0
詯,言,huì,4,0
詰,言,jié,2,0
話,言,huà,4,2364
該,言,gāi,1,1057
詳,言,xiáng,2,95
詴,言,wēi,1,0
詵,言,shēn,1,0
詶,言,zhòu,4,0
詷,言,tóng,2,0
詸,言,mí,2,0
詹,言,zhān,1,0
詺,言,mìng,4,0
詻,言,è,4,0
詼,言,huī,1,0
詽,言,yán,2,0
詾,言,xiōng,1,0
詿,言,guà,4,0
誀,言,èr,4,0
誁,言,bìng,4,0
誂,言,tiǎo,3,0
誃,言,yí,2,0
誄,言,lěi,3,0
誅,言,zhū,1,0
誆,言,kuāng,1,0
誇,言,kuā,1,0
誈,言,wū,1,0
誉,言,yù,4,36
誊,言,téng,2,0
誋,言,jì,4,0
誌,言,zhì,4,0
認,言,rèn,4,1247
誎,言,cù,4,0
誏,言,lǎng,3,0
誐,言,é,2,0
誑,言,kuáng,2,0
誒,言,éi,2,30
誓,言,shì,4,25
誔,言,tǐng,3,0
誕,言,dàn,4,40
誖,言,bèi,4,0
誗,言,chán,2,0
誘,言,yòu,4,12
誙,言,kēng,1,0
誚,言,qiào,4,0
誛,言,qīn,1,0
誜,言,shuà,4,0
誝,言,ān,1,0
語,言,yǔ,3,261
誟,言,xiào,4,0
誠,言,chéng,2,51
誡,言,jiè,4,10
誢,言,xiàn,4,0
誣,言,wū,1,14
誤,言,wù,4,511
誥,言,gào,4,0
誦,言,sòng,4,14
誧,言,bū,1,0
誨,言,huì,4,0
誩,言,jìng,4,0
說,言,shuō,1,10245
誫,言,zhèn,4,0
説,言,shuō,1,0
読,言,dú,2,0
誮,言,huā,1,0
誯,言,chàng,4,0
誰,言,shuí,2,1065
誱,言,jié,2,0
課,言,kè,4,341
誳,言,qū,1,0
誴,言,cóng,2,0
誵,言,xiáo,2,0
誶,言,suì,4,0
誷,言,wǎng,3,0
誸,言,xián,2,0
誹,言,fěi,3,0
誺,言,chī,1,0
誻,言,tà,4,0
誼,言,yì,4,30
誽,言,nì,4,0
誾,言,yín,2,0
調,言,diào,4,603
諀,言,pǐ,3,0
諁,言,zhuó,2,0
諂,言,chǎn,3,0
諃,言,chēn,1,0
諄,言,zhūn,1,0
諅,言,jì,4,0
諆,言,qī,1,0
談,言,tán,2,693
諈,言,zhuì,4,0
諉,言,wěi,3,0
諊,言,jū,1,0
請,言,qǐng,3,585
諌,言,dǒng,3,0
諍,言,zhèng,4,0
諎,言,zé,2,0
諏,言,zōu,1,0
諐,言,qiān,1,0
諑,言,zhuó,2,0
諒,言,liàng,4,46
諓,言,jiàn,4,0
諔,言,chù,4,0
諕,言,háo,2,0
論,言,lùn,4,1472
諗,言,shěn,3,0
諘,言,biǎo,3,0
諙,言,huà,4,0
諚,言,pián,2,0
諛,言,yú,2,0
諜,言,dié,2,0
諝,言,xū,1,0
諞,言,piǎn,3,0
諟,言,shì,4,0
諠,言,xuān,1,0
諡,言,shì,4,0
諢,言,hùn,4,0
諣,言,huà,4,0
諤,言,è,4,0
諥,言,zhòng,4,0
諦,言,dì,4,0
諧,言,xié,2,0
諨,言,fú,2,0
諩,言,pǔ,3,0
諪,言,tíng,2,0
諫,言,jiàn,4,0
諬,言,qǐ,3,0
諭,言,yù,4,0
諮,言,zī,1,0
諯,言,zhuān,1,0
諰,言,xǐ,3,0
諱,言,huì,4,0
諲,言,yīn,1,0
諳,言,ān,1,0
諴,言,xián,2,0
諵,言,nán,2,0
諶,言,chén,2,0
諷,言,fěng,3,14
諸,言,zhū,1,24
諹,言,yáng,2,0
諺,言,yàn,4,0
諻,言,huáng,2,0
諼,言,xuān,1,0
諽,言,gé,2,0
諾,言,nuò,4,0
諿,言,qī,1,0
謀,言,móu,2,122
謁,言,yè,4,0
謂,言,wèi,4,170
謃,言,xīng,1,0
謄,言,téng,2,0
謅,言,zhōu,1,0
謆,言,shàn,4,0
謇,言,jiǎn,3,0
謈,言,pó,2,0
謉,言,kuì,4,0
謊,言,huǎng,3,21
謋,言,huò,4,0
謌,言,gē,1,0
謍,言,yíng,2,0
謎,言,mí,2,0
謏,言,xiǎo,3,0
謐,言,mì,4,0
謑,言,xǐ,3,0
謒,言,qiāng,1,0
謓,言,chēn,1,0
謔,言,xuè,4,0
謕,言,tí,2,0
謖,言,sù,4,0
謗,言,bàng,4,0
謘,言,chí,2,0
謙,言,qiān,1,26
謚,言,shì,4,0
講,言,jiǎng,3,974
謜,言,yuán,2,0
謝,言,xiè,4,289
謞,言,hè,4,0
謟,言,tāo,1,0
謠,言,yáo,2,19
謡,言,yáo,2,0
謢,言,lū,1,0
謣,言,yú,2,0
謤,言,biāo,1,0
謥,言,còng,4,0
謦,言,qìng,4,0
謧,言,lí,2,0
謨,言,mó,2,0
謩,言,mó,2,0
謪,言,shāng,1,0
謫,言,zhé,2,0
謬,言,miù,4,26
謭,言,jiǎn,3,0
謮,言,zé,2,0
謯,言,jiē,1,0
謰,言,lián,2,0
謱,言,lóu,2,0
謲,言,càn,4,0
謳,言,ōu,1,0
謴,言,gùn,4,0
謵,言,xí,2,0
謶,言,zhuó,2,0
謷,言,áo,2,0
謸,言,áo,2,0
謹,言,jǐn,3,20
謺,言,zhé,2,0
謻,言,yí,2,0
謼,言,hū,1,0
謽,言,jiàng,4,0
謾,言,mán,2,0
謿,言,cháo,2,0
譀,言,hàn,4,0
譁,言,huá,2,0
譂,言,chǎn,3,0
譃,言,xū,1,0
譄,言,zēng,1,0
譅,言,sè,4,0
譆,言,xī,1,0
譇,言,zhā,1,0
譈,言,duì,4,0
證,言,zhèng,4,0
譊,言,náo,2,0
譋,言,lán,2,0
譌,言,é,2,0
譍,言,yīng,1,0
譎,言,jué,2,0
譏,言,jī,1,19
譐,言,zǔn,3,0
譑,言,jiǎo,3,0
譒,言,bò,4,0
譓,言,huì,4,0
譔,言,zhuàn,4,0
譕,言,wú,2,0
譖,言,zèn,4,0
譗,言,zhá,2,0
識,言,shí,2,1175
譙,言,qiào,4,0
譚,言,tán,2,0
譛,言,zèn,4,0
譜,言,pǔ,3,0
譝,言,shéng,2,0
譞,言,xuān,1,0
譟,言,zào,4,0
譠,言,tán,2,0
譡,言,dǎng,3,0
譢,言,suì,4,0
譣,言,xiǎn,3,0
譤,言,jī,1,0
譥,言,jiào,4,0
警,言,jǐng,3,198
譧,言,zhàn,4,0
譨,言,náng,2,0
譩,言,yī,1,0
譪,言,ǎi,3,0
譫,言,zhān,1,0
譬,言,pì,4,42
譭,言,huǐ,3,0
譮,言,huà,4,0
譯,言,yì,4,70
議,言,yì,4,570
譱,言,shàn,4,0
譲,言,ràng,4,0
譳,言,nòu,4,0
譴,言,qiǎn,3,13
譵,言,duì,4,0
譶,言,tà,4,0
護,言,hù,4,468
譸,言,zhōu,1,0
譹,言,háo,2,0
譺,言,ài,4,0
譻,言,yīng,1,0
譼,言,jiàn,4,0
譽,言,yù,4,36
譾,言,jiǎn,3,0
譿,言,huì,4,0
讀,言,dú,2,432
讁,言,zhé,2,0
讂,言,xuàn,4,0
讃,言,zàn,4,0
讄,言,lěi,3,0
讅,言,shěn,3,0
讆,言,wèi,4,0
讇,言,chǎn,3,0
讈,言,lì,4,0
讉,言,yí,2,0
變,言,biàn,4,1669
讋,言,zhé,2,0
讌,言,yàn,4,0
讍,言,è,4,0
讎,言,chóu,2,0
讏,言,wèi,4,0
讐,言,chóu,2,0
讒,言,chán,2,0
讓,言,ràng,4,974
讔,言,yǐn,3,0
讕,言,lán,2,0
讖,言,chèn,4,0
讗,言,xié,2,0
讘,言,niè,4,0
讙,言,huān,1,0
讚,言,zàn,4,0
讜,言,dǎng,3,0
讝,言,zhān,1,0
讞,言,yàn,4,0
讟,言,dú,2,0
讠,言,yán,2,0
计,言,jì,4,1108
订,言,dìng,4,126
讣,言,fù,4,0
认,言,rèn,4,1247
讥,言,jī,1,19
讦,言,jié,2,0
讧,言,hòng,4,0
讨,言,tǎo,3,278
让,言,ràng,4,974
讪,言,shàn,4,0
讫,言,qì,4,0
讬,言,tuō,1,0
训,言,xùn,4,184
议,言,yì,4,570
讯,言,xùn,4,132
记,言,jì,4,1280
讱,言,rèn,4,0
讲,言,jiǎng,3,974
讳,言,huì,4,0
讴,言,ōu,1,0
讵,言,jù,4,0
讶,言,yà,4,33
讷,言,nè,4,0
许,言,xǔ,3,1465
讹,言,é,2,0
论,言,lùn,4,1472
讻,言,xiōng,1,0
讼,言,sòng,4,27
讽,言,fěng,3,14
设,言,shè,4,1097
访,言,fǎng,3,73
诀,言,jué,2,0
证,言,zhèng,4,518
诂,言,gǔ,3,0
诃,言,hē,1,0
评,言,píng,2,439
诅,言,zǔ,3,0
识,言,shí,2,1175
诇,言,xiòng,4,0
诈,言,zhà,4,0
诉,言,sù,4,595
诊,言,zhěn,3,32
诋,言,dǐ,3,0
诌,言,zhōu,1,0
词,言,cí,2,72
诎,言,qū,1,0
诏,言,zhào,4,0
诐,言,bì,4,0
译,言,yì,4,70
诒,言,yí,2,0
诓,言,kuāng,1,0
诔,言,lěi,3,0
试,言,shì,4,374
诖,言,guà,4,0
诗,言,shī,1,152
诘,言,jié,2,0
诙,言,huī,1,0
诚,言,chéng,2,51
诛,言,zhū,1,0
诜,言,shēn,1,0
话,言,huà,4,2364
诞,言,dàn,4,40
诟,言,gòu,4,0
诠,言,quán,2,0
诡,言,guǐ,3,15
询,言,xún,2,24
诣,言,yì,4,0
诤,言,zhèng,4,0
该,言,gāi,1,1057
详,言,xiáng,2,95
诧,言,chà,4,38
诨,言,hùn,4,0
诩,言,xǔ,3,0
诪,言,zhōu,1,0
诫,言,jiè,4,10
诬,言,wū,1,14
语,言,yǔ,3,261
诮,言,qiào,4,0
误,言,wù,4,511
诰,言,gào,4,0
诱,言,yòu,4,12
诲,言,huì,4,0
诳,言,kuáng,2,0
说,言,shuō,1,10245
诵,言,sòng,4,14
诶,言,éi,2,30
请,言,qǐng,3,585
诸,言,zhū,1,24
诹,言,zōu,1,0
诺,言,nuò,4,0
读,言,dú,2,432
诼,言,zhuó,2,0
诽,言,fěi,3,0
课,言,kè,4,341
诿,言,wěi,3,0
谀,言,yú,2,0
谁,言,shéi,2,1065
谂,言,shěn,3,0
调,言,diào,4,603
谄,言,chǎn,3,0
谅,言,liàng,4,46
谆,言,zhūn,1,0
谇,言,suì,4,0
谈,言,tán,2,693
谉,言,shěn,3,0
谊,言,yì,4,30
谋,言,móu,2,122
谌,言,chén,2,0
谍,言,dié,2,0
谎,言,huǎng,3,21
谏,言,jiàn,4,0
谐,言,xié,2,0
谑,言,xuè,4,0
谒,言,yè,4,0
谓,言,wèi,4,170
谔,言,è,4,0
谕,言,yù,4,0
谖,言,xuān,1,0
谗,言,chán,2,0
谘,言,zī,1,0
谙,言,ān,1,0
谚,言,yàn,4,0
谛,言,dì,4,0
谜,言,mí,2,0
谝,言,piǎn,3,0
谞,言,xū,1,0
谟,言,mó,2,0
谠,言,dǎng,3,0
谡,言,sù,4,0
谢,言,xiè,4,289
谣,言,yáo,2,19
谤,言,bàng,4,0
谥,言,shì,4,0
谦,言,qiān,1,26
谧,言,mì,4,0
谨,言,jǐn,3,20
谩,言,màn,4,0
谪,言,zhé,2,0
谫,言,jiǎn,3,0
谬,言,miù,4,26
谭,言,tán,2,0
谮,言,zèn,4,0
谯,言,qiáo,2,0
谰,言,lán,2,0
谱,言,pǔ,3,0
谲,言,jué,2,0
谳,言,yàn,4,0
谴,言,qiǎn,3,13
谵,言,zhān,1,0
谶,言,chèn,4,0
谷,谷,gǔ,3,145
谸,谷,qiān,1,0
谹,谷,hóng,2,0
谺,谷,xiā,1,0
谻,谷,jí,2,0
谼,谷,hóng,2,0
谽,谷,hān,1,0
谾,谷,hōng,1,0
谿,谷,xī,1,0
豀,谷,xī,1,0
豁,谷,huō,1,37
豂,谷,liáo,2,0
豃,谷,hǎn,3,0
豅,谷,lóng,2,0
豆,豆,dòu,4,127
豇,豆,jiāng,1,0
豈,豆,qǐ,3,51
豉,豆,chǐ,3,0
豊,豆,lǐ,3,0
豋,豆,dēng,1,0
豌,豆,wān,1,9
豍,豆,bī,1,0
豎,豆,shù,4,30
豏,豆,xiàn,4,0
豐,豆,fēng,1,0
豑,豆,zhì,4,0
豓,豆,yàn,4,0
豔,豆,yàn,4,0
豕,豕,shǐ,3,0
豖,豕,chù,4,0
豗,豕,huī,1,0
豘,豕,tún,2,0
豙,豕,yì,4,0
豚,豕,tún,2,0
豛,豕,yì,4,0
豜,豕,jiān,1,0
豝,豕,bā,1,0
豞,豕,hòu,4,0
豟,豕,è,4,0
豠,豕,chú,2,0
象,豕,xiàng,4,3043
豢,豕,huàn,4,0
豣,豕,jiān,1,0
豤,豕,kěn,3,0
豥,豕,gāi,1,0
豦,豕,jù,4,0
豧,豕,fū,1,0
豨,豕,xī,1,0
豩,豕,bīn,1,0
豪,豕,háo,2,35
豫,豕,yù,4,39
豬,豕,zhū,1,83
豭,豕,jiā,1,0
豮,豕,fén,2,0
豯,豕,xī,1,0
豰,豕,bó,2,0
豱,豕,wēn,1,0
豲,豕,huán,2,0
豳,豕,bīn,1,0
豴,豕,dí,2,0
豵,豕,zōng,1,0
豶,豕,fén,2,0
豷,豕,yì,4,0
豸,豸,zhì,4,0
豹,豸,bào,4,15
豺,豸,chái,2,16
豻,豸,àn,4,0
豼,豸,pí,2,0
豽,豸,nà,4,0
豾,豸,pī,1,0
豿,豸,gǒu,3,0
貀,豸,nà,4,0
貁,豸,yòu,4,0
貂,豸,diāo,1,0
貃,豸,mò,4,0
貄,豸,sì,4,0
貅,豸,xiū,1,0
貆,豸,huán,2,0
貇,豸,kūn,1,0
貈,豸,hé,2,0
貉,豸,háo,2,0
貊,豸,mò,4,0
貋,豸,àn,4,0
貌,豸,mào,4,95
貍,豸,lí,2,0
貎,豸,ní,2,0
貏,豸,bǐ,3,0
貐,豸,yǔ,3,0
貑,豸,jiā,1,0
貒,豸,tuān,1,0
貓,豸,māo,1,62
貔,豸,pí,2,0
貕,豸,xī,1,0
貖,豸,yì,4,0
貗,豸,jù,4,0
貘,豸,mò,4,0
貙,豸,chū,1,0
貚,豸,tán,2,0
貛,豸,huān,1,0
貜,豸,jué,2,0
貝,貝,bèi,4,49
貞,貝,zhēn,1,0
貟,貝,yuán,2,0
負,貝,fù,4,347
財,貝,cái,2,166
貢,貝,gòng,4,97
貣,貝,tè,4,0
貤,貝,yí,2,0
貥,貝,háng,2,0
貦,貝,wán,2,0
貧,貝,pín,2,115
貨,貝,huò,4,328
販,貝,fàn,4,14
貪,貝,tān,1,30
貫,貝,guàn,4,91
責,貝,zé,2,363
貭,貝,zhì,4,0
貮,貝,èr,4,0
貯,貝,zhù,4,0
貰,貝,shì,4,0
貱,貝,bì,4,0
貲,貝,zī,1,0
貳,貝,èr,4,0
貴,貝,guì,4,180
貵,貝,piǎn,3,0
貶,貝,biǎn,3,0
買,貝,mǎi,3,774
貸,貝,dài,4,0
貹,貝,shèng,4,0
貺,貝,kuàng,4,0
費,貝,fèi,4,305
貼,貝,tiē,1,124
貽,貝,yí,2,0
貾,貝,chí,2,0
貿,貝,mào,4,36
賀,貝,hè,4,15
賁,貝,bì,4,0
賂,貝,lù,4,0
賃,貝,lìn,4,0
賄,貝,huì,4,0
賅,貝,gāi,1,0
賆,貝,pián,2,0
資,貝,zī,1,1455
賈,貝,jiǎ,3,0
賉,貝,xù,4,0
賊,貝,zéi,2,31
賋,貝,jiǎo,3,0
賌,貝,gāi,1,0
賍,貝,zāng,1,0
賎,貝,jiàn,4,0
賏,貝,yīng,1,0
賐,貝,xùn,4,0
賑,貝,zhèn,4,0
賒,貝,shē,1,0
賓,貝,bīn,1,9
賕,貝,qiú,2,0
賖,貝,shē,1,0
賗,貝,chuàn,4,0
賘,貝,zāng,1,0
賙,貝,zhōu,1,0
賚,貝,lài,4,0
賛,貝,zàn,4,0
賜,貝,cì,4,0
賝,貝,chēn,1,0
賞,貝,shǎng,3,58
賟,貝,tiǎn,3,0
賠,貝,péi,2,24
賡,貝,gēng,1,0
賢,貝,xián,2,0
賣,貝,mài,4,530
賤,貝,jiàn,4,29
賥,貝,suì,4,0
賦,貝,fù,4,0
賧,貝,tàn,4,0
賨,貝,cóng,2,0
賩,貝,cóng,2,0
質,貝,zhì,4,902
賫,貝,jī,1,0
賬,貝,zhàng,4,0
賭,貝,dǔ,3,10
賮,貝,jìn,4,0
賯,貝,xiōng,1,0
賰,貝,chǔn,3,0
賱,貝,yǔn,3,0
賲,貝,bǎo,3,0
賳,貝,zāi,1,0
賴,貝,lài,4,28
賵,貝,fèng,4,0
賶,貝,càng,4,0
賷,貝,jī,1,0
賸,貝,shèng,4,0
賹,貝,yì,4,0
賺,貝,zhuàn,4,25
賻,貝,fù,4,0
購,貝,gòu,4,41
賽,貝,sài,4,124
賾,貝,zé,2,0
賿,貝,liáo,2,0
贀,貝,yì,4,0
贁,攴,bài,4,0
贂,貝,chěn,3,0
贃,貝,wàn,4,0
贄,貝,zhì,4,0
贅,貝,zhuì,4,0
贆,貝,biāo,1,0
贇,貝,yūn,1,0
贈,貝,zèng,4,0
贉,貝,dàn,4,0
贊,貝,zàn,4,162
贋,貝,yàn,4,0
贌,貝,pú,2,0
贍,貝,shàn,4,0
贎,貝,wàn,4,0
贏,貝,yíng,2,0
贐,貝,jìn,4,0
贑,貝,gàn,4,0
贒,貝,xián,2,0
贓,貝,zāng,1,0
贔,貝,bì,4,0
贕,貝,dú,2,0
贖,貝,shú,2,0
贗,貝,yàn,4,0
贘,貝,shǎng,3,0
贙,貝,xuàn,4,0
贚,貝,lòng,4,0
贛,貝,gàn,4,0
贜,貝,zāng,1,0
贝,貝,bèi,4,49
贞,貝,zhēn,1,0
负,貝,fù,4,347
贠,貝,yuán,2,0
贡,貝,gòng,4,97
财,貝,cái,2,166
责,貝,zé,2,363
贤,貝,xián,2,0
败,貝,bài,4,218
账,貝,zhàng,4,0
货,貝,huò,4,328
质,貝,zhì,4,902
贩,貝,fàn,4,14
贪,貝,tān,1,30
贫,貝,pín,2,115
贬,貝,biǎn,3,0
购,貝,gòu,4,41
贮,貝,zhù,4,0
贯,貝,guàn,4,91
贰,貝,èr,4,0
贱,貝,jiàn,4,29
贲,貝,bēn,1,0
贳,貝,shì,4,0
贴,貝,tiē,1,124
贵,貝,guì,4,180
贶,貝,kuàng,4,0
贷,貝,dài,4,0
贸,貝,mào,4,36
费,貝,fèi,4,305
贺,貝,hè,4,15
贻,貝,yí,2,0
贼,貝,zéi,2,31
贽,貝,zhì,4,0
贾,貝,jiǎ,3,0
贿,貝,huì,4,0
赀,貝,zī,1,0
赁,貝,lìn,4,0
赂,貝,lù,4,0
赃,貝,zāng,1,0
资,貝,zī,1,1455
赅,貝,gāi,1,0
赆,貝,jìn,4,0
赇,貝,qiú,2,0
赈,貝,zhèn,4,0
赉,貝,lài,4,0
赊,貝,shē,1,0
赋,貝,fù,4,0
赌,貝,dǔ,3,10
赍,貝,jī,1,0
赎,貝,shú,2,0
赏,貝,shǎng,3,58
赐,貝,cì,4,0
赑,貝,bì,4,0
赒,貝,zhōu,1,0
赓,貝,gēng,1,0
赔,貝,péi,2,24
赕,貝,dǎn,3,0
赖,貝,lài,4,28
赗,貝,fèng,4,0
赘,貝,zhuì,4,0
赙,貝,fù,4,0
赚,貝,zhuàn,4,25
赛,貝,sài,4,124
赜,貝,zé,2,0
赝,貝,yàn,4,0
赞,貝,zàn,4,162
赟,貝,yūn,1,0
赠,貝,zèng,4,0
赡,貝,shàn,4,0
赢,貝,yíng,2,0
赣,貝,gàn,4,0
赤,赤,chì,4,34
赥,赤,xī,1,0
赦,赤,shè,4,0
赧,赤,nǎn,3,0
赨,赤,tóng,2,0
赩,赤,xì,4,0
赪,赤,chēng,1,0
赫,赤,hè,4,0
赬,赤,chēng,1,0
赭,赤,zhě,3,0
赮,赤,xiá,2,0
赯,赤,táng,2,0
走,走,zǒu,3,3176
赱,走,zǒu,3,0
赲,走,lì,4,0
赳,走,jiū,1,0
赴,走,fù,4,12
赵,走,zhào,4,0
赶,走,gǎn,3,681
起,走,qǐ,3,5632
赸,走,shàn,4,0
赹,走,qióng,2,0
赺,走,yǐn,3,0
赻,走,xiǎn,3,0
赼,走,zī,1,0
赽,走,jué,2,0
赾,走,qǐn,3,0
赿,走,chí,2,0
趀,走,cī,1,0
趁,走,chèn,4,84
趂,走,chèn,4,0
趃,走,dié,2,0
趄,走,jū,1,0
超,走,chāo,1,256
趆,走,dī,1,0
趇,走,xì,4,0
趈,走,zhān,1,0
趉,走,jué,2,0
越,走,yuè,4,958
趋,走,qū,1,21
趌,走,jí,2,0
趍,走,chí,2,0
趎,走,chú,2,0
趏,走,guā,1,0
趐,走,xuè,4,0
趑,走,zī,1,0
趒,走,tiáo,2,0
趓,走,duǒ,3,0
趔,走,liè,4,0
趕,走,gǎn,3,681
趖,走,suō,1,0
趗,走,cù,4,0
趘,走,xí,2,0
趙,走,zhào,4,0
趚,走,sù,4,0
趛,走,yǐn,3,0
趜,走,jú,2,0
趝,走,jiàn,4,0
趞,走,què,4,0
趟,走,tàng,4,89
趠,走,chuò,4,0
趡,走,cuǐ,3,0
趢,走,lù,4,0
趣,走,qù,4,168
趤,走,dàng,4,0
趥,走,qiū,1,0
趦,走,zī,1,0
趧,走,tí,2,0
趨,走,qū,1,21
趩,走,chì,4,0
趪,走,huáng,2,0
趫,走,qiáo,2,0
趬,走,qiāo,1,0
趭,走,jiào,4,0
趮,走,zào,4,0
趯,走,tì,4,0
趰,走,ěr,3,0
趱,走,zǎn,3,0
趲,走,zǎn,3,0
足,足,zú,2,310
趴,足,pā,1,43
趵,足,bào,4,0
趶,足,kù,4,0
趷,足,kē,1,0
趸,足,dǔn,3,0
趹,足,jué,2,0
趺,足,fū,1,0
趻,足,chěn,3,0
趼,足,jiǎn,3,0
趽,足,fàng,4,0
趾,足,zhǐ,3,0
趿,足,tā,1,0
跀,足,yuè,4,0
跁,足,bà,4,0
跂,足,qí,2,0
跃,足,yuè,4,139
跄,足,qiàng,4,0
跅,足,tuò,4,0
跆,足,tái,2,0
跇,足,yì,4,0
跈,足,niǎn,3,0
跉,足,líng,2,0
跊,足,mèi,4,0
跋,足,bá,2,0
跌,足,diē,1,47
跍,足,kū,1,0
跎,足,tuó,2,0
跏,足,jiā,1,0
跐,足,cī,1,0
跑,足,pǎo,3,986
跒,足,qiǎ,3,0
跓,足,zhù,4,0
跔,足,jū,1,0
跕,足,diǎn,3,0
跖,足,zhí,2,0
跗,足,fū,1,0
跘,足,pán,2,0
跙,足,jù,4,0
跚,足,shān,1,0
跛,足,bǒ,3,11
跜,足,ní,2,0
距,足,jù,4,129
跞,足,lì,4,0
跟,足,gēn,1,1534
跠,足,yí,2,0
跡,足,jī,1,87
跢,足,duò,4,0
跣,足,xiǎn,3,0
跤,足,jiāo,1,0
跥,足,duò,4,0
跦,足,zhū,1,0
跧,足,quán,2,0
跨,足,kuà,4,62
跩,足,zhuǎi,3,0
跪,足,guì,4,55
跫,足,qióng,2,0
跬,足,kuǐ,3,0
跭,足,xiáng,2,0
跮,足,chì,4,0
路,足,lù,4,1987
跰,足,pián,2,0
跱,足,zhì,4,0
跲,足,jiá,2,0
跳,足,tiào,4,470
跴,足,cǎi,3,0
践,足,jiàn,4,312
跶,足,da,1,0
跷,足,qiāo,1,0
跸,足,bì,4,0
跹,足,xiān,1,0
跺,足,duò,4,19
跻,足,jī,1,0
跼,足,jú,2,0
跽,足,jì,4,0
跾,足,shū,1,0
跿,足,tú,2,0
踀,足,chù,4,0
踁,足,jìng,4,0
踂,足,niè,4,0
踃,足,xiāo,1,0
踄,足,bù,4,0
踅,足,xué,2,0
踆,足,cūn,1,0
踇,足,mǔ,3,0
踈,足,shū,1,0
踉,足,liàng,4,0
踊,足,yǒng,3,0
踋,足,jiǎo,3,0
踌,足,chóu,2,24
踍,足,qiāo,1,0
踎,足,móu,2,0
踏,足,tà,4,132
踐,足,jiàn,4,312
踑,足,qí,2,0
踒,足,wō,1,0
踓,足,wěi,3,0
踔,足,chuō,1,0
踕,足,jié,2,0
踖,足,jí,2,0
踗,足,niè,4,0
踘,足,jū,1,0
踙,足,niè,4,0
踚,足,lún,2,0
踛,足,lù,4,0
踜,足,lèng,4,0
踝,足,huái,2,0
踞,足,jù,4,0
踟,足,chí,2,0
踠,足,wǎn,3,0
踡,足,quán,2,0
踢,足,tī,1,50
踣,足,bó,2,0
踤,足,zú,2,0
踥,足,qiè,4,0
踦,足,yǐ,3,0
踧,足,cù,4,0
踨,足,zōng,1,0
踩,足,cǎi,3,64
踪,足,zōng,1,12
踫,足,pèng,4,0
踬,足,zhì,4,0
踭,足,zhēng,1,0
踮,足,diǎn,3,9
踯,足,zhí,2,0
踰,足,yú,2,0
踱,足,duó,2,37
踲,足,dùn,4,0
踳,足,chuǎn,3,0
踴,足,yǒng,3,0
踵,足,zhǒng,3,0
踶,足,dì,4,0
踷,足,zhǎ,3,0
踸,足,chěn,3,0
踹,足,chuài,4,0
踺,足,jiàn,4,0
踻,足,guā,1,0
踼,足,táng,2,0
踽,足,jǔ,3,0
踾,足,fú,2,0
踿,足,zú,2,0
蹀,足,dié,2,0
蹁,足,pián,2,0
蹂,足,róu,2,0
蹃,足,nuò,4,0
蹄,足,tí,2,15
蹅,足,chǎ,3,0
蹆,足,tuǐ,3,0
蹇,足,jiǎn,3,0
蹈,足,dǎo,3,9
蹉,足,cuō,1,0
蹊,足,qī,1,0
蹋,足,tà,4,13
蹌,足,qiāng,1,0
蹍,足,niǎn,3,0
蹎,足,diān,1,0
蹏,足,tí,2,0
蹐,足,jí,2,0
蹑,足,niè,4,0
蹒,足,pán,2,0
蹓,足,liū,1,0
蹔,足,zàn,4,0
蹕,足,bì,4,0
蹖,足,chōng,1,0
蹗,足,lù,4,0
蹘,足,liáo,2,0
蹙,足,cù,4,0
蹚,足,tāng,1,0
蹛,足,dài,4,0
蹜,足,sù,4,0
蹝,足,xǐ,3,0
蹞,足,kuǐ,3,0
蹟,足,jī,1,0
蹠,足,zhí,2,0
蹡,足,qiāng,1,0
蹢,足,dí,2,0
蹣,足,pán,2,0
蹤,足,zōng,1,12
蹥,足,lián,2,0
蹦,足,bèng,4,28
蹧,足,zāo,1,0
蹨,足,niǎn,3,0
蹩,足,bié,2,0
蹪,足,tuí,2,0
蹫,足,jú,2,0
蹬,足,dēng,1,39
蹭,足,cèng,4,14
蹮,足,xiān,1,0
蹯,足,fán,2,0
蹰,足,chú,2,0
蹱,足,zhōng,1,0
蹲,足,dūn,1,107
蹳,足,bō,1,0
蹴,足,cù,4,0
蹵,足,cù,4,0
蹶,足,jué,2,0
蹸,足,lìn,4,0
蹹,足,tá,2,0
蹺,足,qiāo,1,0
蹻,足,juē,1,0
蹼,足,pǔ,3,0
蹽,足,liāo,1,0
蹾,足,dūn,1,0
蹿,足,cuān,1,0
躀,足,guàn,4,0
躁,足,zào,4,33
躂,足,dá,2,0
躃,足,bì,4,0
躄,足,bì,4,0
躅,足,zhú,2,0
躆,足,jù,4,0
躇,足,chú,2,24
躈,足,qiào,4,0
躉,足,dǔn,3,0
躊,足,chóu,2,24
躋,足,jī,1,0
躌,足,wǔ,3,0
躍,足,yuè,4,139
躎,足,niǎn,3,0
躏,足,lìn,4,0
躐,足,liè,4,0
躑,足,zhí,2,0
躒,足,lì,4,0
躓,足,zhì,4,0
躔,足,chán,2,0
躕,足,chú,2,0
躖,足,duàn,4,0
躗,足,wèi,4,0
躘,足,lóng,2,0
躙,足,lìn,4,0
躚,足,xiān,1,0
躛,足,wèi,4,0
躜,足,zuān,1,0
躝,足,lán,2,0
躞,足,xiè,4,0
躟,足,ráng,2,0
躠,足,sǎ,3,0
躡,足,niè,4,0
躢,足,tà,4,0
躣,足,qú,2,0
躤,足,jí,2,0
躥,足,cuān,1,0
躦,足,cuó,2,0
躧,足,xǐ,3,0
躨,足,kuí,2,0
躩,足,jué,2,0
躪,足,lìn,4,0
身,身,shēn,1,2161
躬,身,gōng,1,22
躭,身,dān,1,0
躮,身,fēn,1,0
躯,身,qū,1,10
躰,身,tǐ,3,0
躱,身,duǒ,3,0
躲,身,duǒ,3,124
躳,身,gōng,1,0
躴,身,láng,2,0
躵,身,rěn,3,0
躶,身,luǒ,3,0
躷,身,ǎi,3,0
躸,身,jī,1,0
躹,身,jú,2,0
躺,身,tǎng,3,198
躻,身,kōng,1,0
躼,身,lào,4,0
躽,身,yǎn,3,0
躾,身,měi,3,0
躿,身,kāng,1,0
軀,身,qū,1,10
軁,身,lóu,2,0
軂,身,lào,4,0
軃,身,duǒ,3,0
軄,身,zhí,2,0
軅,身,yàn,4,0
軆,身,tǐ,3,0
軇,身,dào,4,0
軈,身,yīng,1,0
軉,身,yù,4,0
車,車,chē,1,1893
軋,車,yà,4,21
軌,車,guǐ,3,72
軍,車,jūn,1,1842
軎,車,wèi,4,0
軏,車,yuè,4,0
軐,車,xìn,4,0
軑,車,dài,4,0
軒,車,xuān,1,0
軓,車,fàn,4,0
軔,車,rèn,4,0
軕,車,shān,1,0
軖,車,kuáng,2,0
軗,車,shū,1,0
軘,車,tún,2,0
軙,車,chén,2,0
軚,車,dài,4,0
軛,車,è,4,0
軜,車,nà,4,0
軝,車,qí,2,0
軞,車,máo,2,0
軟,車,ruǎn,3,125
軠,車,kuáng,2,0
軡,車,qián,2,0
転,車,zhuǎn,3,0
軣,車,hōng,1,0
軤,車,hū,1,0
軥,車,qú,2,0
軦,車,kuàng,4,0
軧,車,dǐ,3,0
軨,車,líng,2,0
軩,車,dài,4,0
軪,車,āo,1,0
軫,車,zhěn,3,0
軬,車,fàn,4,0
軭,車,kuāng,1,0
軮,車,yǎng,3,0
軯,車,pēng,1,0
軰,車,bèi,4,0
軱,車,gū,1,0
軲,車,gū,1,0
軳,車,páo,2,0
軴,車,zhù,4,0
軵,車,rǒng,3,0
軶,車,è,4,0
軷,車,bá,2,0
軸,車,zhóu,2,39
軹,車,zhǐ,3,0
軺,車,yáo,2,0
軻,車,kē,1,0
軼,車,yì,4,0
軽,車,zhì,4,0
軾,車,shì,4,0
軿,車,píng,2,0
輀,車,ér,2,0
輁,車,gǒng,3,0
輂,車,jú,2,0
較,車,jiào,4,799
輄,車,guāng,1,0
輅,車,lù,4,0
輆,車,kǎi,3,0
輇,車,quán,2,0
輈,車,zhōu,1,0
載,車,zài,4,144
輊,車,zhì,4,0
輋,車,shē,1,0
輌,車,liàng,4,0
輍,車,yù,4,0
輎,車,shāo,1,0
輏,車,yóu,2,0
輐,車,wàn,4,0
輑,車,yǐn,3,0
輒,車,zhé,2,0
輓,車,wǎn,3,0
輔,車,fǔ,3,31
輕,車,qīng,1,859
輖,車,zhōu,1,0
輗,車,ní,2,0
輘,車,léng,2,0
輙,車,zhé,2,0
輚,車,zhàn,4,0
輛,車,liàng,4,178
輜,車,zī,1,0
輝,車,huī,1,100
輞,車,wǎng,3,0
輟,車,chuò,4,0
輠,車,guǒ,3,0
輡,車,kǎn,3,0
輢,車,yǐ,3,0
輣,車,péng,2,0
輤,車,qiàn,4,0
輥,車,gǔn,3,0
輦,車,niǎn,3,0
輧,車,píng,2,0
輨,車,guǎn,3,0
輩,車,bèi,4,87
輪,車,lún,2,222
輫,車,pái,2,0
輬,車,liáng,2,0
輭,車,ruǎn,3,0
輮,車,róu,2,0
輯,車,jí,2,69
輰,車,yáng,2,0
輲,車,chuán,2,0
輳,車,còu,4,0
輴,車,chūn,1,0
輵,車,gé,2,0
輶,車,yóu,2,0
輷,車,hōng,1,0
輸,車,shū,1,231
輹,車,fù,4,0
輺,車,zī,1,0
輻,車,fú,2,31
輼,車,wēn,1,0
輽,車,bèn,4,0
輾,車,zhǎn,3,0
輿,車,yú,2,9
轀,車,wēn,1,0
轁,車,tāo,1,0
轂,車,gǔ,3,0
轃,車,zhēn,1,0
轄,車,xiá,2,0
轅,車,yuán,2,0
轆,車,lù,4,0
轇,車,jiāo,1,0
轈,車,cháo,2,0
轉,車,zhuǎn,3,934
轊,車,wèi,4,0
轋,車,hún,2,0
轌,車,xuě,3,0
轍,車,zhé,2,0
轎,車,jiào,4,27
轏,車,zhàn,4,0
轐,車,bú,2,0
轑,車,lǎo,3,0
轒,車,fén,2,0
轓,車,fān,1,0
轔,車,lín,2,0
轕,車,gé,2,0
轖,車,sè,4,0
轗,車,kǎn,3,0
轘,車,huán,2,0
轙,車,yǐ,3,0
轚,車,jí,2,0
轛,車,zhuì,4,0
轜,車,ér,2,0
轝,車,yù,4,0
轞,車,jiàn,4,0
轟,車,hōng,1,77
轠,車,léi,2,0
轡,車,pèi,4,0
轢,車,lì,4,0
轣,車,lì,4,0
轤,車,lú,2,0
轥,車,lìn,4,0
车,車,chē,1,1893
轧,車,yà,4,21
轨,車,guǐ,3,72
轩,車,xuān,1,0
轪,車,dài,4,0
轫,車,rèn,4,0
转,車,zhuǎn,3,934
轭,車,è,4,0
轮,車,lún,2,222
软,車,ruǎn,3,125
轰,車,hōng,1,77
轱,車,gū,1,0
轲,車,kē,1,0
轳,車,lú,2,0
轴,車,zhóu,2,39
轵,車,zhǐ,3,0
轶,車,yì,4,0
轷,車,hū,1,0
轸,車,zhěn,3,0
轹,車,lì,4,0
轺,車,yáo,2,0
轻,車,qīng,1,859
轼,車,shì,4,0
载,車,zài,4,144
轾,車,zhì,4,0
轿,車,jiào,4,27
辀,車,zhōu,1,0
辁,車,quán,2,0
辂,車,lù,4,0
较,車,jiào,4,799
辄,車,zhé,2,0
辅,車,fǔ,3,31
辆,車,liàng,4,178
辇,車,niǎn,3,0
辈,車,bèi,4,87
辉,車,huī,1,100
辊,車,gǔn,3,0
辋,車,wǎng,3,0
辌,車,liáng,2,0
辍,車,chuò,4,0
辎,車,zī,1,0
辏,車,còu,4,0
辐,車,fú,2,31
辑,車,jí,2,69
辒,車,wēn,1,0
输,車,shū,1,231
辔,車,pèi,4,0
辕,車,yuán,2,0
辖,車,xiá,2,0
辗,車,zhǎn,3,0
辘,車,lù,4,0
辙,車,zhé,2,0
辚,車,lín,2,0
辛,辛,xīn,1,90
辜,辛,gū,1,9
辝,辛,cí,2,0
辞,辛,cí,2,23
辟,辛,pì,4,95
辠,辛,zuì,4,0
辡,辛,biàn,4,0
辢,辛,là,4,0
辣,辛,là,4,25
辤,辛,cí,2,0
辥,辛,xuē,1,0
辦,辛,bàn,4,1187
辧,辛,biàn,4,0
辨,辛,biàn,4,49
辩,辛,biàn,4,165
辫,辛,biàn,4,55
辬,辛,bān,1,0
辭,辛,cí,2,23
辮,辛,biàn,4,55
辯,辛,biàn,4,165
辰,辰,chén,2,0
辱,辰,rǔ,3,22
農,辰,nóng,2,1281
辳,辰,nóng,2,0
辴,辰,chǎn,3,0
辵,辵,chuò,4,0
辶,辵,chuò,4,0
辷,辵,yī,1,0
辸,辵,réng,2,0
边,辵,biān,1,2406
辺,辵,biān,1,0
辻,辵,shí,2,0
込,辵,yū,1,0
辽,辵,liáo,2,32
达,辵,dá,2,557
辿,辵,chān,1,0
迀,辵,gān,1,0
迁,辵,qiān,1,34
迂,辵,yū,1,0
迃,辵,yū,1,0
迄,辵,qì,4,0
迅,辵,xùn,4,191
迆,辵,yí,2,0
过,辵,guò,4,6396
迈,辵,mài,4,83
迉,辵,qī,1,0
迊,辵,zā,1,0
迋,辵,wàng,4,0
迌,辵,tù,4,0
迍,辵,zhūn,1,0
迎,辵,yíng,2,135
迏,辵,dá,2,0
运,辵,yùn,4,1192
近,辵,jìn,4,823
迒,辵,háng,2,0
迓,辵,yà,4,0
返,辵,fǎn,3,48
迕,辵,wǔ,3,0
迖,辵,dá,2,0
迗,辵,é,2,0
还,辵,hái,2,5997
这,辵,zhè,4,16714
迚,辵,dá,2,0
进,辵,jìn,4,3920
远,辵,yuǎn,3,1036
违,辵,wéi,2,113
连,辵,lián,2,1073
迟,辵,chí,2,107
迠,辵,chè,4,0
迡,辵,nì,4,0
迢,辵,tiáo,2,0
迣,辵,zhì,4,0
迤,辵,yí,2,0
迥,辵,jiǒng,3,0
迦,辵,jiā,1,0
迧,辵,chén,2,0
迨,辵,dài,4,0
迩,辵,ěr,3,0
迪,辵,dí,2,0
迫,辵,pò,4,306
迬,辵,zhù,4,0
迭,辵,dié,2,0
迮,辵,zé,2,0
迯,辵,táo,2,0
述,辵,shù,4,109
迱,辵,tuó,2,0
迲,辵,qu,1,0
迳,辵,jìng,4,0
迴,辵,huí,2,0
迵,辵,dòng,4,0
迶,辵,yòu,4,0
迷,辵,mí,2,150
迸,辵,bèng,4,0
迹,辵,jì,4,87
迺,辵,nǎi,3,0
迻,辵,yí,2,0
迼,辵,jié,2,0
追,辵,zhuī,1,272
迾,辵,liè,4,0
迿,辵,xùn,4,0
退,辵,tuì,4,254
送,辵,sòng,4,818
适,辵,shì,4,356
逃,辵,táo,2,164
逄,辵,páng,2,0
逅,辵,hòu,4,0
逆,辵,nì,4,0
逇,辵,dùn,4,0
逈,辵,jiǒng,3,0
选,辵,xuǎn,3,339
逊,辵,xùn,4,9
逋,辵,bū,1,0
逌,辵,yōu,1,0
逍,辵,xiāo,1,0
逎,辵,qiú,2,0
透,辵,tòu,4,316
逐,辵,zhú,2,275
逑,辵,qiú,2,0
递,辵,dì,4,83
逓,辵,dì,4,0
途,辵,tú,2,178
逕,辵,jìng,4,0
逖,辵,tì,4,0
逗,辵,dòu,4,77
逘,辵,yǐ,3,0
這,辵,zhè,4,16714
通,辵,tōng,1,1142
逛,辵,guàng,4,19
逜,辵,wù,4,0
逝,辵,shì,4,31
逞,辵,chěng,3,0
速,辵,sù,4,668
造,辵,zào,4,1377
逡,辵,qūn,1,0
逢,辵,féng,2,53
連,辵,lián,2,1073
逤,辵,suò,4,0
逦,辵,lǐ,3,0
逧,辵,gǔ,3,0
逨,辵,lái,2,0
逩,辵,bèn,4,0
逪,辵,cuò,4,0
逫,辵,jué,2,0
逬,辵,bèng,4,0
逭,辵,huàn,4,0
逮,辵,dǎi,3,40
逯,辵,lù,4,0
週,辵,zhōu,1,0
進,辵,jìn,4,3920
逳,辵,yù,4,0
逴,辵,chuō,1,0
逵,辵,kuí,2,0
逶,辵,wēi,1,0
逷,辵,tì,4,0
逸,辵,yì,4,0
逹,辵,dá,2,0
逻,辵,luó,2,24
逼,辵,bī,1,89
逽,辵,nuò,4,0
逾,辵,yú,2,0
逿,辵,dàng,4,0
遀,辵,suí,2,0
遁,辵,dùn,4,0
遂,辵,suì,4,0
遃,辵,yǎn,3,0
遄,辵,chuán,2,0
遅,辵,chí,2,0
遆,辵,tí,2,0
遇,辵,yù,4,261
遈,辵,shí,2,0
遉,辵,zhēn,1,0
遊,辵,yóu,2,0
運,辵,yùn,4,1192
遌,辵,è,4,0
遍,辵,biàn,4,290
過,辵,guò,4,6396
遏,辵,è,4,0
遐,辵,xiá,2,0
遑,辵,huáng,2,0
遒,辵,qiú,2,0
道,辵,dào,4,3978
達,辵,dá,2,557
違,辵,wéi,2,113
遖,辵,nán,2,0
遗,辵,yí,2,101
遘,辵,gòu,4,0
遙,辵,yáo,2,23
遚,辵,chòu,4,0
遛,辵,liù,4,0
遜,辵,xùn,4,9
遝,辵,tà,4,0
遞,辵,dì,4,83
遠,辵,yuǎn,3,1036
遡,辵,sù,4,0
遢,辵,ta,1,0
遣,辵,qiǎn,3,30
遤,辵,mǎ,3,0
遥,辵,yáo,2,23
遦,辵,guàn,4,0
遧,辵,zhāng,1,0
遨,辵,áo,2,0
適,辵,shì,4,356
遪,辵,cà,4,0
遫,辵,chì,4,0
遬,辵,sù,4,0
遭,辵,zāo,1,192
遮,辵,zhē,1,61
遯,辵,dùn,4,0
遰,辵,dì,4,0
遱,辵,lóu,2,0
遲,辵,chí,2,107
遳,辵,cuō,1,0
遴,辵,lín,2,0
遵,辵,zūn,1,90
遶,辵,rào,4,0
遷,辵,qiān,1,34
選,辵,xuǎn,3,339
遹,辵,yù,4,0
遺,辵,yí,2,101
遻,辵,è,4,0
遼,辵,liáo,2,32
遽,辵,jù,4,0
遾,辵,shì,4,0
避,辵,bì,4,166
邀,辵,yāo,1,30
邁,辵,mài,4,83
邂,辵,xiè,4,0
邃,辵,suì,4,0
還,辵,hái,2,5997
邅,辵,zhān,1,0
邆,辵,téng,2,0
邇,辵,ěr,3,0
邈,辵,miǎo,3,0
邉,辵,biān,1,0
邊,辵,biān,1,2406
邋,辵,lā,1,0
邌,辵,lí,2,0
邍,辵,yuán,2,0
邎,辵,yáo,2,0
邏,辵,luó,2,24
邐,辵,lǐ,3,0
邑,邑,yì,4,0
邒,邑,tíng,2,0
邓,邑,dèng,4,0
邔,邑,qǐ,3,0
邕,邑,yōng,1,0
邖,邑,shān,1,0
邗,邑,hán,2,0
邘,邑,yú,2,0
邙,邑,máng,2,0
邚,邑,rú,2,0
邛,邑,qióng,2,0
邜,邑,xī,1,0
邝,邑,kuàng,4,0
邞,邑,fū,1,0
邟,邑,kàng,4,0
邠,邑,bīn,1,0
邡,邑,fāng,1,0
邢,邑,xíng,2,0
那,邑,nà,4,7249
邤,邑,xīn,1,0
邥,邑,shěn,3,0
邦,邑,bāng,1,13
邧,邑,yuán,2,0
邨,邑,cūn,1,0
邩,邑,huǒ,3,0
邪,邑,xié,2,0
邫,邑,bāng,1,0
邬,邑,wū,1,0
邭,邑,jù,4,0
邮,邑,yóu,2,32
邯,邑,hán,2,0
邰,邑,tái,2,0
邱,邑,qiū,1,0
邲,邑,bì,4,0
邳,邑,pī,1,0
邴,邑,bǐng,3,0
邵,邑,shào,4,0
邶,邑,bèi,4,0
邷,邑,wǎ,3,0
邸,邑,dǐ,3,0
邹,邑,zōu,1,0
邺,邑,yè,4,0
邻,邑,lín,2,35
邼,邑,kuāng,1,0
邽,邑,guī,1,0
邾,邑,zhū,1,0
邿,邑,shī,1,0
郀,邑,kū,1,0
郁,邑,yù,4,13
郂,邑,gāi,1,0
郃,邑,hé,2,0
郄,邑,qiè,4,0
郅,邑,zhì,4,0
郆,邑,jí,2,0
郇,邑,huán,2,0
郈,邑,hòu,4,0
郉,邑,xíng,2,0
郊,邑,jiāo,1,26
郋,邑,xí,2,0
郌,邑,guī,1,0
郍,邑,nuó,2,0
郎,邑,láng,2,0
郏,邑,jiá,2,0
郐,邑,kuài,4,0
郑,邑,zhèng,4,16
郒,邑,láng,2,0
郓,邑,yùn,4,0
郔,邑,yán,2,0
郕,邑,chéng,2,0
郖,邑,dòu,4,0
郗,邑,xī,1,0
郘,邑,lǚ,3,0
郙,邑,fǔ,3,0
郚,邑,wú,2,0
郛,邑,fú,2,0
郜,邑,gào,4,0
郝,邑,hǎo,3,0
郞,邑,láng,2,0
郟,邑,jiá,2,0
郠,邑,gěng,3,0
郡,邑,jùn,4,0
郢,邑,yǐng,3,0
郣,邑,bó,2,0
郤,邑,xì,4,0
郥,邑,bèi,4,0
郦,邑,lì,4,0
郧,邑,yún,2,0
部,邑,bù,4,2783
郩,邑,xiáo,2,0
郪,邑,qī,1,0
郫,邑,pí,2,0
郬,邑,qīng,1,0
郭,邑,guō,1,0
郮,邑,zhōu,1,0
郯,邑,tán,2,0
郰,邑,zōu,1,0
郱,邑,píng,2,0
郲,邑,lái,2,0
郳,邑,ní,2,0
郴,邑,chēn,1,0
郵,邑,yóu,2,32
郶,邑,bù,4,0
郷,邑,xiāng,1,0
郸,邑,dān,1,0
郹,邑,jú,2,0
郺,邑,yōng,1,0
郻,邑,qiāo,1,0
郼,邑,yī,1,0
都,邑,dōu,1,5773
郾,邑,yǎn,3,0
郿,邑,méi,2,0
鄀,邑,ruò,4,0
鄁,邑,bèi,4,0
鄂,邑,è,4,0
鄃,邑,shū,1,0
鄄,邑,juàn,4,0
鄅,邑,yǔ,3,0
鄆,邑,yùn,4,0
鄇,邑,hóu,2,0
鄈,邑,kuí,2,0
鄉,邑,xiāng,1,433
鄊,邑,xiāng,1,0
鄋,邑,sōu,1,0
鄍,邑,míng,2,0
鄎,邑,xī,1,0
鄏,邑,rǔ,3,0
鄐,邑,chù,4,0
鄑,邑,zī,1,0
鄒,邑,zōu,1,0
鄔,邑,wū,1,0
鄕,邑,xiāng,1,0
鄖,邑,yún,2,0
鄗,邑,hào,4,0
鄘,邑,yōng,1,0
鄙,邑,bǐ,3,13
鄚,邑,mào,4,0
鄛,邑,cháo,2,0
鄜,邑,fū,1,0
鄝,邑,liǎo,3,0
鄞,邑,yín,2,0
鄟,邑,zhuān,1,0
鄠,邑,hù,4,0
鄡,邑,qiāo,1,0
鄢,邑,yān,1,0
鄣,邑,zhāng,1,0
鄤,邑,màn,4,0
鄥,邑,qiāo,1,0
鄦,邑,xǔ,3,0
鄧,邑,dèng,4,0
鄨,邑,bì,4,0
鄩,邑,xún,2,0
鄪,邑,bì,4,0
鄫,邑,zēng,1,0
鄬,邑,wéi,2,0
鄭,邑,zhèng,4,16
鄮,邑,mào,4,0
鄯,邑,shàn,4,0
鄰,邑,lín,2,35
鄱,邑,pó,2,0
鄲,邑,dān,1,0
鄳,邑,méng,2,0
鄴,邑,yè,4,0
鄵,邑,cào,4,0
鄶,邑,kuài,4,0
鄷,邑,fēng,1,0
鄸,邑,méng,2,0
鄹,邑,zōu,1,0
鄺,邑,kuàng,4,0
鄻,邑,liǎn,3,0
鄼,邑,zàn,4,0
鄽,邑,chán,2,0
鄾,邑,yōu,1,0
鄿,邑,jī,1,0
酀,邑,yàn,4,0
酁,邑,chán,2,0
酂,邑,zàn,4,0
酃,邑,líng,2,0
酄,邑,huān,1,0
酅,邑,xī,1,0
酆,邑,fēng,1,0
酇,邑,zàn,4,0
酈,邑,lì,4,0
酉,酉,yǒu,3,0
酊,酉,dīng,1,0
酋,酉,qiú,2,0
酌,酉,zhuó,2,0
配,酉,pèi,4,291
酎,酉,zhòu,4,0
酏,酉,yǐ,3,0
酐,酉,gān,1,0
酑,酉,yú,2,0
酒,酉,jiǔ,3,262
酓,酉,yǎn,3,0
酔,酉,zuì,4,0
酕,酉,máo,2,0
酖,酉,zhèn,4,0
酗,酉,xù,4,0
酘,酉,dòu,4,0
酙,酉,zhēn,1,0
酚,酉,fēn,1,0
酛,酉,yuán,2,0
酜,酉,fu,1,0
酝,酉,yùn,4,0
酞,酉,tài,4,0
酟,酉,tiān,1,0
酠,酉,qiǎ,3,0
酡,酉,tuó,2,0
酢,酉,zuò,4,0
酣,酉,hān,1,0
酤,酉,gū,1,0
酥,酉,sū,1,0
酦,酉,pō,1,0
酧,酉,chóu,2,0
酨,酉,zài,4,0
酩,酉,mǐng,3,0
酪,酉,lào,4,0
酬,酉,chóu,2,22
酭,酉,yòu,4,0
酮,酉,tóng,2,0
酯,酉,zhǐ,3,0
酰,酉,xiān,1,0
酱,酉,jiàng,4,36
酲,酉,chéng,2,0
酳,酉,yìn,4,0
酴,酉,tú,2,0
酵,酉,jiào,4,9
酶,酉,méi,2,13
酷,酉,kù,4,38
酸,酉,suān,1,102
酹,酉,lèi,4,0
酺,酉,pú,2,0
酻,酉,zuì,4,0
酼,酉,hǎi,3,0
酽,酉,yàn,4,0
酾,酉,shī,1,0
酿,酉,niàng,4,10
醀,酉,wéi,2,0
醁,酉,lù,4,0
醂,酉,lǎn,3,0
醃,酉,yān,1,0
醄,酉,táo,2,0
醅,酉,pēi,1,0
醆,酉,zhǎn,3,0
醇,酉,chún,2,0
醈,酉,tán,2,0
醉,酉,zuì,4,51
醊,酉,zhuì,4,0
醋,酉,cù,4,22
醌,酉,kūn,1,0
醍,酉,tí,2,0
醎,酉,xián,2,0
醏,酉,dū,1,0
醐,酉,hú,2,0
醑,酉,xǔ,3,0
醒,酉,xǐng,3,200
醓,酉,tǎn,3,0
醔,酉,qiú,2,0
醕,酉,chún,2,0
醖,酉,yùn,4,0
醗,酉,pò,4,0
醘,酉,kē,1,0
醙,酉,sōu,1,0
醚,酉,mí,2,0
醛,酉,quán,2,0
醜,酉,chǒu,3,0
醝,酉,cuō,1,0
醞,酉,yùn,4,0
醟,酉,yòng,4,0
醠,酉,àng,4,0
醡,酉,zhà,4,0
醢,酉,hǎi,3,0
醣,酉,táng,2,0
醤,酉,jiàng,4,0
醥,酉,piǎo,3,0
醦,酉,chěn,3,0
醧,酉,yù,4,0
醨,酉,lí,2,0
醪,酉,láo,2,0
醫,酉,yī,1,460
醬,酉,jiàng,4,36
醭,酉,bú,2,0
醮,酉,jiào,4,0
醯,酉,xī,1,0
醰,酉,tán,2,0
醱,酉,fā,1,0
醲,酉,nóng,2,0
醳,酉,yì,4,0
醴,酉,lǐ,3,0
醵,酉,jù,4,0
醶,酉,yàn,4,0
醷,酉,yì,4,0
醸,酉,niàng,4,0
醹,酉,rú,2,0
醺,酉,xūn,1,0
醻,酉,chóu,2,0
醼,酉,yàn,4,0
醽,酉,líng,2,0
醾,酉,mí,2,0
醿,酉,mí,2,0
釀,酉,niàng,4,10
釁,酉,xìn,4,0
釂,酉,jiào,4,0
釃,酉,shāi,1,0
釄,酉,mí,2,0
釅,酉,yàn,4,0
釆,釆,biàn,4,0
采,釆,cǎi,3,420
釈,釆,shì,4,0
釉,釆,yòu,4,0
释,釆,shì,4,123
釋,釆,shì,4,123
里,里,lǐ,3,8821
重,里,zhòng,4,2152
野,里,yě,3,360
量,里,liàng,4,1906
釐,里,xī,1,0
金,金,jīn,1,568
釒,金,jīn,1,0
釓,金,gá,2,0
釔,金,yǐ,3,0
釕,金,liǎo,3,0
釖,金,dāo,1,0
釗,金,zhāo,1,0
釘,金,dīng,1,59
釙,金,pò,4,0
釚,金,qiú,2,0
釛,金,bā,1,0
釜,金,fǔ,3,0
針,金,zhēn,1,319
釞,金,zhí,2,0
釟,金,bā,1,0
釠,金,luàn,4,0
釡,金,fǔ,3,0
釢,金,nǎi,3,0
釣,金,diào,4,72
釤,金,shàn,4,0
釥,金,qiǎo,3,0
釦,金,kòu,4,0
釧,金,chuàn,4,0
釨,金,zǐ,3,0
釩,金,fǎn,3,0
釪,金,huá,2,0
釫,金,huá,2,0
釬,金,hàn,4,0
釭,金,gāng,1,0
釮,金,qí,2,0
釯,金,máng,2,0
釰,金,rì,4,0
釱,金,dì,4,0
釲,金,sì,4,0
釳,金,xì,4,0
釴,金,yì,4,0
釵,金,chāi,1,0
釶,金,shī,1,0
釷,金,tǔ,3,0
釸,金,xī,1,0
釹,金,nǚ,3,0
釺,金,qiān,1,0
釻,金,qiú,2,0
釼,金,jiàn,4,0
釽,金,pì,4,0
釾,金,yé,2,0
釿,金,jīn,1,0
鈀,金,bǎ,3,0
鈁,金,fāng,1,0
鈂,金,chén,2,0
鈃,金,xíng,2,0
鈄,金,dǒu,3,0
鈅,金,yuè,4,0
鈆,金,qiān,1,0
鈇,金,fū,1,0
鈈,金,bù,4,0
鈉,金,nà,4,0
鈊,金,xīn,1,0
鈋,金,é,2,0
鈌,金,jué,2,0
鈍,金,dùn,4,0
鈎,金,gōu,1,0
鈏,金,yǐn,3,0
鈐,金,qián,2,0
鈑,金,bǎn,3,0
鈒,金,sà,4,0
鈓,金,rén,2,0
鈔,金,chāo,1,25
鈕,金,niǔ,3,0
鈖,金,fēn,1,0
鈗,金,yǔn,3,0
鈘,金,yǐ,3,0
鈙,金,qín,2,0
鈚,金,pī,1,0
鈛,金,guō,1,0
鈜,金,hóng,2,0
鈝,金,yín,2,0
鈞,金,jūn,1,0
鈟,金,diào,4,0
鈠,金,yì,4,0
鈡,金,zhōng,1,0
鈢,金,xǐ,3,0
鈣,金,gài,4,11
鈤,金,rì,4,0
鈥,金,huǒ,3,0
鈦,金,tài,4,0
鈧,金,kàng,4,0
鈨,金,yuán,2,0
鈩,金,lú,2,0
鈪,金,è,4,0
鈫,金,qín,2,0
鈬,金,duó,2,0
鈭,金,zī,1,0
鈮,金,nǐ,3,0
鈯,金,tú,2,0
鈰,金,shì,4,0
鈱,金,mín,2,0
鈲,金,gū,1,0
鈳,金,kē,1,0
鈴,金,líng,2,85
鈵,金,bǐng,3,0
鈶,金,sì,4,0
鈷,金,gǔ,3,14
鈸,金,bó,2,0
鈹,金,pī,1,0
鈺,金,yù,4,0
鈻,金,sì,4,0
鈼,金,zuó,2,0
鈽,金,bū,1,0
鈾,金,yóu,2,15
鈿,金,tián,2,0
鉀,金,jiǎ,3,0
鉁,金,zhēn,1,0
鉂,金,shǐ,3,0
鉃,金,shì,4,0
鉄,金,zhí,2,0
鉅,金,jù,4,0
鉆,金,chān,1,0
鉇,金,shī,1,0
鉈,金,shī,1,0
鉉,金,xuàn,4,0
鉊,金,zhāo,1,0
鉋,金,bào,4,0
鉌,金,hé,2,0
鉍,金,bì,4,0
鉎,金,shēng,1,0
鉏,金,chú,2,0
鉐,金,shí,2,0
鉑,金,bó,2,0
鉒,金,zhù,4,0
鉓,金,chì,4,0
鉔,金,zā,1,0
鉕,金,pō,1,0
鉖,金,tóng,2,0
鉗,金,qián,2,17
鉘,金,fú,2,0
鉙,金,zhǎi,3,0
鉚,金,mǎo,3,0
鉛,金,qiān,1,74
鉜,金,fú,2,0
鉝,金,lì,4,0
鉞,金,yuè,4,0
鉟,金,pī,1,0
鉠,金,yāng,1,0
鉡,金,bàn,4,0
鉢,金,bō,1,0
鉣,金,jié,2,0
鉤,金,gōu,1,42
鉥,金,shù,4,0
鉦,金,zhēng,1,0
鉧,金,mǔ,3,0
鉨,金,xǐ,3,0
鉩,金,xǐ,3,0
鉪,金,dì,4,0
鉫,金,jiā,1,0
鉬,金,mù,4,0
鉭,金,tǎn,3,0
鉮,金,huán,2,0
鉯,金,yǐ,3,0
鉰,金,sī,1,0
鉱,金,kuàng,4,0
鉲,金,kǎ,3,0
鉴,金,jiàn,4,33
鉵,金,tóng,2,0
鉶,金,xíng,2,0
鉷,金,hóng,2,0
鉸,金,jiǎo,3,0
鉹,金,chǐ,3,0
鉺,金,èr,4,0
鉻,金,gè,4,0
鉼,金,bǐng,3,0
鉽,金,shì,4,0
鉾,金,móu,2,0
鉿,金,jiā,1,0
銀,金,yín,2,243
銁,金,jūn,1,0
銂,金,zhōu,1,0
銃,金,chòng,4,0
銄,金,xiǎng,3,0
銅,金,tóng,2,129
銆,金,mò,4,0
銇,金,lèi,4,0
銈,金,jī,1,0
銉,金,yù,4,0
銊,金,xù,4,0
銋,金,rén,2,0
銌,金,zùn,4,0
銍,金,zhì,4,0
銎,金,qióng,2,0
銏,金,shàn,4,0
銐,金,chì,4,0
銑,金,xiǎn,3,0
銒,金,xíng,2,0
銓,金,quán,2,0
銔,金,pī,1,0
銕,金,tiě,3,0
銖,金,zhū,1,0
銗,金,xiàng,4,0
銘,金,míng,2,0
銙,金,kuǎ,3,0
銚,金,yáo,2,0
銛,金,xiān,1,0
銜,金,xián,2,13
銝,金,xiū,1,0
銞,金,jūn,1,0
銟,金,chā,1,0
銠,金,lǎo,3,0
銡,金,jí,2,0
銢,金,pǐ,3,0
銣,金,rú,2,0
銤,金,mǐ,3,0
銥,金,yī,1,0
銦,金,yīn,1,0
銧,金,guāng,1,0
銨,金,ǎn,3,0
銩,金,diū,1,0
銪,金,yǒu,3,0
銫,金,sè,4,0
銬,金,kào,4,0
銭,金,qián,2,0
銮,金,luán,2,0
銯,金,sī,1,0
銰,金,āi,1,0
銱,金,diào,4,0
銲,金,hàn,4,0
銳,金,ruì,4,66
銴,金,shì,4,0
銵,金,kēng,1,0
銶,金,qiú,2,0
銷,金,xiāo,1,92
銸,金,zhé,2,0
銹,金,xiù,4,0
銺,金,zàng,4,0
銻,金,tí,2,0
銼,金,cuò,4,0
銽,金,guā,1,0
銾,金,hòng,4,0
銿,金,zhōng,1,0
鋀,金,tōu,1,0
鋁,金,lǚ,3,42
鋂,金,méi,2,0
鋃,金,láng,2,0
鋄,金,wàn,4,0
鋅,金,xīn,1,13
鋆,金,yún,2,0
鋇,金,bèi,4,0
鋈,金,wù,4,0
鋉,金,sù,4,0
鋊,金,yù,4,0
鋋,金,chán,2,0
鋌,金,dìng,4,0
鋍,金,bó,2,0
鋎,金,hàn,4,0
鋏,金,jiá,2,0
鋐,金,hóng,2,0
鋑,金,cuān,1,0
鋒,金,fēng,1,71
鋓,金,chān,1,0
鋔,金,wǎn,3,0
鋕,金,zhì,4,0
鋖,金,sī,1,0
鋗,金,xuān,1,0
鋘,金,huá,2,0
鋙,金,yǔ,3,0
鋚,金,tiáo,2,0
鋛,金,kuàng,4,0
鋜,金,zhuó,2,0
鋝,金,lüè,4,0
鋞,金,xíng,2,0
鋟,金,qǐn,3,0
鋠,金,shèn,4,0
鋡,金,hán,2,0
鋢,金,lüè,4,0
鋣,金,yé,2,0
鋤,金,chú,2,22
鋥,金,zèng,4,0
鋦,金,jū,1,0
鋧,金,xiàn,4,0
鋨,金,é,2,0
鋩,金,máng,2,0
鋪,金,pù,4,218
鋫,金,lí,2,0
鋬,金,pàn,4,0
鋭,金,ruì,4,0
鋮,金,chéng,2,0
鋯,金,gào,4,0
鋰,金,lǐ,3,0
鋱,金,tè,4,0
鋲,金,bīng,1,0
鋳,金,zhù,4,0
鋴,金,zhèn,4,0
鋵,金,tū,1,0
鋶,金,liǔ,3,0
鋷,金,zuì,4,0
鋸,金,jù,4,14
鋹,金,chǎng,3,0
鋺,金,yuǎn,3,0
鋻,金,jiàn,4,0
鋼,金,gāng,1,526
鋽,金,diào,4,0
鋾,金,táo,2,0
鋿,金,cháng,2,0
錀,金,lún,2,0
錁,金,guǒ,3,0
錂,金,líng,2,0
錃,金,pī,1,0
錄,金,lù,4,143
錅,金,lí,2,0
錆,金,qiāng,1,0
錇,金,póu,2,0
錈,金,juǎn,3,0
錉,金,mín,2,0
錊,金,zuì,4,0
錋,金,péng,2,0
錌,金,àn,4,0
錍,金,pī,1,0
錎,金,xiàn,4,0
錏,金,yā,1,0
錐,金,zhuī,1,0
錑,金,lèi,4,0
錒,金,ā,1,0
錓,金,kōng,1,0
錔,金,tà,4,0
錕,金,kūn,1,0
錖,金,dú,2,0
錗,金,nèi,4,0
錘,金,chuí,2,15
錙,金,zī,1,0
錚,金,zhēng,1,0
錛,金,bēn,1,0
錜,金,niè,4,0
錝,金,zòng,4,0
錞,金,chún,2,0
錟,金,tán,2,0
錠,金,dìng,4,13
錡,金,qí,2,0
錢,金,qián,2,895
錣,金,zhuì,4,0
錤,金,jī,1,0
錥,金,yù,4,0
錦,金,jǐn,3,50
錧,金,guǎn,3,0
錨,金,máo,2,0
錩,金,chāng,1,0
錪,金,tiǎn,3,0
錫,金,xī,1,25
錬,金,liàn,4,0
錭,金,táo,2,0
錮,金,gù,4,0
錯,金,cuò,4,815
錰,金,shù,4,0
錱,金,zhēn,1,0
録,金,lù,4,0
錳,金,měng,3,0
錴,金,lù,4,0
錵,金,huā,1,0
錶,金,biǎo,3,0
錷,金,gá,2,0
錸,金,lái,2,0
錹,金,kěn,3,0
錺,金,fāng,1,0
錻,金,wu,1,0
錼,金,nài,4,0
錽,金,wàn,4,0
錾,金,zàn,4,0
錿,金,hǔ,3,0
鍀,金,dé,2,0
鍁,金,xiān,1,0
鍂,金,piān,1,0
鍃,金,huō,1,0
鍄,金,liàng,4,0
鍆,金,mén,2,0
鍇,金,kǎi,3,0
鍈,金,yīng,1,0
鍉,金,dī,1,0
鍊,金,liàn,4,0
鍋,金,guō,1,115
鍌,金,xiǎn,3,0
鍍,金,dù,4,18
鍎,金,tú,2,0
鍏,金,wéi,2,0
鍐,金,zōng,1,0
鍑,金,fù,4,0
鍒,金,róu,2,0
鍓,金,jí,2,0
鍔,金,è,4,0
鍕,金,jūn,1,0
鍖,金,chěn,3,0
鍗,金,tí,2,0
鍘,金,zhá,2,0
鍙,金,hù,4,0
鍚,金,yáng,2,0
鍛,金,duàn,4,88
鍜,金,xiá,2,0
鍝,金,yú,2,0
鍞,金,kēng,1,0
鍟,金,shēng,1,0
鍠,金,huáng,2,0
鍡,金,wěi,3,0
鍢,金,fù,4,0
鍣,金,zhāo,1,0
鍤,金,chā,1,0
鍥,金,qiè,4,0
鍦,金,shī,1,0
鍧,金,hōng,1,0
鍨,金,kuí,2,0
鍩,金,tiǎn,3,0
鍪,金,móu,2,0
鍫,金,qiāo,1,0
鍬,金,qiāo,1,15
鍭,金,hóu,2,0
鍮,金,tōu,1,0
鍯,金,cōng,1,0
鍰,金,huán,2,0
鍱,金,yè,4,0
鍲,金,mín,2,0
鍳,金,jiàn,4,0
鍴,金,duān,1,0
鍵,金,jiàn,4,60
鍶,金,sōng,1,0
鍷,金,kuí,2,0
鍸,金,hú,2,0
鍹,金,xuān,1,0
鍺,金,zhě,3,0
鍻,金,jié,2,0
鍼,金,zhēn,1,0
鍽,金,biān,1,0
鍾,金,zhōng,1,0
鍿,金,zī,1,0
鎀,金,xiū,1,0
鎁,金,yé,2,0
鎂,金,měi,3,14
鎃,金,pài,4,0
鎄,金,āi,1,0
鎅,金,jiè,4,0
鎆,金,qian,1,0
鎇,金,méi,2,0
鎈,金,suǒ,3,0
鎉,金,dá,2,0
鎊,金,bàng,4,0
鎋,金,xiá,2,0
鎌,金,lián,2,0
鎍,金,suǒ,3,0
鎎,金,kài,4,0
鎏,金,liú,2,0
鎐,金,yáo,2,0
鎑,金,yè,4,0
鎒,金,nòu,4,0
鎓,金,wēng,1,0
鎔,金,róng,2,0
鎕,金,táng,2,0
鎖,金,suǒ,3,68
鎗,金,qiāng,1,0
鎘,金,lì,4,0
鎙,金,shuò,4,0
鎚,金,chuí,2,0
鎛,金,bó,2,0
鎜,金,pán,2,0
鎝,金,dā,1,0
鎞,金,bī,1,0
鎟,金,sǎng,3,0
鎠,金,gāng,1,0
鎡,金,zī,1,0
鎢,金,wū,1,0
鎣,金,yíng,2,0
鎤,金,huàng,4,0
鎥,金,tiáo,2,0
鎦,金,liú,2,0
鎧,金,kǎi,3,0
鎨,金,sǔn,3,0
鎩,金,shā,1,0
鎪,金,sōu,1,0
鎫,金,wàn,4,0
鎬,金,hào,4,0
鎭,金,zhèn,4,0
鎮,金,zhèn,4,216
鎯,金,láng,2,0
鎰,金,yì,4,0
鎱,金,yuán,2,0
鎲,金,tǎng,3,0
鎳,金,niè,4,0
鎴,金,xí,2,0
鎵,金,jiā,1,0
鎶,金,gē,1,0
鎷,金,mǎ,3,0
鎸,金,juān,1,0
鎹,金,sòng,4,0
鎺,金,zǔ,3,0
鎻,金,suǒ,3,0
鎼,金,xià,4,0
鎽,金,fēng,1,0
鎾,金,wēn,1,0
鎿,金,ná,2,0
鏀,金,lǔ,3,0
鏁,金,suǒ,3,0
鏂,金,ōu,1,0
鏃,金,zú,2,0
鏄,金,tuán,2,0
鏅,金,xiū,1,0
鏆,金,guàn,4,0
鏇,金,xuàn,4,0
鏈,金,liàn,4,9
鏉,金,shòu,4,0
鏊,金,ào,4,0
鏋,金,mǎn,3,0
鏌,金,mò,4,0
鏍,金,luó,2,0
鏎,金,bì,4,0
鏏,金,wèi,4,0
鏐,金,liú,2,0
鏑,金,dí,2,0
鏒,金,sǎn,3,0
鏓,金,zǒng,3,0
鏔,金,yí,2,0
鏕,金,lù,4,0
鏖,金,áo,2,0
鏗,金,kēng,1,0
鏘,金,qiāng,1,0
鏙,金,cuī,1,0
鏚,金,qī,1,0
鏛,金,cháng,2,0
鏜,金,tāng,1,0
鏝,金,màn,4,0
鏞,金,yōng,1,0
鏟,金,chǎn,3,29
鏠,金,fēng,1,0
鏡,金,jìng,4,285
鏢,金,biāo,1,0
鏣,金,shù,4,0
鏤,金,lòu,4,0
鏥,金,xiù,4,0
鏦,金,cōng,1,0
鏧,金,lóng,2,0
鏨,金,zàn,4,0
鏩,金,jiàn,4,0
鏪,金,cáo,2,0
鏫,金,lí,2,0
鏬,金,xià,4,0
鏭,金,xī,1,0
鏮,金,kāng,1,0
鏯,金,shuǎng,3,0
鏰,金,bèng,4,0
鏱,金,zhang,1,0
鏲,金,qian,1,0
鏳,金,chēng,1,0
鏴,金,lù,4,0
鏵,金,huá,2,0
鏶,金,jí,2,0
鏷,金,pú,2,0
鏸,金,huì,4,0
鏹,金,qiǎng,3,0
鏺,金,pō,1,0
鏻,金,lín,2,0
鏼,金,sè,4,0
鏽,金,xiù,4,22
鏾,金,sǎn,3,0
鏿,金,chēng,1,0
鐀,金,kuì,4,0
鐁,金,sī,1,0
鐂,金,liú,2,0
鐃,金,náo,2,0
鐄,金,huáng,2,0
鐅,金,piě,3,0
鐆,金,suì,4,0
鐇,金,fán,2,0
鐈,金,qiáo,2,0
鐉,金,quān,1,0
鐊,金,yáng,2,0
鐋,金,tāng,1,0
鐌,金,xiàng,4,0
鐍,金,jué,2,0
鐎,金,jiāo,1,0
鐏,金,zūn,1,0
鐐,金,liáo,2,0
鐑,金,qiè,4,0
鐒,金,láo,2,0
鐓,金,duì,4,0
鐔,金,xín,2,0
鐕,金,zān,1,0
鐖,金,jī,1,0
鐗,金,jiǎn,3,0
鐘,金,zhōng,1,410
鐙,金,dèng,4,0
鐚,金,yā,1,0
鐛,金,yǐng,3,0
鐜,金,duī,1,0
鐝,金,jué,2,0
鐞,金,nòu,4,0
鐟,金,zān,1,0
鐠,金,pǔ,3,0
鐡,金,tiě,3,0
鐢,金,fán,2,0
鐣,金,chēng,1,0
鐤,金,dǐng,3,0
鐥,金,shàn,4,0
鐦,金,kāi,1,0
鐧,金,jiān,1,0
鐨,金,fèi,4,0
鐩,金,suì,4,0
鐪,金,lǔ,3,0
鐫,金,juān,1,0
鐬,金,huì,4,0
鐭,金,yù,4,0
鐮,金,lián,2,14
鐯,金,zhuó,2,0
鐰,金,qiāo,1,0
鐱,金,jiàn,4,0
鐲,金,zhuó,2,0
鐳,金,léi,2,0
鐴,金,bì,4,0
鐵,金,tiě,3,734
鐶,金,huán,2,0
鐷,金,yè,4,0
鐸,金,duó,2,0
鐹,金,guǒ,3,0
鐺,金,dāng,1,16
鐻,金,jù,4,0
鐼,金,fén,2,0
鐽,金,dá,2,0
鐾,金,bèi,4,0
鐿,金,yì,4,0
鑀,金,ài,4,0
鑁,金,zōng,1,0
鑂,金,xùn,4,0
鑃,金,diào,4,0
鑄,金,zhù,4,36
鑅,金,héng,2,0
鑆,金,zhuì,4,0
鑇,金,jī,1,0
鑈,金,niè,4,0
鑉,金,hé,2,0
鑊,金,huò,4,0
鑋,金,qīng,1,0
鑌,金,bīn,1,0
鑍,金,yīng,1,0
鑎,金,kuì,4,0
鑏,金,níng,2,0
鑐,金,xū,1,0
鑑,金,jiàn,4,0
鑒,金,jiàn,4,33
鑓,金,qiǎn,3,0
鑔,金,chǎ,3,0
鑕,金,zhì,4,0
鑖,金,miè,4,0
鑗,金,lí,2,0
鑘,金,léi,2,0
鑙,金,jī,1,0
鑚,金,zuàn,4,0
鑛,金,kuàng,4,0
鑜,金,shǎng,3,0
鑝,金,péng,2,0
鑞,金,là,4,0
鑟,金,dú,2,0
鑠,金,shuò,4,0
鑡,金,chuò,4,0
鑢,金,lǜ,4,0
鑣,金,biāo,1,0
鑤,金,bào,4,0
鑥,金,lǔ,3,0
鑦,金,xian,1,0
鑧,金,kuān,1,0
鑨,金,lóng,2,0
鑩,金,è,4,0
鑪,金,lú,2,0
鑫,金,xīn,1,0
鑬,金,jiàn,4,0
鑭,金,làn,4,0
鑮,金,bó,2,0
鑯,金,jiān,1,0
鑰,金,yào,4,13
鑱,金,chán,2,0
鑲,金,xiāng,1,17
鑳,金,jiàn,4,0
鑴,金,xī,1,0
鑵,金,guàn,4,0
鑶,金,cáng,2,0
鑷,金,niè,4,0
鑸,金,lěi,3,0
鑹,金,cuān,1,0
鑺,金,qú,2,0
鑻,金,pàn,4,0
鑼,金,luó,2,28
鑽,金,zuān,1,205
鑾,金,luán,2,0
鑿,金,záo,2,34
钀,金,niè,4,0
钁,金,jué,2,0
钂,金,tǎng,3,0
钃,金,zhú,2,0
钄,金,lán,2,0
钅,金,jīn,1,0
钆,金,gá,2,0
钇,金,yǐ,3,0
针,金,zhēn,1,319
钉,金,dīng,1,59
钊,金,zhāo,1,0
钋,金,pō,1,0
钌,金,liǎo,3,0
钍,金,tǔ,3,0
钎,金,qiān,1,0
钏,金,chuàn,4,0
钐,金,shān,1,0
钑,金,sà,4,0
钒,金,fán,2,0
钓,金,diào,4,72
钔,金,mén,2,0
钕,金,nǚ,3,0
钖,金,yáng,2,0
钗,金,chāi,1,0
钘,金,xíng,2,0
钙,金,gài,4,11
钚,金,bù,4,0
钛,金,tài,4,0
钜,金,jù,4,0
钝,金,dùn,4,0
钞,金,chāo,1,25
钟,金,zhōng,1,410
钠,金,nà,4,0
钡,金,bèi,4,0
钢,金,gāng,1,526
钣,金,bǎn,3,0
钤,金,qián,2,0
钥,金,yào,4,13
钦,金,qīn,1,10
钧,金,jūn,1,0
钨,金,wū,1,0
钩,金,gōu,1,42
钪,金,kàng,4,0
钫,金,fāng,1,0
钬,金,huǒ,3,0
钭,金,dǒu,3,0
钮,金,niǔ,3,0
钯,金,bǎ,3,0
钰,金,yù,4,0
钱,金,qián,2,895
钲,金,zhēng,1,0
钳,金,qián,2,17
钴,金,gǔ,3,14
钵,金,bō,1,0
钶,金,kē,1,0
钷,金,pǒ,3,0
钸,金,bū,1,0
钹,金,bó,2,0
钺,金,yuè,4,0
钻,金,zuān,1,205
钼,金,mù,4,0
钽,金,tǎn,3,0
钾,金,jiǎ,3,0
钿,金,diàn,4,0
铀,金,yóu,2,15
铁,金,tiě,3,734
铂,金,bó,2,0
铃,金,líng,2,85
铄,金,shuò,4,0
铅,金,qiān,1,74
铆,金,mǎo,3,0
铇,金,bào,4,0
铈,金,shì,4,0
铉,金,xuàn,4,0
铊,金,tā,1,0
铋,金,bì,4,0
铌,金,ní,2,0
铍,金,pí,2,0
铎,金,duó,2,0
铏,金,xíng,2,0
铐,金,kào,4,0
铑,金,lǎo,3,0
铒,金,ěr,3,0
铓,金,máng,2,0
铔,金,yā,1,0
铕,金,yǒu,3,0
铖,金,chéng,2,0
铗,金,jiá,2,0
铘,金,yé,2,0
铙,金,náo,2,0
铚,金,zhì,4,0
铛,金,dāng,1,16
铜,金,tóng,2,129
铝,金,lǚ,3,42
铞,金,diào,4,0
铟,金,yīn,1,0
铠,金,kǎi,3,0
铡,金,zhá,2,0
铢,金,zhū,1,0
铣,金,xǐ,3,0
铤,金,tǐng,3,0
铥,金,diū,1,0
铦,金,xiān,1,0
铧,金,huá,2,0
铨,金,quán,2,0
铩,金,shā,1,0
铪,金,hā,1,0
铫,金,diào,4,0
铬,金,gè,4,0
铭,金,míng,2,0
铮,金,zhēng,1,0
铯,金,sè,4,0
铰,金,jiǎo,3,0
铱,金,yī,1,0
铲,金,chǎn,3,29
铳,金,chòng,4,0
铴,金,tāng,1,0
铵,金,ǎn,3,0
银,金,yín,2,243
铷,金,rú,2,0
铸,金,zhù,4,36
铹,金,láo,2,0
铺,金,pù,4,218
铻,金,wú,2,0
铼,金,lái,2,0
铽,金,tè,4,0
链,金,liàn,4,9
铿,金,kēng,1,0
销,金,xiāo,1,92
锁,金,suǒ,3,68
锂,金,lǐ,3,0
锃,金,zèng,4,0
锄,金,chú,2,22
锅,金,guō,1,115
锆,金,gào,4,0
锇,金,é,2,0
锈,金,xiù,4,22
锉,金,cuò,4,0
锊,金,lüè,4,0
锋,金,fēng,1,71
锌,金,xīn,1,13
锍,金,liǔ,3,0
锎,金,kāi,1,0
锏,金,jiǎn,3,0
锐,金,ruì,4,66
锑,金,tī,1,0
锒,金,láng,2,0
锓,金,qǐn,3,0
锔,金,jū,1,0
锕,金,ā,1,0
锖,金,qiāng,1,0
锗,金,zhě,3,0
锘,金,nuò,4,0
错,金,cuò,4,815
锚,金,máo,2,0
锛,金,bēn,1,0
锜,金,qí,2,0
锝,金,dé,2,0
锞,金,kè,4,0
锟,金,kūn,1,0
锠,金,chāng,1,0
锡,金,xī,1,25
锢,金,gù,4,0
锣,金,luó,2,28
锤,金,chuí,2,15
锥,金,zhuī,1,0
锦,金,jǐn,3,50
锧,金,zhì,4,0
锨,金,xiān,1,0
锩,金,juǎn,3,0
锪,金,huō,1,0
锫,金,péi,2,0
锬,金,tán,2,0
锭,金,dìng,4,13
键,金,jiàn,4,60
锯,金,jù,4,14
锰,金,měng,3,0
锱,金,zī,1,0
锲,金,qiè,4,0
锳,金,yīng,1,0
锴,金,kǎi,3,0
锵,金,qiāng,1,0
锶,金,sī,1,0
锷,金,è,4,0
锸,金,chā,1,0
锹,金,qiāo,1,15
锺,金,zhōng,1,0
锻,金,duàn,4,88
锼,金,sōu,1,0
锽,金,huáng,2,0
锾,金,huán,2,0
锿,金,āi,1,0
镀,金,dù,4,18
镁,金,měi,3,14
镂,金,lòu,4,0
镃,金,zī,1,0
镄,金,fèi,4,0
镅,金,méi,2,0
镆,金,mò,4,0
镇,金,zhèn,4,216
镈,金,bó,2,0
镉,金,gé,2,0
镊,金,niè,4,0
镋,金,tǎng,3,0
镌,金,juān,1,0
镍,金,niè,4,0
镎,金,ná,2,0
镏,金,liú,2,0
镐,金,gǎo,3,0
镑,金,bàng,4,0
镒,金,yì,4,0
镓,金,jiā,1,0
镔,金,bīn,1,0
镕,金,róng,2,0
镖,金,biāo,1,0
镗,金,tāng,1,0
镘,金,màn,4,0
镙,金,luó,2,0
镚,金,bèng,4,0
镛,金,yōng,1,0
镜,金,jìng,4,285
镝,金,dī,1,0
镞,金,zú,2,0
镟,金,xuàn,4,0
镠,金,liú,2,0
镡,金,chán,2,0
镢,金,jué,2,0
镣,金,liào,4,0
镤,金,pú,2,0
镥,金,lǔ,3,0
镦,金,dūn,1,0
镧,金,lán,2,0
镨,金,pǔ,3,0
镩,金,cuān,1,0
镪,金,qiāng,1,0
镫,金,dèng,4,0
镬,金,huò,4,0
镭,金,léi,2,0
镮,金,huán,2,0
镯,金,zhuó,2,0
镰,金,lián,2,14
镱,金,yì,4,0
镲,金,chǎ,3,0
镳,金,biāo,1,0
镴,金,là,4,0
镵,金,chán,2,0
镶,金,xiāng,1,17
長,長,zhǎng,3,3058
镸,長,cháng,2,0
镹,長,jiǔ,3,0
镺,長,ǎo,3,0
镻,長,dié,2,0
镼,長,qū,1,0
镽,長,liǎo,3,0
镾,長,mí,2,0
长,長,zhǎng,3,3058
門,門,mén,2,1653
閁,門,mà,4,0
閂,門,shuān,1,0
閃,門,shǎn,3,251
閄,門,huò,4,0
閅,門,mén,2,0
閆,門,yán,2,0
閇,門,bì,4,0
閈,門,hàn,4,0
閉,門,bì,4,117
閊,門,shān,1,0
開,門,kāi,1,3483
閌,門,kàng,4,0
閍,門,bēng,1,0
閎,門,hóng,2,0
閏,門,rùn,4,0
閐,門,sàn,4,0
閑,門,xián,2,89
閒,門,xián,2,0
間,門,jiān,1,2132
閔,門,mǐn,3,0
閕,門,xiā,1,0
閖,門,shui,1,0
閗,門,dòu,4,0
閘,門,zhá,2,20
閙,門,nào,4,0
閚,門,zhān,1,0
閛,門,pēng,1,0
閜,門,xiǎ,3,0
閝,門,líng,2,0
閞,門,biàn,4,0
閟,門,bì,4,0
閠,門,rùn,4,0
閡,門,ài,4,0
関,門,guān,1,0
閣,門,gé,2,0
閤,門,gé,2,0
閥,門,fá,2,48
閦,門,chù,4,0
閧,門,hòng,4,0
閨,門,guī,1,37
閩,門,mǐn,3,0
閪,門,sē,1,0
閫,門,kǔn,3,0
閬,門,làng,4,0
閭,門,lǘ,2,0
閮,門,tíng,2,0
閯,門,shà,4,0
閰,門,jú,2,0
閱,門,yuè,4,22
閲,門,yuè,4,0
閳,門,chǎn,3,0
閴,門,qù,4,0
閵,門,lìn,4,0
閶,門,chāng,1,0
閷,門,shài,4,0
閸,門,kǔn,3,0
閹,門,yān,1,0
閺,門,wén,2,0
閻,門,yán,2,0
閼,門,è,4,0
閽,門,hūn,1,0
閾,門,yù,4,0
閿,門,wén,2,0
闀,門,hòng,4,0
闁,門,bāo,1,0
闂,門,hòng,4,0
闃,門,qù,4,0
闄,門,yǎo,3,0
闅,門,wén,2,0
闆,門,bǎn,3,0
闇,門,àn,4,0
闈,門,wéi,2,0
闉,門,yīn,1,0
闊,門,kuò,4,148
闋,門,què,4,0
闌,門,lán,2,0
闍,門,dū,1,0
闎,門,quán,2,0
闏,門,fēng,1,0
闐,門,tián,2,0
闑,門,niè,4,0
闒,門,tà,4,0
闓,門,kǎi,3,0
闔,門,hé,2,0
闕,門,què,4,0
闖,門,chuǎng,3,55
闘,門,dòu,4,0
闙,門,qǐ,3,0
闚,門,kuī,1,0
闛,門,táng,2,0
關,門,guān,1,1758
闝,門,piáo,2,0
闞,門,kàn,4,0
闟,門,xì,4,0
闠,門,huì,4,0
闡,門,chǎn,3,25
闢,門,pì,4,0
闣,門,dàng,4,0
闤,門,huán,2,0
闥,門,tà,4,0
闦,門,wén,2,0
闧,門,tā,1,0
门,門,mén,2,1653
闩,門,shuān,1,0
闪,門,shǎn,3,251
闫,門,yán,2,0
闬,門,hàn,4,0
闭,門,bì,4,117
问,門,wèn,4,2892
闯,門,chuǎng,3,55
闰,門,rùn,4,0
闱,門,wéi,2,0
闲,門,xián,2,89
闳,門,hóng,2,0
间,門,jiān,1,2132
闵,門,mǐn,3,0
闶,門,kàng,4,0
闷,門,mèn,4,75
闸,門,zhá,2,20
闹,門,nào,4,254
闺,門,guī,1,37
闻,門,wén,2,133
闼,門,tà,4,0
闽,門,mǐn,3,0
闾,門,lǘ,2,0
闿,門,kǎi,3,0
阀,門,fá,2,48
阁,門,gé,2,0
阂,門,hé,2,0
阃,門,kǔn,3,0
阄,門,jiū,1,0
阅,門,yuè,4,22
阆,門,làng,4,0
阇,門,dū,1,0
阈,門,yù,4,0
阉,門,yān,1,0
阊,門,chāng,1,0
阋,門,xì,4,0
阌,門,wén,2,0
阍,門,hūn,1,0
阎,門,yán,2,0
阏,門,yān,1,0
阐,門,chǎn,3,25
阑,門,lán,2,0
阒,門,qù,4,0
阓,門,huì,4,0
阔,門,kuò,4,148
阕,門,què,4,0
阖,門,hé,2,0
阗,門,tián,2,0
阘,門,tà,4,0
阙,門,quē,1,0
阚,門,kàn,4,0
阛,門,huán,2,0
阜,阜,fù,4,0
阝,阜,fù,4,0
阞,阜,lè,4,0
队,阜,duì,4,1474
阠,阜,xìn,4,0
阡,阜,qiān,1,0
阢,阜,wù,4,0
阣,阜,gài,4,0
阤,阜,zhì,4,0
阥,阜,yīn,1,0
阦,阜,yáng,2,0
阧,阜,dǒu,3,0
阨,阜,è,4,0
阩,阜,shēng,1,0
阪,阜,bǎn,3,0
阫,阜,péi,2,0
阬,阜,kēng,1,0
阭,阜,yǔn,3,0
阮,阜,ruǎn,3,0
阯,阜,zhǐ,3,0
阰,阜,pí,2,0
阱,阜,jǐng,3,0
防,阜,fáng,2,375
阳,阜,yáng,2,513
阴,阜,yīn,1,148
阵,阜,zhèn,4,577
阶,阜,jiē,1,1888
阷,阜,chēng,1,0
阸,阜,è,4,0
阹,阜,qū,1,0
阺,阜,dǐ,3,0
阻,阜,zǔ,3,157
阼,阜,zuò,4,0
阽,阜,diàn,4,0
阾,阜,lǐng,3,0
阿,阜,ā,1,169
陀,阜,tuó,2,0
陁,阜,tuó,2,0
陂,阜,pí,2,0
陃,阜,bǐng,3,0
附,阜,fù,4,148
际,阜,jì,4,706
陆,阜,lù,4,202
陇,阜,lǒng,3,0
陈,阜,chén,2,24
陉,阜,xíng,2,0
陊,阜,duò,4,0
陋,阜,lòu,4,9
陌,阜,mò,4,32
降,阜,jiàng,4,318
陎,阜,shū,1,0
陏,阜,duò,4,0
限,阜,xiàn,4,240
陑,阜,ér,2,0
陒,阜,guǐ,3,0
陓,阜,yū,1,0
陔,阜,gāi,1,0
陕,阜,shǎn,3,0
陖,阜,jùn,4,0
陗,阜,qiào,4,0
陘,阜,xíng,2,0
陙,阜,chún,2,0
陚,阜,fù,4,0
陛,阜,bì,4,0
陜,阜,xiá,2,0
陝,阜,shǎn,3,0
陞,阜,shēng,1,0
陟,阜,zhì,4,0
陠,阜,pū,1,0
陡,阜,dǒu,3,31
院,阜,yuàn,4,717
陣,阜,zhèn,4,577
除,阜,chú,2,496
陥,阜,xiàn,4,0
陦,阜,dǎo,3,0
陧,阜,niè,4,0
陨,阜,yǔn,3,0
险,阜,xiǎn,3,222
陪,阜,péi,2,69
陫,阜,fèi,4,0
陬,阜,zōu,1,0
陭,阜,yì,4,0
陮,阜,duì,4,0
陯,阜,lún,2,0
陰,阜,yīn,1,148
陱,阜,jū,1,0
陲,阜,chuí,2,0
陳,阜,chén,2,24
陴,阜,pí,2,0
陵,阜,líng,2,31
陶,阜,táo,2,23
陷,阜,xiàn,4,86
陸,阜,lù,4,202
陹,阜,shēng,1,0
険,阜,xiǎn,3,0
陻,阜,yīn,1,0
陼,阜,zhǔ,3,0
陽,阜,yáng,2,513
陾,阜,réng,2,0
陿,阜,xiá,2,0
隀,阜,chóng,2,0
隁,阜,yàn,4,0
隂,阜,yīn,1,0
隃,阜,shù,4,0
隄,阜,dī,1,0
隅,阜,yú,2,0
隆,阜,lóng,2,56
隇,阜,wēi,1,0
隈,阜,wēi,1,0
隉,阜,niè,4,0
隊,阜,duì,4,1474
隋,阜,suí,2,0
隌,阜,ǎn,3,0
隍,阜,huáng,2,0
階,阜,jiē,1,1888
随,阜,suí,2,599
隐,阜,yǐn,3,109
隑,阜,gài,4,0
隒,阜,yǎn,3,0
隓,阜,huī,1,0
隔,阜,gé,2,155
隕,阜,yǔn,3,0
隖,阜,wù,4,0
隗,阜,wěi,3,0
隘,阜,ài,4,14
隙,阜,xì,4,37
隚,阜,táng,2,0
際,阜,jì,4,706
障,阜,zhàng,4,98
隝,阜,dǎo,3,0
隞,阜,áo,2,0
隟,阜,xì,4,0
隠,阜,yǐn,3,0
隡,阜,sà,4,0
隢,阜,rǎo,3,0
隣,阜,lín,2,0
隤,阜,tuí,2,0
隥,阜,dèng,4,0
隦,阜,jiǎo,3,0
隧,阜,suì,4,22
隨,阜,suí,2,599
隩,阜,ào,4,0
險,阜,xiǎn,3,222
隫,阜,fén,2,0
隬,阜,nǐ,3,0
隭,阜,ér,2,0
隮,阜,jī,1,0
隯,阜,dǎo,3,0
隰,阜,xí,2,0
隱,阜,yǐn,3,109
隲,阜,zhì,4,0
隳,阜,huī,1,0
隴,阜,lǒng,3,0
隶,隶,lì,4,73
隷,隶,lì,4,0
隸,隶,lì,4,73
隹,隹,zhuī,1,0
隺,隹,hè,4,0
隻,隹,zhī,1,0
隼,隹,sǔn,3,0
隽,隹,juàn,4,0
难,隹,nán,2,1221
隿,隹,yì,4,0
雀,隹,què,4,33
雁,隹,yàn,4,0
雂,隹,qín,2,0
雃,隹,qiān,1,0
雄,隹,xióng,2,214
雅,隹,yǎ,3,0
集,隹,jí,2,751
雇,隹,gù,4,25
雈,隹,huán,2,0
雉,隹,zhì,4,0
雊,隹,gòu,4,0
雋,隹,juàn,4,0
雌,隹,cí,2,22
雍,隹,yōng,1,0
雎,隹,jū,1,0
雏,隹,chú,2,0
雐,隹,hū,1,0
雑,隹,zá,2,0
雒,隹,luò,4,0
雓,隹,yú,2,0
雔,隹,chóu,2,0
雕,隹,diāo,1,38
雖,隹,suī,1,543
雗,隹,hàn,4,0
雘,隹,wò,4,0
雙,隹,shuāng,1,373
雚,隹,guàn,4,0
雛,隹,chú,2,0
雜,隹,zá,2,356
雝,隹,yōng,1,0
雞,隹,jī,1,244
雟,隹,xī,1,0
雠,隹,chóu,2,0
雡,隹,liù,4,0
離,隹,lí,2,790
難,隹,nán,2,1221
雤,隹,xué,2,0
雥,隹,zá,2,0
雦,隹,jí,2,0
雧,隹,jí,2,0
雨,雨,yǔ,3,545
雩,雨,yú,2,0
雪,雨,xuě,3,465
雫,雨,nǎ,3,0
雬,雨,fǒu,3,0
雭,雨,sè,4,0
雮,雨,mù,4,0
雯,雨,wén,2,0
雰,雨,fēn,1,0
雱,雨,pāng,1,0
雲,雨,yún,2,0
雳,雨,lì,4,0
雴,雨,chì,4,0
雵,雨,yāng,1,0
零,雨,líng,2,211
雷,雨,léi,2,91
雸,雨,án,2,0
雹,雨,báo,2,15
雺,雨,wù,4,0
電,雨,diàn,4,1775
雼,雨,dàng,4,0
雽,雨,hù,4,0
雾,雨,wù,4,85
雿,雨,diào,4,0
需,雨,xū,1,750
霁,雨,jì,4,0
霂,雨,mù,4,0
霃,雨,chén,2,0
霄,雨,xiāo,1,0
霅,雨,zhà,4,0
霆,雨,tíng,2,0
震,雨,zhèn,4,221
霈,雨,pèi,4,0
霉,雨,méi,2,38
霊,雨,líng,2,0
霋,雨,qī,1,0
霌,雨,zhōu,1,0
霍,雨,huò,4,0
霎,雨,shà,4,11
霏,雨,fēi,1,0
霐,雨,hóng,2,0
霑,雨,zhān,1,0
霒,雨,yīn,1,0
霓,雨,ní,2,0
霔,雨,zhù,4,0
霕,雨,tún,2,0
霖,雨,lín,2,0
霗,雨,líng,2,0
霘,雨,dòng,4,0
霙,雨,yīng,1,0
霚,雨,wù,4,0
霛,雨,líng,2,0
霜,雨,shuāng,1,62
霝,雨,líng,2,0
霞,雨,xiá,2,15
霟,雨,hóng,2,0
霠,雨,yīn,1,0
霡,雨,mài,4,0
霢,雨,mài,4,0
霣,雨,yǔn,3,0
霤,雨,liù,4,0
霥,雨,mèng,4,0
霦,雨,bīn,1,0
霧,雨,wù,4,85
霨,雨,wèi,4,0
霩,雨,kuò,4,0
霪,雨,yín,2,0
霫,雨,xí,2,0
霬,雨,yì,4,0
霭,雨,ǎi,3,0
霮,雨,dàn,4,0
霯,雨,tèng,4,0
霰,雨,xiàn,4,0
霱,雨,yù,4,0
露,雨,lù,4,241
霳,雨,lóng,2,0
霴,雨,dài,4,0
霵,雨,jí,2,0
霶,雨,pāng,1,0
霷,雨,yáng,2,0
霸,雨,bà,4,27
霹,雨,pī,1,0
霺,雨,wéi,2,0
霻,雨,fēng,1,0
霼,雨,xì,4,0
霽,雨,jì,4,0
霾,雨,mái,2,0
霿,雨,méng,2,0
靀,雨,méng,2,0
靁,雨,léi,2,0
靂,雨,lì,4,0
靃,雨,huò,4,0
靄,雨,ǎi,3,0
靅,雨,fèi,4,0
靆,雨,dài,4,0
靇,雨,lóng,2,0
靈,雨,líng,2,185
靉,雨,ài,4,0
靊,雨,fēng,1,0
靋,雨,lì,4,0
靌,雨,bǎo,3,0
靍,雨,hè,4,0
靎,雨,hè,4,0
靏,雨,hè,4,0
靐,雨,bìng,4,0
靑,青,qīng,1,0
青,青,qīng,1,828
靓,青,jìng,4,0
靔,青,tiān,1,0
靕,青,zhēn,1,0
靖,青,jìng,4,0
靗,青,chēng,1,0
靘,青,qìng,4,0
静,青,jìng,4,477
靚,青,jìng,4,0
靛,青,diàn,4,0
靜,青,jìng,4,477
靝,青,tiān,1,0
非,非,fēi,1,688
靟,非,fēi,1,0
靠,非,kào,4,524
靡,非,mí,2,0
面,面,miàn,4,4527
靣,面,miàn,4,0
靤,面,bào,4,0
靥,面,yè,4,0
靦,面,tiǎn,3,0
靧,面,huì,4,0
靨,面,yè,4,0
革,革,gé,2,2148
靪,革,dīng,1,0
靫,革,chá,2,0
靬,革,qián,2,0
靭,革,rèn,4,0
靮,革,dí,2,0
靯,革,dù,4,0
靰,革,wù,4,0
靱,革,rèn,4,0
靲,革,qín,2,0
靳,革,jìn,4,0
靴,革,xuē,1,11
靵,革,niǔ,3,0
靶,革,bǎ,3,0
靷,革,yǐn,3,0
靸,革,sǎ,3,0
靹,革,nà,4,0
靺,革,mò,4,0
靻,革,zǔ,3,0
靼,革,dá,2,0
靽,革,bàn,4,0
靾,革,yì,4,0
靿,革,yào,4,0
鞀,革,táo,2,0
鞁,革,bèi,4,0
鞂,革,jiē,1,0
鞃,革,hóng,2,0
鞄,革,páo,2,0
鞅,革,yāng,1,0
鞆,革,bǐng,3,0
鞇,革,yīn,1,0
鞈,革,gé,2,0
鞉,革,táo,2,0
鞊,革,jié,2,0
鞋,革,xié,2,268
鞌,革,ān,1,0
鞍,革,ān,1,0
鞎,革,hén,2,0
鞏,革,gǒng,3,125
鞐,革,qiǎ,3,0
鞑,革,dá,2,0
鞒,革,qiáo,2,0
鞓,革,tīng,1,0
鞔,革,mán,2,0
鞕,革,yìng,4,0
鞖,革,suī,1,0
鞗,革,tiáo,2,0
鞘,革,qiào,4,0
鞙,革,xuàn,4,0
鞚,革,kòng,4,0
鞛,革,běng,3,0
鞜,革,tà,4,0
鞝,革,shàng,4,0
鞞,革,bǐng,3,0
鞟,革,kuò,4,0
鞠,革,jū,1,22
鞡,革,la,5,0
鞢,革,xiè,4,0
鞣,革,róu,2,0
鞤,革,bāng,1,0
鞥,革,ēng,1,0
鞦,革,qiū,1,0
鞧,革,qiū,1,0
鞨,革,hé,2,0
鞩,革,qiào,4,0
鞪,革,mù,4,0
鞫,革,jū,1,0
鞬,革,jiān,1,0
鞭,革,biān,1,48
鞮,革,dī,1,0
鞯,革,jiān,1,0
鞰,革,wēn,1,0
鞱,革,tāo,1,0
鞲,革,gōu,1,0
鞳,革,tà,4,0
鞴,革,bèi,4,0
鞵,革,xié,2,0
鞶,革,pán,2,0
鞷,革,gé,2,0
鞸,革,bì,4,0
鞹,革,kuò,4,0
鞺,革,tāng,1,0
鞻,革,lóu,2,0
鞼,革,guì,4,0
鞽,革,qiáo,2,0
鞾,革,xuē,1,0
鞿,革,jī,1,0
韀,革,jiān,1,0
韁,革,jiāng,1,17
韂,革,chàn,4,0
韃,革,dá,2,0
韄,革,hù,4,0
韅,革,xiǎn,3,0
韆,革,qiān,1,0
韇,革,dú,2,0
韈,革,wà,4,0
韉,革,jiān,1,0
韊,革,lán,2,0
韋,韋,wéi,2,0
韌,韋,rèn,4,11
韍,韋,fú,2,0
韎,韋,mèi,4,0
韏,韋,quàn,4,0
韐,韋,gé,2,0
韑,韋,wěi,3,0
韓,韋,hán,2,0
韔,韋,chàng,4,0
韕,韋,kuò,4,0
韖,韋,rǒu,3,0
韗,韋,yùn,4,0
韘,韋,shè,4,0
韙,韋,wěi,3,0
韚,韋,gé,2,0
韛,韋,bài,4,0
韜,韋,tāo,1,0
韝,韋,gōu,1,0
韞,韋,yùn,4,0
韟,韋,gāo,1,0
韠,韋,bì,4,0
韡,韋,wěi,3,0
韢,韋,suì,4,0
韣,韋,dú,2,0
韤,韋,wà,4,0
韥,韋,dú,2,0
韦,韋,wéi,2,0
韧,韋,rèn,4,11
韨,韋,fú,2,0
韩,韋,hán,2,0
韪,韋,wěi,3,0
韫,韋,yùn,4,0
韬,韋,tāo,1,0
韭,韭,jiǔ,3,0
韮,韭,jiǔ,3,0
韯,韭,xiān,1,0
韰,韭,xiè,4,0
韱,韭,xiān,1,0
韲,韭,jī,1,0
音,音,yīn,1,639
韴,音,zá,2,0
韵,音,yùn,4,0
韶,音,sháo,2,0
韷,音,lè,4,0
韸,音,péng,2,0
韹,音,huáng,2,0
韺,音,yīng,1,0
韻,音,yùn,4,0
韼,音,péng,2,0
韽,音,ān,1,0
韾,音,yīn,1,0
響,音,xiǎng,3,798
頀,音,hù,4,0
頁,頁,yè,4,35
頂,頁,dǐng,3,445
頃,頁,qǐng,3,26
頄,頁,kuí,2,0
項,頁,xiàng,4,236
順,頁,shùn,4,266
頇,頁,hān,1,0
須,頁,xū,1,734
頉,頁,yí,2,0
頊,頁,xū,1,0
頋,頁,ě,3,0
頌,頁,sòng,4,31
頍,頁,kuǐ,3,0
頎,頁,qí,2,0
頏,頁,háng,2,0
預,頁,yù,4,221
頑,頁,wán,2,56
頒,頁,bān,1,21
頓,頁,dùn,4,204
頔,頁,dí,2,0
頕,頁,dān,1,0
頖,頁,pàn,4,0
頗,頁,pō,1,55
領,頁,lǐng,3,1527
頙,頁,chè,4,0
頚,頁,jǐng,3,0
頛,頁,lèi,4,0
頜,頁,hé,2,0
頝,頁,qiāo,1,0
頞,頁,è,4,0
頟,頁,é,2,0
頠,頁,wěi,3,0
頡,頁,xié,2,0
頢,頁,kuò,4,0
頣,頁,shěn,3,0
頤,頁,yí,2,0
頥,頁,yí,2,0
頦,頁,hái,2,0
頧,頁,duǐ,3,0
頨,頁,yǔ,3,0
頩,頁,pīng,1,0
頪,頁,lèi,4,0
頫,頁,fǔ,3,0
頬,頁,jiá,2,0
頭,頁,tóu,2,3773
頮,頁,huì,4,0
頯,頁,kuí,2,0
頰,頁,jiá,2,10
頱,頁,luō,1,0
頲,頁,tǐng,3,0
頳,頁,chēng,1,0
頴,頁,yǐng,3,0
頵,頁,yūn,1,0
頶,頁,hú,2,0
頷,頁,hàn,4,0
頸,頁,jǐng,3,13
頹,頁,tuí,2,0
頺,頁,tuí,2,0
頻,頁,pín,2,48
頼,頁,lài,4,0
頽,頁,tuí,2,0
頾,頁,zī,1,0
顀,頁,chuí,2,0
顁,頁,dìng,4,0
顂,頁,lài,4,0
顃,頁,tán,2,0
顄,頁,hàn,4,0
顅,頁,qiān,1,0
顆,頁,kē,1,207
顇,頁,cuì,4,0
顈,頁,xuǎn,3,0
顉,頁,qīn,1,0
顊,頁,yí,2,0
顋,頁,sāi,1,0
題,頁,tí,2,1649
額,頁,é,2,108
顎,頁,è,4,0
顏,頁,yán,2,132
顐,頁,wèn,4,0
顑,頁,kǎn,3,0
顒,頁,yóng,2,0
顓,頁,zhuān,1,0
顔,頁,yán,2,0
顕,頁,xiǎn,3,0
顖,頁,xìn,4,0
顗,頁,yǐ,3,0
願,頁,yuàn,4,0
顙,頁,sǎng,3,0
顚,頁,diān,1,0
顛,頁,diān,1,49
顜,頁,jiǎng,3,0
顝,頁,kuī,1,0
類,頁,lèi,4,792
顟,頁,láo,2,0
顠,頁,piǎo,3,0
顡,頁,wài,4,0
顢,頁,mán,2,0
顣,頁,cù,4,0
顤,頁,yáo,2,0
顥,頁,hào,4,0
顦,頁,qiáo,2,0
顧,頁,gù,4,323
顨,頁,xùn,4,0
顩,頁,yǎn,3,0
顪,頁,huì,4,0
顫,頁,chàn,4,72
顬,頁,rú,2,0
顭,頁,méng,2,0
顮,頁,bīn,1,0
顯,頁,xiǎn,3,503
顰,頁,pín,2,0
顱,頁,lú,2,0
顲,頁,lǎn,3,0
顳,頁,niè,4,0
顴,頁,quán,2,0
页,頁,yè,4,35
顶,頁,dǐng,3,445
顷,頁,qǐng,3,26
顸,頁,hān,1,0
项,頁,xiàng,4,236
顺,頁,shùn,4,266
须,頁,xū,1,734
顼,頁,xū,1,0
顽,頁,wán,2,56
顾,頁,gù,4,323
顿,頁,dùn,4,204
颀,頁,qí,2,0
颁,頁,bān,1,21
颂,頁,sòng,4,31
颃,頁,háng,2,0
预,頁,yù,4,221
颅,頁,lú,2,0
领,頁,lǐng,3,1527
颇,頁,pō,1,55
颈,頁,jǐng,3,13
颉,頁,jié,2,0
颊,頁,jiá,2,10
颋,頁,tǐng,3,0
颌,頁,hé,2,0
颍,頁,yǐng,3,0
颎,頁,jiǒng,3,0
颏,頁,kē,1,0
颐,頁,yí,2,0
频,頁,pín,2,48
颒,頁,huì,4,0
颓,頁,tuí,2,0
颔,頁,hàn,4,0
颕,頁,yǐng,3,0
颖,頁,yǐng,3,11
颗,頁,kē,1,207
题,頁,tí,2,1649
颙,頁,yóng,2,0
颚,頁,è,4,0
颛,頁,zhuān,1,0
颜,頁,yán,2,132
额,頁,é,2,108
颞,頁,niè,4,0
颟,頁,mān,1,0
颠,頁,diān,1,49
颡,頁,sǎng,3,0
颢,頁,hào,4,0
颣,頁,lèi,4,0
颤,頁,chàn,4,72
颥,頁,rú,2,0
颦,頁,pín,2,0
颧,頁,quán,2,0
風,風,fēng,1,1185
颩,風,biāo,1,0
颪,風,guā,1,0
颫,風,fú,2,0
颬,風,xiā,1,0
颭,風,zhǎn,3,0
颮,風,biāo,1,0
颯,風,sà,4,0
颰,風,bá,2,0
颱,風,tái,2,0
颲,風,liè,4,0
颳,風,guā,1,0
颴,風,xuàn,4,0
颵,風,shāo,1,0
颶,風,jù,4,0
颷,風,biāo,1,0
颸,風,sī,1,0
颹,風,wěi,3,0
颺,風,yáng,2,0
颻,風,yáo,2,0
颼,風,sōu,1,0
颽,風,kǎi,3,0
颾,風,sōu,1,0
颿,風,fān,1,0
飀,風,liú,2,0
飁,風,xí,2,0
飂,風,liù,4,0
飃,風,piāo,1,0
飄,風,piāo,1,90
飅,風,liú,2,0
飆,風,biāo,1,0
飇,風,biāo,1,0
飈,風,biāo,1,0
飉,風,liáo,2,0
飊,風,biāo,1,0
飋,風,sè,4,0
飌,風,fēng,1,0
飍,風,xiū,1,0
风,風,fēng,1,1185
飏,風,yáng,2,0
飐,風,zhǎn,3,0
飑,風,biāo,1,0
飒,風,sà,4,0
飓,風,jù,4,0
飔,風,sī,1,0
飕,風,sōu,1,0
飖,風,yáo,2,0
飗,風,liú,2,0
飘,風,piāo,1,90
飙,風,biāo,1,0
飚,風,biāo,1,0
飛,飛,fēi,1,943
飜,飛,fān,1,0
飝,飛,fēi,1,0
飞,飛,fēi,1,943
食,食,shí,2,493
飠,食,shí,2,0
飡,食,cān,1,0
飢,食,jī,1,37
飣,食,dìng,4,0
飤,食,sì,4,0
飥,食,tuō,1,0
飦,食,zhān,1,0
飧,食,sūn,1,0
飨,食,xiǎng,3,0
飩,食,tún,2,0
飪,食,rèn,4,0
飫,食,yù,4,0
飬,食,juàn,4,0
飭,食,chì,4,0
飮,食,yǐn,3,0
飯,食,fàn,4,557
飰,食,fàn,4,0
飱,食,sūn,1,0
飲,食,yǐn,3,43
飳,食,tǒu,3,0
飴,食,yí,2,0
飵,食,zuò,4,0
飶,食,bì,4,0
飷,食,jiě,3,0
飸,食,tāo,1,0
飹,食,bǎo,3,0
飺,食,cí,2,0
飻,食,tiè,4,0
飼,食,sì,4,36
飽,食,bǎo,3,85
飾,食,shì,4,40
飿,食,duò,4,0
餀,食,hài,4,0
餂,食,tiǎn,3,0
餃,食,jiǎo,3,10
餅,食,bǐng,3,75
餆,食,yáo,2,0
餇,食,tóng,2,0
餈,食,cí,2,0
餉,食,xiǎng,3,0
養,食,yǎng,3,430
餋,食,juàn,4,0
餌,食,ěr,3,0
餍,食,yàn,4,0
餎,食,le,5,0
餏,食,xī,1,0
餐,食,cān,1,44
餑,食,bō,1,0
餒,食,něi,3,0
餓,食,è,4,164
餔,食,bù,4,0
餕,食,jùn,4,0
餖,食,dòu,4,0
餗,食,sù,4,0
餘,食,yú,2,0
餙,食,shì,4,0
餚,食,yáo,2,0
餛,食,hún,2,0
餜,食,guǒ,3,0
餝,食,shì,4,0
餞,食,jiàn,4,0
餟,食,zhuì,4,0
餠,食,bǐng,3,0
餡,食,xiàn,4,10
餢,食,bù,4,0
餣,食,yè,4,0
餤,食,tán,2,0
餥,食,fēi,1,0
餦,食,zhāng,1,0
餧,食,wèi,4,0
館,食,guǎn,3,241
餩,食,è,4,0
餪,食,nuǎn,3,0
餫,食,yùn,4,0
餬,食,hú,2,0
餭,食,huáng,2,0
餮,食,tiè,4,0
餯,食,huì,4,0
餰,食,jiān,1,0
餱,食,hóu,2,0
餲,食,ài,4,0
餳,食,táng,2,0
餴,食,fēn,1,0
餵,食,wèi,4,0
餶,食,gǔ,3,0
餷,食,chā,1,0
餸,食,sòng,4,0
餹,食,táng,2,0
餺,食,bó,2,0
餻,食,gāo,1,0
餼,食,xì,4,0
餽,食,kuì,4,0
餾,食,liù,4,0
餿,食,sōu,1,0
饀,食,táo,2,0
饁,食,yè,4,0
饂,食,wēn,1,0
饃,食,mó,2,0
饄,食,táng,2,0
饅,食,mán,2,37
饆,食,bì,4,0
饇,食,yù,4,0
饈,食,xiū,1,0
饉,食,jǐn,3,0
饊,食,sǎn,3,0
饋,食,kuì,4,0
饌,食,zhuàn,4,0
饍,食,shàn,4,0
饎,食,chì,4,0
饏,食,dàn,4,0
饐,食,yì,4,0
饑,食,jī,1,0
饒,食,ráo,2,23
饓,食,chēng,1,0
饔,食,yōng,1,0
饕,食,tāo,1,0
饖,食,wèi,4,0
饗,食,xiǎng,3,0
饘,食,zhān,1,0
饙,食,fēn,1,0
饚,食,hài,4,0
饛,食,méng,2,0
饜,食,yàn,4,0
饝,食,mó,2,0
饞,食,chán,2,11
饟,食,xiǎng,3,0
饠,食,luó,2,0
饡,食,zàn,4,0
饢,食,náng,2,0
饣,食,shí,2,0
饤,食,dìng,4,0
饥,食,jī,1,37
饦,食,tuō,1,0
饧,食,xíng,2,0
饨,食,tún,2,0
饩,食,xì,4,0
饪,食,rèn,4,0
饫,食,yù,4,0
饬,食,chì,4,0
饭,食,fàn,4,557
饮,食,yǐn,3,43
饯,食,jiàn,4,0
饰,食,shì,4,40
饱,食,bǎo,3,85
饲,食,sì,4,36
饳,食,duò,4,0
饴,食,yí,2,0
饵,食,ěr,3,0
饶,食,ráo,2,23
饷,食,xiǎng,3,0
饸,食,hé,2,0
饹,食,le,5,0
饺,食,jiǎo,3,10
饻,食,xī,1,0
饼,食,bǐng,3,75
饽,食,bō,1,0
饾,食,dòu,4,0
饿,食,è,4,164
馀,食,yú,2,0
馁,食,něi,3,0
馂,食,jùn,4,0
馃,食,guǒ,3,0
馄,食,hún,2,0
馅,食,xiàn,4,10
馆,食,guǎn,3,241
馇,食,chā,1,0
馈,食,kuì,4,0
馉,食,gǔ,3,0
馊,食,sōu,1,0
馋,食,chán,2,11
馌,食,yè,4,0
馍,食,mó,2,0
馎,食,bó,2,0
馏,食,liú,2,0
馐,食,xiū,1,0
馑,食,jǐn,3,0
馒,食,mán,2,37
馓,食,sǎn,3,0
馔,食,zhuàn,4,0
馕,食,náng,2,0
首,首,shǒu,3,492
馗,首,kuí,2,0
馘,首,guó,2,0
香,香,xiāng,1,161
馚,香,fén,2,0
馛,香,bó,2,0
馜,香,nǐ,3,0
馝,香,bì,4,0
馞,香,bó,2,0
馟,香,tú,2,0
馠,香,hān,1,0
馡,香,fēi,1,0
馢,香,jiān,1,0
馣,香,ān,1,0
馤,香,ài,4,0
馥,香,fù,4,0
馦,香,xiān,1,0
馧,香,yūn,1,0
馨,香,xīn,1,0
馩,香,fén,2,0
馪,香,pīn,1,0
馫,香,xīn,1,0
馬,馬,mǎ,3,891
馭,馬,yù,4,0
馮,馬,féng,2,0
馯,馬,hàn,4,0
馰,馬,dí,2,0
馱,馬,tuó,2,27
馲,馬,zhé,2,0
馳,馬,chí,2,35
馴,馬,xún,2,0
馵,馬,zhù,4,0
馶,馬,zhī,1,0
馷,馬,pèi,4,0
馸,馬,xìn,4,0
馹,馬,rì,4,0
馺,馬,sà,4,0
馻,馬,yǔn,3,0
馼,馬,wén,2,0
馽,馬,zhí,2,0
馾,馬,dàn,4,0
馿,馬,lǘ,2,0
駀,馬,yóu,2,0
駁,馬,bó,2,26
駂,馬,bǎo,3,0
駃,馬,jué,2,0
駄,馬,tuó,2,0
駅,馬,yì,4,0
駆,馬,qū,1,0
駇,馬,wén,2,0
駈,馬,qū,1,0
駉,馬,jiōng,1,0
駊,馬,pǒ,3,0
駋,馬,zhāo,1,0
駌,馬,yuān,1,0
駍,馬,péi,2,0
駎,馬,zhòu,4,0
駏,馬,jù,4,0
駐,馬,zhù,4,33
駑,馬,nú,2,0
駒,馬,jū,1,10
駓,馬,pī,1,0
駔,馬,zǎng,3,0
駕,馬,jià,4,59
駖,馬,líng,2,0
駗,馬,zhěn,3,0
駘,馬,tái,2,0
駙,馬,fù,4,0
駚,馬,yǎng,3,0
駛,馬,shǐ,3,123
駜,馬,bì,4,0
駝,馬,tuó,2,141
駞,馬,tuó,2,0
駟,馬,sì,4,0
駠,馬,liú,2,0
駡,馬,mà,4,0
駢,馬,pián,2,0
駣,馬,táo,2,0
駤,馬,zhì,4,0
駥,馬,róng,2,0
駦,馬,téng,2,0
駧,馬,dòng,4,0
駨,馬,xūn,1,0
駩,馬,quān,1,0
駪,馬,shēn,1,0
駫,馬,jiōng,1,0
駬,馬,ěr,3,0
駭,馬,hài,4,0
駮,馬,bó,2,0
駯,馬,zhū,1,0
駰,馬,yīn,1,0
駱,馬,luò,4,116
駲,馬,zhōu,1,0
駳,馬,dàn,4,0
駴,馬,hài,4,0
駵,馬,liú,2,0
駶,馬,jú,2,0
駷,馬,sǒng,3,0
駸,馬,qīn,1,0
駹,馬,máng,2,0
駺,馬,láng,2,0
駻,馬,hàn,4,0
駼,馬,tú,2,0
駽,馬,xuān,1,0
駾,馬,tuì,4,0
駿,馬,jùn,4,0
騀,馬,ě,3,0
騁,馬,chěng,3,0
騂,馬,xīng,1,0
騃,馬,ái,2,0
騄,馬,lù,4,0
騅,馬,zhuī,1,0
騆,馬,zhōu,1,0
騇,馬,shè,4,0
騈,馬,pián,2,0
騉,馬,kūn,1,0
騊,馬,táo,2,0
騋,馬,lái,2,0
騌,馬,zōng,1,0
騍,馬,kè,4,0
騎,馬,qí,2,134
騏,馬,qí,2,0
騐,馬,yàn,4,0
騑,馬,fēi,1,0
騒,馬,sāo,1,0
験,馬,yàn,4,0
騔,馬,gé,2,0
騕,馬,yǎo,3,0
騖,馬,wù,4,0
騗,馬,piàn,4,0
騘,馬,cōng,1,0
騙,馬,piàn,4,96
騚,馬,qián,2,0
騛,馬,fēi,1,0
騜,馬,huáng,2,0
騝,馬,qián,2,0
騞,馬,huō,1,0
騟,馬,yú,2,0
騠,馬,tí,2,0
騡,馬,quán,2,0
騢,馬,xiá,2,0
騣,馬,zōng,1,0
騤,馬,kuí,2,0
騥,馬,róu,2,0
騦,馬,sī,1,0
騧,馬,guā,1,0
騨,馬,tuó,2,0
騩,馬,guī,1,0
騪,馬,sōu,1,0
騫,馬,qiān,1,0
騬,馬,chéng,2,0
騭,馬,zhì,4,0
騮,馬,liú,2,0
騯,馬,péng,2,0
騰,馬,téng,2,119
騱,馬,xí,2,0
騲,馬,cǎo,3,0
騳,馬,dú,2,0
騴,馬,yàn,4,0
騵,馬,yuán,2,0
騶,馬,zōu,1,0
騷,馬,sāo,1,0
騸,馬,shàn,4,0
騹,馬,qí,2,0
騺,馬,zhì,4,0
騻,馬,shuāng,1,0
騼,馬,lù,4,0
騽,馬,xí,2,0
騾,馬,luó,2,21
騿,馬,zhāng,1,0
驀,馬,mò,4,0
驁,馬,ào,4,0
驂,馬,cān,1,0
驃,馬,biāo,1,0
驄,馬,cōng,1,0
驅,馬,qū,1,12
驆,馬,bì,4,0
驇,馬,zhì,4,0
驈,馬,yù,4,0
驉,馬,xū,1,0
驊,馬,huá,2,0
驋,馬,bō,1,0
驌,馬,sù,4,0
驍,馬,xiāo,1,0
驎,馬,lín,2,0
驏,馬,zhàn,4,0
驐,馬,dūn,1,0
驑,馬,liú,2,0
驒,馬,tuó,2,0
驓,馬,céng,2,0
驔,馬,diàn,4,0
驕,馬,jiāo,1,67
驖,馬,tiě,3,0
驗,馬,yàn,4,792
驘,馬,luó,2,0
驙,馬,zhān,1,0
驚,馬,jīng,1,425
驛,馬,yì,4,0
驜,馬,yè,4,0
驝,馬,tuō,1,0
驞,馬,pīn,1,0
驟,馬,zhòu,4,20
驠,馬,yàn,4,0
驡,馬,lóng,2,0
驢,馬,lǘ,2,56
驣,馬,téng,2,0
驤,馬,xiāng,1,0
驥,馬,jì,4,0
驦,馬,shuāng,1,0
驧,馬,jú,2,0
驨,馬,xí,2,0
驩,馬,huān,1,0
驪,馬,lí,2,0
驫,馬,biāo,1,0
马,馬,mǎ,3,891
驭,馬,yù,4,0
驮,馬,tuó,2,27
驯,馬,xùn,4,0
驰,馬,chí,2,35
驱,馬,qū,1,12
驲,馬,rì,4,0
驳,馬,bó,2,26
驴,馬,lǘ,2,56
驵,馬,zǎng,3,0
驶,馬,shǐ,3,123
驷,馬,sì,4,0
驸,馬,fù,4,0
驹,馬,jū,1,10
驺,馬,zōu,1,0
驻,馬,zhù,4,33
驼,馬,tuó,2,141
驽,馬,nú,2,0
驾,馬,jià,4,59
驿,馬,yì,4,0
骀,馬,dài,4,0
骁,馬,xiāo,1,0
骂,馬,mà,4,182
骃,馬,yīn,1,0
骄,馬,jiāo,1,67
骅,馬,huá,2,0
骆,馬,luò,4,116
骇,馬,hài,4,0
骈,馬,pián,2,0
骉,馬,biāo,1,0
骊,馬,lí,2,0
骋,馬,chěng,3,0
验,馬,yàn,4,792
骍,馬,xīng,1,0
骎,馬,qīn,1,0
骏,馬,jùn,4,0
骐,馬,qí,2,0
骑,馬,qí,2,134
骒,馬,kè,4,0
骓,馬,zhuī,1,0
骔,馬,zōng,1,0
骕,馬,sù,4,0
骖,馬,cān,1,0
骗,馬,piàn,4,96
骘,馬,zhì,4,0
骙,馬,kuí,2,0
骚,馬,sāo,1,0
骛,馬,wù,4,0
骜,馬,ào,4,0
骝,馬,liú,2,0
骞,馬,qiān,1,0
骟,馬,shàn,4,0
骠,馬,biāo,1,0
骡,馬,luó,2,21
骢,馬,cōng,1,0
骣,馬,chǎn,3,0
骤,馬,zhòu,4,20
骥,馬,jì,4,0
骦,馬,shuāng,1,0
骧,馬,xiāng,1,0
骨,骨,gǔ,3,247
骪,骨,wěi,3,0
骫,骨,wěi,3,0
骬,骨,yú,2,0
骭,骨,gàn,4,0
骮,骨,yì,4,0
骯,骨,āng,1,0
骰,骨,tóu,2,0
骱,骨,jiè,4,0
骲,骨,bào,4,0
骳,骨,bèi,4,0
骴,骨,cī,1,0
骵,骨,tǐ,3,0
骶,骨,dǐ,3,0
骷,骨,kū,1,0
骸,骨,hái,2,0
骹,骨,qiāo,1,0
骺,骨,hóu,2,0
骻,骨,kuà,4,0
骼,骨,gé,2,22
骽,骨,tuǐ,3,0
骾,骨,gěng,3,0
骿,骨,pián,2,0
髀,骨,bì,4,0
髁,骨,kē,1,0
髂,骨,qià,4,0
髃,骨,yú,2,0
髄,骨,suǐ,3,0
髅,骨,lóu,2,0
髆,骨,bó,2,0
髇,骨,xiāo,1,0
髈,骨,bǎng,3,0
髉,骨,bó,2,0
髊,骨,cī,1,0
髋,骨,kuān,1,0
髌,骨,bìn,4,0
髍,骨,mó,2,0
髎,骨,liáo,2,0
髏,骨,lóu,2,0
髐,骨,xiāo,1,0
髑,骨,dú,2,0
髒,骨,zāng,1,0
髓,骨,suǐ,3,0
體,骨,tǐ,3,1746
髕,骨,bìn,4,0
髖,骨,kuān,1,0
髗,骨,lú,2,0
高,高,gāo,1,3057
髙,高,gāo,1,0
髚,高,qiào,4,0
髛,高,kāo,1,0
髜,高,qiǎo,3,0
髝,高,láo,2,0
髞,高,sào,4,0
髟,髟,biāo,1,0
髠,髟,kūn,1,0
髡,髟,kūn,1,0
髢,髟,dí,2,0
髣,髟,fǎng,3,0
髤,髟,xiū,1,0
髥,髟,rán,2,0
髦,髟,máo,2,14
髧,髟,dàn,4,0
髩,髟,bìn,4,0
髪,髟,fà,4,0
髫,髟,tiáo,2,0
髬,髟,pī,1,0
髭,髟,zī,1,0
髮,髟,fà,4,0
髯,髟,rán,2,0
髰,髟,tì,4,0
髱,髟,bào,4,0
髲,髟,bì,4,0
髳,髟,máo,2,0
髴,髟,fú,2,0
髵,髟,ér,2,0
髶,髟,róng,2,0
髷,髟,qū,1,0
髸,髟,gōng,1,0
髹,髟,xiū,1,0
髺,髟,kuò,4,0
髻,髟,jì,4,0
髼,髟,péng,2,0
髽,髟,zhuā,1,0
髾,髟,shāo,1,0
髿,髟,suō,1,0
鬀,髟,tì,4,0
鬁,髟,lì,4,0
鬂,髟,bìn,4,0
鬃,髟,zōng,1,0
鬄,髟,dí,2,0
鬅,髟,péng,2,0
鬆,髟,sōng,1,0
鬇,髟,zhēng,1,0
鬈,髟,quán,2,0
鬉,髟,zōng,1,0
鬊,髟,shùn,4,0
鬋,髟,jiǎn,3,0
鬌,髟,tuǒ,3,0
鬍,髟,hú,2,0
鬎,髟,là,4,0
鬏,髟,jiū,1,0
鬐,髟,qí,2,0
鬑,髟,lián,2,0
鬒,髟,zhěn,3,0
鬓,髟,bìn,4,0
鬕,髟,mà,4,0
鬖,髟,sān,1,0
鬗,髟,mán,2,0
鬘,髟,mán,2,0
鬙,髟,sēng,1,0
鬚,髟,xū,1,0
鬛,髟,liè,4,0
鬜,髟,qiān,1,0
鬝,髟,qiān,1,0
鬞,髟,náng,2,0
鬟,髟,huán,2,0
鬠,髟,kuò,4,0
鬡,髟,níng,2,0
鬢,髟,bìn,4,0
鬣,髟,liè,4,0
鬤,髟,ráng,2,0
鬥,鬥,dòu,4,0
鬦,鬥,dòu,4,0
鬧,鬥,nào,4,254
鬨,鬥,hòng,4,0
鬩,鬥,xì,4,0
鬪,鬥,dòu,4,0
鬫,鬥,hǎn,3,0
鬬,鬥,dòu,4,0
鬭,鬥,dòu,4,0
鬮,鬥,jiū,1,0
鬯,鬯,chàng,4,0
鬱,鬯,yù,4,0
鬲,鬲,gé,2,0
鬳,鬲,yàn,4,0
鬴,鬲,fǔ,3,0
鬵,鬲,qín,2,0
鬶,鬲,guī,1,0
鬷,鬲,zōng,1,0
鬸,鬲,liù,4,0
鬹,鬲,guī,1,0
鬺,鬲,shāng,1,0
鬻,鬲,yù,4,0
鬼,鬼,guǐ,3,224
鬽,鬼,mèi,4,0
鬾,鬼,jì,4,0
鬿,鬼,qí,2,0
魁,鬼,kuí,2,0
魂,鬼,hún,2,46
魃,鬼,bá,2,0
魄,鬼,pò,4,11
魅,鬼,mèi,4,0
魆,鬼,xū,1,0
魇,鬼,yǎn,3,0
魈,鬼,xiāo,1,0
魉,鬼,liǎng,3,0
魊,鬼,yù,4,0
魋,鬼,tuí,2,0
魌,鬼,qī,1,0
魍,鬼,wǎng,3,0
魎,鬼,liǎng,3,0
魏,鬼,wèi,4,0
魑,鬼,chī,1,0
魒,鬼,piāo,1,0
魓,鬼,bì,4,0
魔,鬼,mó,2,53
魕,鬼,jǐ,3,0
魖,鬼,xū,1,0
魗,鬼,chǒu,3,0
魘,鬼,yǎn,3,0
魙,鬼,zhān,1,0
魚,魚,yú,2,538
魛,魚,dāo,1,0
魜,魚,rén,2,0
魝,魚,jié,2,0
魞,魚,bā,1,0
魟,魚,hóng,2,0
魠,魚,tuō,1,0
魡,魚,diào,4,0
魢,魚,jǐ,3,0
魣,魚,xù,4,0
魤,魚,é,2,0
魥,魚,è,4,0
魦,魚,shā,1,0
魧,魚,háng,2,0
魨,魚,tún,2,0
魪,魚,jiè,4,0
魫,魚,shěn,3,0
魬,魚,bǎn,3,0
魭,魚,yuán,2,0
魮,魚,pí,2,0
魯,魚,lǔ,3,0
魰,魚,wén,2,0
魱,魚,hú,2,0
魲,魚,lú,2,0
魳,魚,zā,1,0
魴,魚,fáng,2,0
魵,魚,fén,2,0
魶,魚,nà,4,0
魷,魚,yóu,2,0
魸,魚,piàn,4,0
魹,魚,mó,2,0
魺,魚,hé,2,0
魻,魚,xiá,2,0
魼,魚,qū,1,0
魽,魚,hán,2,0
魾,魚,pī,1,0
魿,魚,líng,2,0
鮀,魚,tuó,2,0
鮁,魚,bō,1,0
鮂,魚,qiú,2,0
鮃,魚,píng,2,0
鮄,魚,fú,2,0
鮅,魚,bì,4,0
鮆,魚,cǐ,3,0
鮇,魚,wèi,4,0
鮈,魚,jū,1,0
鮉,魚,diāo,1,0
鮊,魚,bà,4,0
鮋,魚,yóu,2,0
鮌,魚,gǔn,3,0
鮍,魚,pī,1,0
鮎,魚,nián,2,0
鮏,魚,xīng,1,0
鮐,魚,tái,2,0
鮑,魚,bào,4,0
鮒,魚,fù,4,0
鮓,魚,zhǎ,3,0
鮔,魚,jù,4,0
鮕,魚,gū,1,0
鮖,魚,shí,2,0
鮗,魚,dōng,1,0
鮘,魚,dai,1,0
鮙,魚,tà,4,0
鮚,魚,jié,2,0
鮛,魚,shū,1,0
鮝,魚,xiǎng,3,0
鮞,魚,ér,2,0
鮟,魚,àn,4,0
鮠,魚,wéi,2,0
鮡,魚,zhào,4,0
鮢,魚,zhū,1,0
鮣,魚,yìn,4,0
鮤,魚,liè,4,0
鮥,魚,luò,4,0
鮦,魚,tóng,2,0
鮧,魚,tǐ,3,0
鮨,魚,yì,4,0
鮩,魚,bìng,4,0
鮪,魚,wěi,3,0
鮫,魚,jiāo,1,0
鮬,魚,kū,1,0
鮭,魚,guī,1,0
鮮,魚,xiān,1,248
鮯,魚,gé,2,0
鮰,魚,huí,2,0
鮱,魚,lǎo,3,0
鮲,魚,fú,2,0
鮳,魚,kào,4,0
鮴,魚,xiū,1,0
鮵,魚,duó,2,0
鮶,魚,jūn,1,0
鮷,魚,tí,2,0
鮸,魚,miǎn,3,0
鮹,魚,shāo,1,0
鮺,魚,zhǎ,3,0
鮻,魚,suō,1,0
鮼,魚,qīn,1,0
鮽,魚,yú,2,0
鮾,魚,něi,3,0
鮿,魚,zhé,2,0
鯀,魚,gǔn,3,0
鯁,魚,gěng,3,0
鯂,魚,sū,1,0
鯃,魚,wú,2,0
鯄,魚,qiú,2,0
鯅,魚,shān,1,0
鯆,魚,pū,1,0
鯇,魚,huàn,4,0
鯈,魚,tiáo,2,0
鯉,魚,lǐ,3,12
鯊,魚,shā,1,0
鯌,魚,kào,4,0
鯍,魚,méng,2,0
鯎,魚,chéng,2,0
鯏,魚,lí,2,0
鯐,魚,zǒu,3,0
鯑,魚,xī,1,0
鯒,魚,yǒng,3,0
鯓,魚,shēn,1,0
鯔,魚,zī,1,0
鯕,魚,qí,2,0
鯖,魚,zhēng,1,0
鯗,魚,xiǎng,3,0
鯘,魚,něi,3,0
鯙,魚,chún,2,0
鯚,魚,jì,4,0
鯛,魚,diāo,1,0
鯜,魚,qiè,4,0
鯝,魚,gù,4,0
鯞,魚,zhǒu,3,0
鯟,魚,dōng,1,0
鯠,魚,lái,2,0
鯡,魚,fèi,4,0
鯢,魚,ní,2,0
鯣,魚,yì,4,0
鯤,魚,kūn,1,0
鯥,魚,lù,4,0
鯦,魚,jiù,4,0
鯧,魚,chāng,1,0
鯨,魚,jīng,1,64
鯩,魚,lún,2,0
鯪,魚,líng,2,0
鯫,魚,zōu,1,0
鯬,魚,lí,2,0
鯭,魚,měng,3,0
鯮,魚,zōng,1,0
鯯,魚,zhì,4,0
鯰,魚,nián,2,0
鯱,魚,hǔ,3,0
鯲,魚,yú,2,0
鯳,魚,dǐ,3,0
鯴,魚,shī,1,0
鯵,魚,shēn,1,0
鯶,魚,huàn,4,0
鯷,魚,tí,2,0
鯸,魚,hóu,2,0
鯹,魚,xīng,1,0
鯺,魚,zhū,1,0
鯻,魚,là,4,0
鯼,魚,zōng,1,0
鯽,魚,zéi,2,0
鯾,魚,biān,1,0
鯿,魚,biān,1,0
鰀,魚,huàn,4,0
鰁,魚,quán,2,0
鰂,魚,zéi,2,0
鰃,魚,wēi,1,0
鰄,魚,wēi,1,0
鰅,魚,yú,2,0
鰆,魚,chūn,1,0
鰇,魚,róu,2,0
鰈,魚,dié,2,0
鰉,魚,huáng,2,0
鰊,魚,liàn,4,0
鰋,魚,yǎn,3,0
鰌,魚,qiū,1,0
鰍,魚,qiū,1,0
鰎,魚,jiǎn,3,0
鰏,魚,bī,1,0
鰐,魚,è,4,0
鰑,魚,yáng,2,0
鰒,魚,fù,4,0
鰓,魚,sāi,1,0
鰔,魚,gǎn,3,0
鰕,魚,xiā,1,0
鰖,魚,tuǒ,3,0
鰗,魚,hú,2,0
鰘,魚,shì,4,0
鰙,魚,ruò,4,0
鰚,魚,xuān,1,0
鰛,魚,wēn,1,0
鰜,魚,qiàn,4,0
鰝,魚,hào,4,0
鰞,魚,wū,1,0
鰟,魚,fáng,2,0
鰠,魚,sāo,1,0
鰡,魚,liú,2,0
鰢,魚,mǎ,3,0
鰣,魚,shí,2,0
鰤,魚,shī,1,0
鰥,魚,guān,1,0
鰦,魚,zī,1,0
鰧,魚,téng,2,0
鰨,魚,tǎ,3,0
鰩,魚,yáo,2,0
鰪,魚,é,2,0
鰫,魚,yóng,2,0
鰬,魚,qián,2,0
鰭,魚,qí,2,0
鰮,魚,wēn,1,0
鰯,魚,ruò,4,0
鰰,魚,shén,2,0
鰱,魚,lián,2,0
鰲,魚,áo,2,0
鰳,魚,lè,4,0
鰴,魚,huī,1,0
鰵,魚,mǐn,3,0
鰶,魚,jì,4,0
鰷,魚,tiáo,2,0
鰸,魚,qū,1,0
鰹,魚,jiān,1,0
鰺,魚,shēn,1,0
鰻,魚,mán,2,0
鰼,魚,xí,2,0
鰽,魚,qiú,2,0
鰾,魚,biào,4,0
鰿,魚,jì,4,0
鱀,魚,jì,4,0
鱁,魚,zhú,2,0
鱂,魚,jiāng,1,0
鱃,魚,xiū,1,0
鱄,魚,zhuān,1,0
鱅,魚,yōng,1,0
鱆,魚,zhāng,1,0
鱇,魚,kāng,1,0
鱈,魚,xuě,3,0
鱉,魚,biē,1,0
鱊,魚,yù,4,0
鱋,魚,qū,1,0
鱌,魚,xiàng,4,0
鱍,魚,bō,1,0
鱎,魚,jiǎo,3,0
鱏,魚,xún,2,0
鱐,魚,sù,4,0
鱑,魚,huáng,2,0
鱒,魚,zūn,1,0
鱓,魚,shàn,4,0
鱔,魚,shàn,4,0
鱕,魚,fān,1,0
鱖,魚,guì,4,0
鱗,魚,lín,2,0
鱘,魚,xún,2,0
鱙,魚,miáo,2,0
鱚,魚,xǐ,3,0
鱛,魚,zēng,1,0
鱜,魚,xiāng,1,0
鱝,魚,fèn,4,0
鱞,魚,guān,1,0
鱟,魚,hòu,4,0
鱠,魚,kuài,4,0
鱡,魚,zéi,2,0
鱢,魚,sāo,1,0
鱣,魚,zhān,1,0
鱤,魚,gǎn,3,0
鱥,魚,guì,4,0
鱦,魚,yìng,4,0
鱧,魚,lǐ,3,0
鱨,魚,cháng,2,0
鱩,魚,léi,2,0
鱪,魚,shǔ,3,0
鱫,魚,ài,4,0
鱬,魚,rú,2,0
鱭,魚,jì,4,0
鱮,魚,xù,4,0
鱯,魚,hù,4,0
鱰,魚,shǔ,3,0
鱱,魚,lì,4,0
鱲,魚,liè,4,0
鱳,魚,lì,4,0
鱴,魚,miè,4,0
鱵,魚,zhēn,1,0
鱶,魚,xiǎng,3,0
鱷,魚,è,4,14
鱸,魚,lú,2,0
鱹,魚,guàn,4,0
鱺,魚,lí,2,0
鱻,魚,xiān,1,0
鱼,魚,yú,2,538
鱽,魚,dāo,1,0
鱾,魚,jǐ,3,0
鱿,魚,yóu,2,0
鲀,魚,tún,2,0
鲁,魚,lǔ,3,0
鲂,魚,fáng,2,0
鲃,魚,bā,1,0
鲄,魚,hé,2,0
鲅,魚,bà,4,0
鲆,魚,píng,2,0
鲇,魚,nián,2,0
鲈,魚,lú,2,0
鲉,魚,yóu,2,0
鲊,魚,zhǎ,3,0
鲋,魚,fù,4,0
鲌,魚,bó,2,0
鲍,魚,bào,4,0
鲎,魚,hòu,4,0
鲏,魚,pí,2,0
鲐,魚,tái,2,0
鲑,魚,guī,1,0
鲒,魚,jié,2,0
鲓,魚,kào,4,0
鲔,魚,wěi,3,0
鲕,魚,ér,2,0
鲖,魚,tóng,2,0
鲗,魚,zéi,2,0
鲙,魚,kuài,4,0
鲚,魚,jì,4,0
鲛,魚,jiāo,1,0
鲜,魚,xiān,1,248
鲝,魚,zhǎ,3,0
鲞,魚,xiǎng,3,0
鲟,魚,xún,2,0
鲠,魚,gěng,3,0
鲡,魚,lí,2,0
鲢,魚,lián,2,0
鲣,魚,jiān,1,0
鲤,魚,lǐ,3,12
鲥,魚,shí,2,0
鲦,魚,tiáo,2,0
鲧,魚,gǔn,3,0
鲨,魚,shā,1,0
鲩,魚,huàn,4,0
鲪,魚,jūn,1,0
鲫,魚,jì,4,0
鲬,魚,yǒng,3,0
鲭,魚,qīng,1,0
鲮,魚,líng,2,0
鲯,魚,qí,2,0
鲰,魚,zōu,1,0
鲱,魚,fēi,1,0
鲲,魚,kūn,1,0
鲳,魚,chāng,1,0
鲴,魚,gù,4,0
鲵,魚,ní,2,0
鲶,魚,nián,2,0
鲷,魚,diāo,1,0
鲸,魚,jīng,1,64
鲹,魚,shēn,1,0
鲺,魚,shī,1,0
鲻,魚,zī,1,0
鲼,魚,fèn,4,0
鲽,魚,dié,2,0
鲾,魚,bī,1,0
鲿,魚,cháng,2,0
鳀,魚,tí,2,0
鳁,魚,wēn,1,0
鳂,魚,wēi,1,0
鳃,魚,sāi,1,0
鳄,魚,è,4,14
鳅,魚,qiū,1,0
鳆,魚,fù,4,0
鳇,魚,huáng,2,0
鳈,魚,quán,2,0
鳉,魚,jiāng,1,0
鳊,魚,biān,1,0
鳋,魚,sāo,1,0
鳌,魚,áo,2,0
鳍,魚,qí,2,0
鳎,魚,tǎ,3,0
鳏,魚,guān,1,0
鳐,魚,yáo,2,0
鳑,魚,páng,2,0
鳒,魚,jiān,1,0
鳓,魚,lè,4,0
鳔,魚,biào,4,0
鳕,魚,xuě,3,0
鳖,魚,biē,1,0
鳗,魚,mán,2,0
鳘,魚,mǐn,3,0
鳙,魚,yōng,1,0
鳚,魚,wèi,4,0
鳛,魚,xí,2,0
鳜,魚,guì,4,0
鳝,魚,shàn,4,0
鳞,魚,lín,2,0
鳟,魚,zūn,1,0
鳠,魚,hù,4,0
鳡,魚,gǎn,3,0
鳢,魚,lǐ,3,0
鳣,魚,zhān,1,0
鳤,魚,guǎn,3,0
鳥,鳥,niǎo,3,190
鳦,鳥,yǐ,3,0
鳧,鳥,fú,2,12
鳨,鳥,lì,4,0
鳩,鳥,jiū,1,0
鳪,鳥,bú,2,0
鳫,鳥,yàn,4,0
鳬,鳥,fǔ,3,0
鳭,鳥,diāo,1,0
鳰,鳥,rù,4,0
鳱,鳥,gān,1,0
鳲,鳥,shī,1,0
鳳,鳥,fèng,4,16
鳴,鳥,míng,2,66
鳵,鳥,bǎo,3,0
鳶,鳥,yuān,1,0
鳷,鳥,zhī,1,0
鳸,鳥,hù,4,0
鳹,鳥,qín,2,0
鳺,鳥,fū,1,0
鳻,鳥,bān,1,0
鳼,鳥,wén,2,0
鳽,鳥,jiān,1,0
鳾,鳥,shī,1,0
鳿,鳥,yù,4,0
鴀,鳥,fǒu,3,0
鴁,鳥,yāo,1,0
鴂,鳥,jué,2,0
鴃,鳥,jué,2,0
鴄,鳥,pǐ,3,0
鴅,鳥,huān,1,0
鴆,鳥,zhèn,4,0
鴇,鳥,bǎo,3,0
鴈,鳥,yàn,4,0
鴉,鳥,yā,1,58
鴊,鳥,zhèng,4,0
鴋,鳥,fāng,1,0
鴌,鳥,fèng,4,0
鴍,鳥,wén,2,0
鴎,鳥,ōu,1,0
鴏,鳥,dài,4,0
鴐,鳥,gē,1,0
鴑,鳥,rú,2,0
鴒,鳥,líng,2,0
鴓,鳥,miè,4,0
鴔,鳥,fú,2,0
鴕,鳥,tuó,2,0
鴖,鳥,mín,2,0
鴗,鳥,lì,4,0
鴘,鳥,biǎn,3,0
鴙,鳥,zhì,4,0
鴚,鳥,gē,1,0
鴛,鳥,yuān,1,0
鴜,鳥,cí,2,0
鴝,鳥,qú,2,0
鴞,鳥,xiāo,1,0
鴟,鳥,chī,1,0
鴠,鳥,dàn,4,0
鴡,鳥,jū,1,0
鴢,鳥,yǎo,3,0
鴣,鳥,gū,1,0
鴤,鳥,zhōng,1,0
鴥,鳥,yù,4,0
鴦,鳥,yāng,1,0
鴧,鳥,yù,4,0
鴨,鳥,yā,1,41
鴩,鳥,tiě,3,0
鴪,鳥,yù,4,0
鴫,鳥,tián,2,0
鴬,鳥,yīng,1,0
鴭,鳥,duī,1,0
鴮,鳥,wū,1,0
鴯,鳥,ér,2,0
鴰,鳥,guā,1,0
鴱,鳥,ài,4,0
鴲,鳥,zhī,1,0
鴳,鳥,yàn,4,0
鴴,鳥,héng,2,0
鴵,鳥,xiāo,1,0
鴶,鳥,jiá,2,0
鴷,鳥,liè,4,0
鴸,鳥,zhū,1,0
鴺,鳥,tí,2,0
鴻,鳥,hóng,2,0
鴼,鳥,luò,4,0
鴽,鳥,rú,2,0
鴾,鳥,móu,2,0
鴿,鳥,gē,1,11
鵀,鳥,rén,2,0
鵁,鳥,jiāo,1,0
鵂,鳥,xiū,1,0
鵃,鳥,zhōu,1,0
鵄,鳥,chī,1,0
鵅,鳥,luò,4,0
鵆,鳥,héng,2,0
鵇,鳥,nián,2,0
鵈,鳥,ě,3,0
鵉,鳥,luán,2,0
鵊,鳥,jiá,2,0
鵋,鳥,jì,4,0
鵌,鳥,tú,2,0
鵍,鳥,huān,1,0
鵎,鳥,tuǒ,3,0
鵏,鳥,bǔ,3,0
鵐,鳥,wú,2,0
鵑,鳥,juān,1,16
鵒,鳥,yù,4,0
鵓,鳥,bó,2,0
鵔,鳥,jùn,4,0
鵕,鳥,jùn,4,0
鵖,鳥,bī,1,0
鵗,鳥,xī,1,0
鵘,鳥,jùn,4,0
鵙,鳥,jú,2,0
鵚,鳥,tū,1,0
鵛,鳥,jīng,1,0
鵜,鳥,tí,2,0
鵝,鳥,é,2,24
鵞,鳥,é,2,0
鵟,鳥,kuáng,2,0
鵠,鳥,hú,2,0
鵡,鳥,wǔ,3,0
鵢,鳥,shēn,1,0
鵣,鳥,lài,4,0
鵤,角,jiao,1,0
鵥,鳥,pàn,4,0
鵦,鳥,lù,4,0
鵧,鳥,pí,2,0
鵨,鳥,shū,1,0
鵩,鳥,fú,2,0
鵪,鳥,ān,1,21
鵫,鳥,zhuó,2,0
鵬,鳥,péng,2,0
鵭,鳥,qín,2,0
鵯,鳥,bēi,1,0
鵰,鳥,diāo,1,0
鵱,鳥,lù,4,0
鵲,鳥,què,4,28
鵳,鳥,jiān,1,0
鵴,鳥,jú,2,0
鵵,鳥,tù,4,0
鵶,鳥,yā,1,0
鵷,鳥,yuān,1,0
鵸,鳥,qí,2,0
鵹,鳥,lí,2,0
鵺,鳥,yè,4,0
鵻,鳥,zhuī,1,0
鵼,鳥,kōng,1,0
鵽,鳥,duò,4,0
鵾,鳥,kūn,1,0
鵿,鳥,shēng,1,0
鶀,鳥,qí,2,0
鶁,鳥,jīng,1,0
鶂,鳥,yì,4,0
鶃,鳥,yì,4,0
鶄,鳥,jīng,1,0
鶅,鳥,zī,1,0
鶆,鳥,lái,2,0
鶇,鳥,dōng,1,0
鶈,鳥,qī,1,0
鶉,鳥,chún,2,21
鶊,鳥,gēng,1,0
鶋,鳥,jū,1,0
鶌,鳥,jué,2,0
鶍,鳥,yì,4,0
鶎,鳥,zūn,1,0
鶏,鳥,jī,1,0
鶐,鳥,shù,4,0
鶑,鳥,yīng,1,0
鶒,鳥,chì,4,0
鶓,鳥,miáo,2,0
鶔,鳥,róu,2,0
鶕,鳥,ān,1,0
鶖,鳥,qiū,1,0
鶗,鳥,tí,2,0
鶘,鳥,hú,2,0
鶙,鳥,tí,2,0
鶚,鳥,è,4,0
鶛,鳥,jiē,1,0
鶜,鳥,máo,2,0
鶝,鳥,fú,2,0
鶞,鳥,chūn,1,0
鶟,鳥,tú,2,0
鶠,鳥,yǎn,3,0
鶡,鳥,hé,2,0
鶢,鳥,yuán,2,0
鶣,鳥,piān,1,0
鶤,鳥,kūn,1,0
鶥,鳥,méi,2,0
鶦,鳥,hú,2,0
鶧,鳥,yīng,1,0
鶨,鳥,chuàn,4,0
鶩,鳥,wù,4,0
鶪,鳥,jú,2,0
鶫,鳥,dōng,1,0
鶬,鳥,cāng,1,0
鶭,鳥,fǎng,3,0
鶮,鳥,hè,4,0
鶯,鳥,yīng,1,0
鶰,鳥,yuán,2,0
鶱,鳥,xiān,1,0
鶲,鳥,wēng,1,0
鶳,鳥,shī,1,0
鶴,鳥,hè,4,0
鶵,鳥,chú,2,0
鶶,鳥,táng,2,0
鶷,鳥,xiá,2,0
鶸,鳥,ruò,4,0
鶹,鳥,liú,2,0
鶺,鳥,jí,2,0
鶻,鳥,gú,2,0
鶼,鳥,jiān,1,0
鶽,鳥,sǔn,3,0
鶾,鳥,hàn,4,0
鶿,鳥,cí,2,0
鷀,鳥,cí,2,0
鷁,鳥,yì,4,0
鷂,鳥,yào,4,0
鷃,鳥,yàn,4,0
鷄,鳥,jī,1,0
鷅,鳥,lì,4,0
鷆,鳥,tián,2,0
鷇,鳥,kòu,4,0
鷈,鳥,tī,1,0
鷉,鳥,tī,1,0
鷊,鳥,yì,4,0
鷋,鳥,tú,2,0
鷌,鳥,mǎ,3,0
鷍,鳥,xiāo,1,0
鷎,鳥,gāo,1,0
鷏,鳥,tián,2,0
鷐,鳥,chén,2,0
鷑,鳥,jí,2,0
鷒,鳥,tuán,2,0
鷓,鳥,zhè,4,0
鷔,鳥,áo,2,0
鷕,鳥,yǎo,3,0
鷖,鳥,yī,1,0
鷗,鳥,ōu,1,13
鷘,鳥,chì,4,0
鷙,鳥,zhì,4,0
鷚,鳥,liù,4,0
鷛,鳥,yōng,1,0
鷜,鳥,lǘ,2,0
鷝,鳥,bì,4,0
鷞,鳥,shuāng,1,0
鷟,鳥,zhuó,2,0
鷠,魚,yú,2,0
鷡,鳥,wú,2,0
鷢,鳥,jué,2,0
鷣,鳥,yín,2,0
鷤,鳥,tí,2,0
鷥,鳥,sī,1,0
鷦,鳥,jiāo,1,0
鷧,鳥,yì,4,0
鷨,鳥,huá,2,0
鷩,鳥,bì,4,0
鷪,鳥,yīng,1,0
鷫,鳥,sù,4,0
鷬,鳥,huáng,2,0
鷭,鳥,fán,2,0
鷮,鳥,jiāo,1,0
鷯,鳥,liáo,2,0
鷰,鳥,yàn,4,0
鷱,鳥,gāo,1,0
鷲,鳥,jiù,4,0
鷳,鳥,xián,2,0
鷴,鳥,xián,2,0
鷵,鳥,tú,2,0
鷶,鳥,mǎi,3,0
鷷,鳥,zūn,1,0
鷸,鳥,yù,4,0
鷹,鳥,yīng,1,19
鷺,鳥,lù,4,0
鷻,鳥,tuán,2,0
鷼,鳥,xián,2,0
鷽,鳥,xué,2,0
鷾,鳥,yì,4,0
鷿,鳥,pì,4,0
鸀,鳥,shǔ,3,0
鸁,鳥,luó,2,0
鸂,鳥,xī,1,0
鸃,鳥,yí,2,0
鸄,鳥,jī,1,0
鸅,鳥,zé,2,0
鸆,鳥,yú,2,0
鸇,鳥,zhān,1,0
鸈,鳥,yè,4,0
鸉,鳥,yáng,2,0
鸊,鳥,pì,4,0
鸋,鳥,níng,2,0
鸌,鳥,hù,4,0
鸍,鳥,mí,2,0
鸎,鳥,yīng,1,0
鸏,鳥,méng,2,0
鸐,鳥,dí,2,0
鸑,鳥,yuè,4,0
鸒,鳥,yù,4,0
鸓,鳥,lěi,3,0
鸔,鳥,bǔ,3,0
鸕,鳥,lú,2,0
鸖,鳥,hè,4,0
鸗,鳥,lóng,2,0
鸘,鳥,shuāng,1,0
鸙,鳥,yuè,4,0
鸚,鳥,yīng,1,0
鸛,鳥,guàn,4,0
鸜,鳥,qú,2,0
鸝,鳥,lí,2,14
鸞,鳥,luán,2,0
鸟,鳥,niǎo,3,190
鸠,鳥,jiū,1,0
鸡,鳥,jī,1,244
鸢,鳥,yuān,1,0
鸣,鳥,míng,2,66
鸤,鳥,shī,1,0
鸥,鳥,ōu,1,13
鸦,鳥,yā,1,58
鸧,鳥,cāng,1,0
鸨,鳥,bǎo,3,0
鸩,鳥,zhèn,4,0
鸪,鳥,gū,1,0
鸫,鳥,dōng,1,0
鸬,鳥,lú,2,0
鸭,鳥,yā,1,41
鸮,鳥,xiāo,1,0
鸯,鳥,yāng,1,0
鸰,鳥,líng,2,0
鸱,鳥,chī,1,0
鸲,鳥,qú,2,0
鸳,鳥,yuān,1,0
鸴,鳥,xué,2,0
鸵,鳥,tuó,2,0
鸶,鳥,sī,1,0
鸷,鳥,zhì,4,0
鸸,鳥,ér,2,0
鸹,鳥,guā,1,0
鸺,鳥,xiū,1,0
鸻,鳥,héng,2,0
鸼,鳥,zhōu,1,0
鸽,鳥,gē,1,11
鸾,鳥,luán,2,0
鸿,鳥,hóng,2,0
鹀,鳥,wú,2,0
鹁,鳥,bó,2,0
鹂,鳥,lí,2,14
鹃,鳥,juān,1,16
鹄,鳥,gǔ,3,0
鹅,鳥,é,2,24
鹆,鳥,yù,4,0
鹇,鳥,xián,2,0
鹈,鳥,tí,2,0
鹉,鳥,wǔ,3,0
鹊,鳥,què,4,28
鹋,鳥,miáo,2,0
鹌,鳥,ān,1,21
鹍,鳥,kūn,1,0
鹎,鳥,bēi,1,0
鹏,鳥,péng,2,0
鹑,鳥,chún,2,21
鹒,鳥,gēng,1,0
鹓,鳥,yuān,1,0
鹔,鳥,sù,4,0
鹕,鳥,hú,2,0
鹖,鳥,hé,2,0
鹗,鳥,è,4,0
鹘,鳥,gǔ,3,0
鹙,鳥,qiū,1,0
鹚,鳥,cí,2,0
鹛,鳥,méi,2,0
鹜,鳥,wù,4,0
鹝,鳥,yì,4,0
鹞,鳥,yào,4,0
鹟,鳥,wēng,1,0
鹠,鳥,liú,2,0
鹡,鳥,jí,2,0
鹢,鳥,yì,4,0
鹣,鳥,jiān,1,0
鹤,鳥,hè,4,0
鹥,鳥,yī,1,0
鹦,鳥,yīng,1,0
鹧,鳥,zhè,4,0
鹨,鳥,liù,4,0
鹩,鳥,liáo,2,0
鹪,鳥,jiāo,1,0
鹫,鳥,jiù,4,0
鹬,鳥,yù,4,0
鹭,鳥,lù,4,0
鹮,鳥,huán,2,0
鹯,鳥,zhān,1,0
鹰,鳥,yīng,1,19
鹱,鳥,hù,4,0
鹲,鳥,méng,2,0
鹳,鳥,guàn,4,0
鹴,鳥,shuāng,1,0
鹵,鹵,lǔ,3,0
鹶,鹵,jīn,1,0
鹷,鹵,líng,2,0
鹸,鹵,jiǎn,3,0
鹹,鹵,xián,2,0
鹺,鹵,cuó,2,0
鹻,鹵,jiǎn,3,0
鹼,鹵,jiǎn,3,31
鹽,鹵,yán,2,70
鹾,鹵,cuó,2,0
鹿,鹿,lù,4,10
麀,鹿,yōu,1,0
麁,鹿,cū,1,0
麂,鹿,jǐ,3,0
麃,鹿,páo,2,0
麄,鹿,cū,1,0
麅,鹿,páo,2,0
麆,鹿,zhù,4,0
麇,鹿,jūn,1,0
麈,鹿,zhǔ,3,0
麉,鹿,jiān,1,0
麊,鹿,mí,2,0
麋,鹿,mí,2,0
麌,鹿,yǔ,3,0
麍,鹿,liú,2,0
麎,鹿,chén,2,0
麏,鹿,jūn,1,0
麐,鹿,lín,2,0
麑,鹿,ní,2,0
麒,鹿,qí,2,0
麓,鹿,lù,4,0
麔,鹿,jiù,4,0
麕,鹿,jūn,1,0
麖,鹿,jīng,1,0
麗,鹿,lì,4,215
麘,鹿,xiāng,1,0
麙,鹿,xián,2,0
麚,鹿,jiā,1,0
麛,鹿,mí,2,0
麜,鹿,lì,4,0
麝,鹿,shè,4,0
麞,鹿,zhāng,1,0
麟,鹿,lín,2,0
麠,鹿,jīng,1,0
麡,鹿,qí,2,0
麣,鹿,yán,2,0
麤,鹿,cū,1,0
麥,麥,mài,4,146
麦,麥,mài,4,146
麧,麥,hé,2,0
麨,麥,chǎo,3,0
麩,麥,fū,1,0
麪,麥,miàn,4,0
麫,麥,miàn,4,0
麬,麥,fū,1,0
麭,麥,pào,4,0
麮,麥,qù,4,0
麯,麥,qū,1,0
麰,麥,móu,2,0
麱,麥,fū,1,0
麲,麥,xiàn,4,0
麳,麥,lái,2,0
麴,麥,qū,1,0
麵,麥,miàn,4,0
麶,麥,chi,1,0
麷,麥,fēng,1,0
麸,麥,fū,1,0
麹,麥,qū,1,0
麺,麥,miàn,4,0
麻,麻,má,2,170
麼,麻,me,5,3394
麽,麻,mó,2,0
麾,麻,huī,1,0
麿,麻,mo,1,0
黀,麻,zōu,1,0
黁,麻,nún,2,0
黂,麻,fén,2,0
黃,黃,huáng,2,347
黄,黃,huáng,2,347
黅,黃,jīn,1,0
黆,黃,guāng,1,0
黇,黃,tiān,1,0
黈,黃,tǒu,3,0
黉,黃,hóng,2,0
黊,黃,huà,4,0
黋,黃,kuàng,4,0
黌,黃,hóng,2,0
黍,黍,shǔ,3,0
黎,黍,lí,2,30
黏,黍,nián,2,31
黐,黍,chī,1,0
黑,黑,hēi,1,690
黒,黑,hēi,1,0
黓,黑,yì,4,0
黔,黑,qián,2,0
黕,黑,dǎn,3,0
黖,黑,xì,4,0
黗,黑,tūn,1,0
默,黑,mò,4,199
黙,火,mò,4,0
黚,黑,qián,2,0
黛,黑,dài,4,0
黜,黑,chù,4,0
黝,黑,yǒu,3,0
點,黑,diǎn,3,3816
黟,黑,yī,1,0
黠,黑,xiá,2,0
黡,黑,yǎn,3,0
黢,黑,qū,1,0
黣,黑,měi,3,0
黤,黑,yǎn,3,0
黥,黑,qíng,2,0
黦,黑,yuè,4,0
黧,黑,lí,2,0
黨,黑,dǎng,3,2652
黩,黑,dú,2,0
黪,黑,cǎn,3,0
黫,黑,yān,1,0
黬,黑,yán,2,0
黭,黑,yǎn,3,0
黮,黑,dǎn,3,0
黯,黑,àn,4,8
黰,黑,zhěn,3,0
黱,黑,dài,4,0
黲,黑,cǎn,3,0
黳,黑,yī,1,0
黴,黑,méi,2,13
黵,黑,zhǎn,3,0
黶,黑,yǎn,3,0
黷,黑,dú,2,0
黸,黑,lú,2,0
黹,黹,zhǐ,3,0
黺,黹,fěn,3,0
黻,黹,fú,2,0
黼,黹,fǔ,3,0
黽,黽,miǎn,3,0
黾,黽,mǐn,3,0
黿,黽,yuán,2,0
鼀,黽,cù,4,0
鼁,黽,qù,4,0
鼂,黽,cháo,2,0
鼃,黽,wā,1,0
鼄,黽,zhū,1,0
鼅,黽,zhī,1,0
鼆,黽,méng,2,0
鼇,黽,áo,2,0
鼈,黽,biē,1,0
鼉,黽,tuó,2,0
鼊,黽,bì,4,0
鼋,黽,yuán,2,0
鼌,黽,cháo,2,0
鼍,黽,tuó,2,0
鼎,鼎,dǐng,3,0
鼏,鼎,mì,4,0
鼐,鼎,nài,4,0
鼑,鼎,dǐng,3,0
鼒,鼎,zī,1,0
鼓,鼓,gǔ,3,286
鼔,鼓,gǔ,3,0
鼕,鼓,dōng,1,0
鼖,鼓,fén,2,0
鼗,鼓,táo,2,0
鼘,鼓,yuān,1,0
鼙,鼓,pí,2,0
鼚,鼓,chāng,1,0
鼛,鼓,gāo,1,0
鼜,鼓,qì,4,0
鼝,鼓,yuān,1,0
鼞,鼓,tāng,1,0
鼟,鼓,tēng,1,0
鼠,鼠,shǔ,3,42
鼡,鼠,shǔ,3,0
鼢,鼠,fén,2,0
鼣,鼠,fèi,4,0
鼤,鼠,wén,2,0
鼥,鼠,bá,2,0
鼦,鼠,diāo,1,0
鼧,鼠,tuó,2,0
鼨,鼠,zhōng,1,0
鼩,鼠,qú,2,0
鼪,鼠,shēng,1,0
鼫,鼠,shí,2,0
鼬,鼠,yòu,4,0
鼭,鼠,shí,2,0
鼮,鼠,tíng,2,0
鼯,鼠,wú,2,0
鼰,鼠,jú,2,0
鼱,鼠,jīng,1,0
鼲,鼠,hún,2,0
鼳,鼠,jú,2,0
鼴,鼠,yǎn,3,0
鼵,鼠,tū,1,0
鼶,鼠,sī,1,0
鼷,鼠,xī,1,0
鼸,鼠,xiàn,4,0
鼹,鼠,yǎn,3,0
鼺,鼠,léi,2,0
鼻,鼻,bí,2,190
鼼,鼻,yào,4,0
鼽,鼻,qiú,2,0
鼾,鼻,hān,1,0
鼿,鼻,wù,4,0
齀,鼻,wù,4,0
齁,鼻,hōu,1,0
齂,鼻,xiè,4,0
齃,鼻,è,4,0
齄,鼻,zhā,1,0
齅,鼻,xiù,4,0
齆,鼻,wèng,4,0
齇,鼻,zhā,1,0
齈,鼻,nòng,4,0
齉,鼻,nàng,4,0
齊,齊,qí,2,190
齋,齊,zhāi,1,0
齌,齊,jì,4,0
齍,齊,zī,1,0
齎,齊,jī,1,0
齏,齊,jī,1,0
齐,齊,qí,2,190
齑,齊,jī,1,0
齒,齒,chǐ,3,80
齓,齒,chèn,4,0
齔,齒,chèn,4,0
齕,齒,hé,2,0
齖,齒,yá,2,0
齗,齒,yín,2,0
齘,齒,xiè,4,0
齙,齒,bāo,1,0
齚,齒,zé,2,0
齛,齒,xiè,4,0
齜,齒,chái,2,0
齝,齒,chī,1,0
齞,齒,yǎn,3,0
齟,齒,jǔ,3,0
齠,齒,tiáo,2,0
齡,齒,líng,2,43
齢,齒,líng,2,0
齣,齒,chū,1,0
齤,齒,quán,2,0
齥,齒,xiè,4,0
齦,齒,kěn,3,0
齧,齒,niè,4,0
齨,齒,jiù,4,0
齩,齒,yǎo,3,0
齪,齒,chuò,4,0
齫,齒,yǔn,3,0
齬,齒,yǔ,3,0
齭,齒,chǔ,3,0
齮,齒,yǐ,3,0
齯,齒,ní,2,0
齰,齒,zé,2,0
齱,齒,zōu,1,0
齲,齒,qǔ,3,0
齳,齒,yǔn,3,0
齴,齒,yǎn,3,0
齵,齒,óu,2,0
齶,齒,è,4,0
齷,齒,wò,4,0
齸,齒,yì,4,0
齹,齒,cī,1,0
齺,齒,zōu,1,0
齻,齒,diān,1,0
齼,齒,chǔ,3,0
齽,齒,jìn,4,0
齾,齒,yà,4,0
齿,齒,chǐ,3,80
龀,齒,chèn,4,0
龁,齒,hé,2,0
龂,齒,yín,2,0
龃,齒,jǔ,3,0
龄,齒,líng,2,43
龅,齒,bāo,1,0
龆,齒,tiáo,2,0
龇,齒,zī,1,0
龈,齒,yín,2,0
龉,齒,yǔ,3,0
龊,齒,chuò,4,0
龋,齒,qǔ,3,0
龌,齒,wò,4,0
龍,龍,lóng,2,76
龎,龍,páng,2,0
龏,龍,gōng,1,0
龐,广,páng,2,19
龑,龍,yǎn,3,0
龒,龍,lóng,2,0
龓,龍,lǒng,3,0
龔,龍,gōng,1,0
龕,龍,kān,1,0
龖,龍,dá,2,0
龗,龍,líng,2,0
龘,龍,dá,2,0
龙,龍,lóng,2,76
龚,龍,gōng,1,0
龛,龍,kān,1,0
龜,龜,guī,1,11
龝,龜,qiū,1,0
龞,龜,biē,1,0
龟,龜,guī,1,11
龠,龠,yuè,4,0
龡,龠,chuī,1,0
龢,龠,hé,2,0
龣,龠,jué,2,0
龤,龠,xié,2,0
龥,龠,yù,4,0
豈,豆,,0,0
更,曰,,0,0
車,車,,0,0
賈,貝,,0,0
滑,水,,0,0
串,丨,,0,0
句,口,,0,0
龜,龜,,0,0
龜,龜,,0,0
契,大,,0,0
金,金,,0,0
喇,口,,0,0
奈,大,,0,0
懶,心,,0,0
癩,疒,,0,0
羅,网,,0,0
蘿,艸,,0,0
螺,虫,,0,0
裸,衣,,0,0
邏,辵,,0,0
樂,木,,0,0
洛,水,,0,0
烙,火,,0,0
珞,玉,,0,0
落,艸,,0,0
酪,酉,,0,0
駱,馬,,0,0
亂,乙,,0,0
卵,卩,,0,0
欄,木,,0,0
爛,火,,0,0
蘭,艸,,0,0
鸞,鳥,,0,0
嵐,山,,0,0
濫,水,,0,0
藍,艸,,0,0
襤,衣,,0,0
拉,手,,0,0
臘,肉,,0,0
蠟,虫,,0,0
廊,广,,0,0
朗,月,,0,0
浪,水,,0,0
狼,犬,,0,0
郎,邑,,0,0
來,人,,0,0
冷,冫,,0,0
勞,力,,0,0
擄,手,,0,0
櫓,木,,0,0
爐,火,,0,0
盧,皿,,0,0
老,老,,0,0
蘆,艸,,0,0
虜,虍,,0,0
路,足,,0,0
露,雨,,0,0
魯,魚,,0,0
鷺,鳥,,0,0
碌,石,,0,0
祿,示,,0,0
綠,糸,,0,0
菉,艸,,0,0
錄,金,,0,0
鹿,鹿,,0,0
論,言,,0,0
壟,土,,0,0
弄,廾,,0,0
籠,竹,,0,0
聾,耳,,0,0
牢,牛,,0,0
磊,石,,0,0
賂,貝,,0,0
雷,雨,,0,0
壘,土,,0,0
屢,尸,,0,0
樓,木,,0,0
淚,水,,0,0
漏,水,,0,0
累,糸,,0,0
縷,糸,,0,0
陋,阜,,0,0
勒,力,,0,0
肋,肉,,0,0
凜,冫,,0,0
凌,冫,,0,0
稜,禾,,0,0
綾,糸,,0,0
菱,艸,,0,0
陵,阜,,0,0
讀,言,,0,0
拏,手,,0,0
樂,木,,0,0
諾,言,,0,0
丹,丶,,0,0
寧,宀,,0,0
怒,心,,0,0
率,玄,,0,0
異,田,,0,0
北,匕,,0,0
磻,石,,0,0
便,人,,0,0
復,彳,,0,0
不,一,,0,0
泌,水,,0,0
數,攴,,0,0
索,糸,,0,0
參,厶,,0,0
塞,土,,0,0
省,目,,0,0
葉,艸,,0,0
說,言,,0,0
殺,殳,,0,0
辰,辰,,0,0
沈,水,,0,0
拾,手,,0,0
若,艸,,0,0
掠,手,,0,0
略,田,,0,0
亮,亠,,0,0
兩,入,,0,0
凉,冫,,0,0
梁,木,,0,0
糧,米,,0,0
良,艮,,0,0
諒,言,,0,0
量,里,,0,0
勵,力,,0,0
呂,口,,0,0
女,女,,0,0
廬,广,,0,0
旅,方,,0,0
濾,水,,0,0
礪,石,,0,0
閭,門,,0,0
驪,馬,,0,0
麗,鹿,,0,0
黎,黍,,0,0
力,力,,0,0
曆,日,,0,0
歷,止,,0,0
轢,車,,0,0
年,干,,0,0
憐,心,,0,0
戀,心,,0,0
撚,手,,0,0
漣,水,,0,0
煉,火,,0,0
璉,玉,,0,0
秊,禾,,0,0
練,糸,,0,0
聯,耳,,0,0
輦,車,,0,0
蓮,艸,,0,0
連,辵,,0,0
鍊,金,,0,0
列,刀,,0,0
劣,力,,0,0
咽,口,,0,0
烈,火,,0,0
裂,衣,,0,0
說,言,,0,0
廉,广,,0,0
念,心,,0,0
捻,手,,0,0
殮,歹,,0,0
簾,竹,,0,0
獵,犬,,0,0
令,人,,0,0
囹,囗,,0,0
寧,宀,,0,0
嶺,山,,0,0
怜,心,,0,0
玲,玉,,0,0
瑩,玉,,0,0
羚,羊,,0,0
聆,耳,,0,0
鈴,金,,0,0
零,雨,,0,0
靈,雨,,0,0
領,頁,,0,0
例,人,,0,0
禮,示,,0,0
醴,酉,,0,0
隸,隶,,0,0
惡,心,,0,0
了,亅,,0,0
僚,人,,0,0
寮,宀,,0,0
尿,尸,,0,0
料,斗,,0,0
樂,木,,0,0
燎,火,,0,0
療,疒,,0,0
蓼,艸,,0,0
遼,辵,,0,0
龍,龍,,0,0
暈,日,,0,0
阮,阜,,0,0
劉,刀,,0,0
杻,木,,0,0
柳,木,,0,0
流,水,,0,0
溜,水,,0,0
琉,玉,,0,0
留,田,,0,0
硫,石,,0,0
紐,糸,,0,0
類,頁,,0,0
六,八,,0,0
戮,戈,,0,0
陸,阜,,0,0
倫,人,,0,0
崙,山,,0,0
淪,水,,0,0
輪,車,,0,0
律,彳,,0,0
慄,心,,0,0
栗,木,,0,0
率,玄,,0,0
隆,阜,,0,0
利,刀,,0,0
吏,口,,0,0
履,尸,,0,0
易,日,,0,0
李,木,,0,0
梨,木,,0,0
泥,水,,0,0
理,玉,,0,0
痢,疒,,0,0
罹,网,,0,0
裏,衣,,0,0
裡,衣,,0,0
里,里,,0,0
離,隹,,0,0
匿,匸,,0,0
溺,水,,0,0
吝,口,,0,0
燐,火,,0,0
璘,玉,,0,0
藺,艸,,0,0
隣,阜,,0,0
鱗,魚,,0,0
麟,鹿,,0,0
林,木,,0,0
淋,水,,0,0
臨,臣,,0,0
立,立,,0,0
笠,竹,,0,0
粒,米,,0,0
狀,犬,,0,0
炙,火,,0,0
識,言,,0,0
什,人,,0,0
茶,艸,,0,0
刺,刀,,0,0
切,刀,,0,0
度,广,,0,0
拓,手,,0,0
糖,米,,0,0
宅,宀,,0,0
洞,水,,0,0
暴,日,,0,0
輻,車,,0,0
行,行,,0,0
降,阜,,0,0
見,見,,0,0
廓,广,,0,0
兀,儿,,0,0
嗀,口,,0,0
﨎,又,,0,0
﨏,土,,0,0
塚,土,,0,0
﨑,山,,0,0
晴,日,,0,0
﨓,木,,0,0
﨔,木,,0,0
凞,冫,,0,0
猪,犬,,0,0
益,皿,,0,0
礼,示,lǐ,3,0
神,示,,0,0
祥,示,,0,0
福,示,,0,0
靖,青,,0,0
精,米,,0,0
羽,羽,,0,0
﨟,艸,,0,0
﨡,虫,,0,0
諸,言,,0,0
﨣,走,,0,0
﨤,辵,,0,0
逸,辵,,0,0
都,邑,,0,0
﨧,金,,0,0
﨨,金,,0,0
﨩,阜,,0,0
飯,食,,0,0
飼,食,,0,0
館,食,,0,0
鶴,鳥,,0,0
𠀀,一,hē,1,0
𠀁,一,qī,1,0
𠀂,一,,0,0
𠀃,一,qiě,3,0
𠀄,一,,0,0
𠀅,一,hài,4,0
𠀆,一,,0,0
𠀇,一,,0,0
𠀈,一,,0,0
𠀉,一,qiū,1,0
𠀊,一,cāo,1,0
𠀋,一,,0,0
𠀌,一,,0,0
𠀍,一,shì,4,0
𠀎,一,,0,0
𠀏,一,,0,0
𠀐,一,,0,0
𠀑,一,,0,0
𠀒,一,,0,0
𠀓,一,sī,1,0
𠀔,一,jué,2,0
𠀕,一,,0,0
𠀖,一,,0,0
𠀗,一,,0,0
𠀘,一,,0,0
𠀙,一,,0,0
𠀚,一,,0,0
𠀛,大,yù,4,0
𠀜,一,,0,0
𠀝,卜,kōng,1,0
𠀞,一,,0,0
𠀟,一,,0,0
𠀠,一,,0,0
𠀡,一,,0,0
𠀢,一,zī,1,0
𠀣,一,,0,0
𠀤,一,,0,0
𠀥,二,,0,0
𠀦,一,xíng,2,0
𠀧,一,,0,0
𠀨,一,,0,0
𠀩,亅,,0,0
𠀪,一,,0,0
𠀫,一,,0,0
𠀬,一,,0,0
𠀭,一,,0,0
𠀮,一,,0,0
𠀯,囗,,0,0
𠀰,一,,0,0
𠀱,一,mǒu,3,0
𠀲,一,,0,0
𠀳,一,,0,0
𠀴,一,,0,0
𠀵,一,,0,0
𠀶,一,,0,0
𠀷,口,jī,1,0
𠀸,一,yè,4,0
𠀹,口,jūn,1,0
𠀺,一,,0,0
𠀻,一,,0,0
𠀼,夊,qián,2,0
𠀽,一,lù,4,0
𠀾,一,,0,0
𠀿,一,,0,0
𠁀,一,,0,0
𠁁,一,dòu,4,0
𠁂,一,,0,0
𠁃,一,,0,0
𠁄,一,,0,0
𠁅,一,,0,0
𠁆,一,,0,0
𠁇,一,,0,0
𠁈,一,,0,0
𠁉,几,chū,1,0
𠁊,一,,0,0
𠁋,一,,0,0
𠁌,一,,0,0
𠁍,一,,0,0
𠁎,一,,0,0
𠁏,一,,0,0
𠁐,一,,0,0
𠁑,一,,0,0
𠁒,一,,0,0
𠁓,一,,0,0
𠁔,一,,0,0
𠁕,一,,0,0
𠁖,一,,0,0
𠁗,一,shì,4,0
𠁘,一,,0,0
𠁙,一,,0,0
𠁚,一,,0,0
𠁛,一,,0,0
𠁜,八,,0,0
𠁝,一,,0,0
𠁞,日,,0,0
𠁟,一,,0,0
𠁠,一,qiè,4,0
𠁡,丨,,0,0
𠁢,丨,,0,0
𠁣,丨,,0,0
𠁤,囗,,0,0
𠁥,丨,gǎ,3,0
𠁦,丨,,0,0
𠁧,丨,,0,0
𠁨,丨,,0,0
𠁩,丨,,0,0
𠁪,丨,,0,0
𠁫,丨,,0,0
𠁬,丨,,0,0
𠁭,丨,qí,2,0
𠁮,丨,,0,0
𠁯,丨,,0,0
𠁰,丨,,0,0
𠁱,丨,,0,0
𠁲,阜,,0,0
𠁳,丨,,0,0
𠁴,丨,,0,0
𠁵,丨,,0,0
𠁶,丨,,0,0
𠁷,口,chǎn,3,0
𠁸,丨,,0,0
𠁹,丨,,0,0
𠁺,丨,,0,0
𠁻,丨,,0,0
𠁼,丶,,0,0
𠁽,丶,,0,0
𠁾,乙,,0,0
𠁿,丶,,0,0
𠂀,丶,,0,0
𠂁,丶,,0,0
𠂂,丶,,0,0
𠂃,丶,,0,0
𠂄,丶,huān,1,0
𠂅,丶,,0,0
𠂆,丿,yì,4,0
𠂇,丿,zuǒ,3,0
𠂈,丿,jié,2,0
𠂉,丿,,0,0
𠂊,丿,,0,0
𠂋,丿,,0,0
𠂌,丿,,0,0
𠂍,丿,,0,0
𠂎,丿,,0,0
𠂏,丿,,0,0
𠂐,丿,,0,0
𠂑,丿,zōu,1,0
𠂒,丿,,0,0
𠂓,丿,,0,0
𠂔,丿,zǐ,3,0
𠂕,丿,,0,0
𠂖,丿,,0,0
𠂗,丿,,0,0
𠂘,丿,,0,0
𠂙,丿,,0,0
𠂚,丿,,0,0
𠂛,丿,,0,0
𠂜,丿,,0,0
𠂝,丿,zā,1,0
𠂞,丿,,0,0
𠂟,丿,jīn,1,0
𠂠,丿,,0,0
𠂡,丿,,0,0
𠂢,丿,pài,4,0
𠂣,丿,,0,0
𠂤,丿,duī,1,0
𠂥,丿,cóng,2,0
𠂦,丿,,0,0
𠂧,丿,shèn,4,0
𠂨,舟,,0,0
𠂩,丿,,0,0
𠂪,丿,,0,0
𠂫,丿,,0,0
𠂬,厂,,0,0
𠂭,丿,,0,0
𠂮,厂,,0,0
𠂯,丿,,0,0
𠂰,厂,,0,0
𠂱,比,,0,0
𠂲,丿,,0,0
𠂳,丿,,0,0
𠂴,丿,,0,0
𠂵,用,,0,0
𠂶,丿,,0,0
𠂷,丿,,0,0
𠂸,乙,huáng,2,0
𠂹,丿,,0,0
𠂺,丿,,0,0
𠂻,丿,,0,0
𠂼,丿,,0,0
𠂽,丿,,0,0
𠂾,丿,,0,0
𠂿,丿,,0,0
𠃀,丿,,0,0
𠃁,丿,,0,0
𠃂,丿,,0,0
𠃃,丿,,0,0
𠃄,丿,,0,0
𠃅,丿,,0,0
𠃆,丿,,0,0
𠃇,丿,,0,0
𠃈,丿,,0,0
𠃉,乙,,0,0
𠃊,乙,yǐn,3,0
𠃋,乙,,0,0
𠃌,乙,gǔn,3,0
𠃍,乙,,0,0
𠃎,乙,,0,0
𠃏,乙,,0,0
𠃐,乙,,0,0
𠃑,乙,,0,0
𠃒,乙,,0,0
𠃓,乙,yáng,2,0
𠃔,乙,,0,0
𠃕,乙,,0,0
𠃖,乙,jiū,1,0
𠃗,乙,,0,0
𠃘,乙,,0,0
𠃙,乙,,0,0
𠃚,乙,,0,0
𠃛,乙,,0,0
𠃜,乙,,0,0
𠃝,乙,,0,0
𠃞,乙,,0,0
𠃟,乙,,0,0
𠃠,乙,,0,0
𠃡,乙,,0,0
𠃢,乙,,0,0
𠃣,乙,,0,0
𠃤,乙,,0,0
𠃥,乙,,0,0
𠃦,乙,,0,0
𠃧,乙,,0,0
𠃨,乙,,0,0
𠃩,乙,,0,0
𠃪,乙,,0,0
𠃫,田,shēn,1,0
𠃬,乙,,0,0
𠃭,乙,,0,0
𠃮,乙,,0,0
𠃯,乙,,0,0
𠃰,用,,0,0
𠃱,子,,0,0
𠃲,乙,,0,0
𠃳,乙,,0,0
𠃴,乙,,0,0
𠃵,乙,,0,0
𠃶,乙,,0,0
𠃷,乙,,0,0
𠃸,乙,,0,0
𠃹,乙,,0,0
𠃺,乙,jiù,4,0
𠃻,乙,,0,0
𠃼,乙,,0,0
𠃽,乙,,0,0
𠃾,乙,,0,0
𠃿,乙,,0,0
𠄀,乙,,0,0
𠄁,乙,,0,0
𠄂,乙,,0,0
𠄃,乙,,0,0
𠄄,乙,,0,0
𠄅,乙,yè,4,0
𠄆,乙,,0,0
𠄇,乙,,0,0
𠄈,乙,,0,0
𠄉,乙,dòng,4,0
𠄊,乙,,0,0
𠄋,乙,,0,0
𠄌,亅,jué,2,0
𠄍,亅,jié,2,0
𠄎,亅,,0,0
𠄏,亅,diǎo,3,0
𠄐,亅,,0,0
𠄑,亅,jué,2,0
𠄒,亅,chuí,2,0
𠄓,亅,,0,0
𠄔,亅,,0,0
𠄕,亅,,0,0
𠄖,亅,líng,2,0
𠄗,亅,,0,0
𠄘,亅,,0,0
𠄙,亅,,0,0
𠄚,亅,tīng,1,0
𠄛,亅,,0,0
𠄜,亅,,0,0
𠄝,亅,,0,0
𠄞,二,,0,0
𠄟,二,,0,0
𠄠,二,,0,0
𠄡,二,,0,0
𠄢,二,,0,0
𠄣,二,gèn,4,0
𠄤,二,,0,0
𠄥,二,,0,0
𠄦,二,,0,0
𠄧,二,,0,0
𠄨,二,,0,0
𠄩,二,,0,0
𠄪,二,,0,0
𠄫,二,,0,0
𠄬,二,,0,0
𠄭,二,,0,0
𠄮,二,yà,4,0
𠄯,二,,0,0
𠄰,二,,0,0
𠄱,二,yí,2,0
𠄲,二,,0,0
𠄳,二,,0,0
𠄴,弓,,0,0
𠄵,二,,0,0
𠄶,二,,0,0
𠄷,二,,0,0
𠄸,二,,0,0
𠄹,二,,0,0
𠄺,二,,0,0
𠄻,二,,0,0
𠄼,二,,0,0
𠄽,二,,0,0
𠄾,二,,0,0
𠄿,二,wéi,2,0
𠅀,二,,0,0
𠅁,亠,,0,0
𠅂,亠,jié,2,0
𠅃,亠,,0,0
𠅄,亠,,0,0
𠅅,亠,,0,0
𠅆,亠,,0,0
𠅇,亠,,0,0
𠅈,亠,,0,0
𠅉,亠,,0,0
𠅊,亠,,0,0
𠅋,亠,,0,0
𠅌,亠,yí,2,0
𠅍,亠,,0,0
𠅎,亠,,0,0
𠅏,亠,,0,0
𠅐,亠,,0,0
𠅑,亠,,0,0
𠅒,亠,,0,0
𠅓,亠,,0,0
𠅔,亠,,0,0
𠅕,亠,,0,0
𠅖,亠,,0,0
𠅗,夕,diè,4,0
𠅘,亠,,0,0
𠅙,亠,,0,0
𠅚,亠,qí,2,0
𠅛,亠,,0,0
𠅜,亠,,0,0
𠅝,亠,,0,0
𠅞,亠,,0,0
𠅟,亠,,0,0
𠅠,亠,,0,0
𠅡,亠,,0,0
𠅢,亠,,0,0
𠅣,亠,,0,0
𠅤,亠,xí,2,0
𠅥,亠,,0,0
𠅦,亠,,0,0
𠅧,亠,,0,0
𠅨,亠,,0,0
𠅩,亠,,0,0
𠅪,亠,,0,0
𠅫,亠,,0,0
𠅬,亠,bāo,1,0
𠅭,亠,,0,0
𠅮,亠,,0,0
𠅯,亠,,0,0
𠅰,矢,,0,0
𠅱,夕,xiè,4,0
𠅲,亠,,0,0
𠅳,亠,,0,0
𠅴,亠,,0,0
𠅵,亠,,0,0
𠅶,亠,,0,0
𠅷,亠,,0,0
𠅸,亠,,0,0
𠅹,幺,zhàng,4,0
𠅺,亠,,0,0
𠅻,亠,,0,0
𠅼,亠,,0,0
𠅽,小,,0,0
𠅾,亠,,0,0
𠅿,亠,,0,0
𠆀,亠,,0,0
𠆁,亠,,0,0
𠆂,亠,,0,0
𠆃,亠,,0,0
𠆄,亠,,0,0
𠆅,亠,,0,0
𠆆,亠,,0,0
𠆇,亠,,0,0
𠆈,亠,,0,0
𠆉,亠,,0,0
𠆊,口,,0,0
𠆋,亠,,0,0
𠆌,亠,yōng,1,0
𠆍,亠,,0,0
𠆎,亠,,0,0
𠆏,亠,,0,0
𠆐,亠,xù,4,0
𠆑,亠,,0,0
𠆒,亠,,0,0
𠆓,夕,,0,0
𠆔,亠,,0,0
𠆕,夕,,0,0
𠆖,亠,,0,0
𠆗,亠,,0,0
𠆘,亠,,0,0
𠆙,夕,diè,4,0
𠆚,亠,,0,0
𠆛,日,dān,1,0
𠆜,齊,,0,0
𠆝,亠,,0,0
𠆞,亠,,0,0
𠆟,亠,wěi,3,0
𠆠,亠,,0,0
𠆡,亠,,0,0
𠆢,人,,0,0
𠆣,人,guǎ,3,0
𠆤,人,,0,0
𠆥,人,,0,0
𠆦,人,,0,0
𠆧,人,,0,0
𠆨,人,,0,0
𠆩,人,fàn,4,0
𠆪,人,,0,0
𠆫,人,,0,0
𠆬,人,,0,0
𠆭,人,,0,0
𠆮,力,mò,4,0
𠆯,人,,0,0
𠆰,人,,0,0
𠆱,十,xī,1,0
𠆲,广,yǎn,3,0
𠆳,人,,0,0
𠆴,人,,0,0
𠆵,人,ní,2,0
𠆶,人,dàn,4,0
𠆷,人,,0,0
𠆸,人,,0,0
𠆹,人,,0,0
𠆺,人,,0,0
𠆻,人,,0,0
𠆼,人,,0,0
𠆽,人,,0,0
𠆾,人,,0,0
𠆿,人,,0,0
𠇀,人,,0,0
𠇁,人,,0,0
𠇂,人,,0,0
𠇃,人,,0,0
𠇄,人,,0,0
𠇅,人,,0,0
𠇆,人,,0,0
𠇇,人,,0,0
𠇈,人,,0,0
𠇉,人,,0,0
𠇊,人,,0,0
𠇋,人,dǎn,3,0
𠇌,人,,0,0
𠇍,人,,0,0
𠇎,人,,0,0
𠇏,人,tāo,1,0
𠇐,人,yú,2,0
𠇑,人,,0,0
𠇒,入,gōng,1,0
𠇓,人,,0,0
𠇔,人,,0,0
𠇕,人,,0,0
𠇖,人,,0,0
𠇗,人,kuā,1,0
𠇘,人,chù,4,0
𠇙,人,,0,0
𠇚,人,,0,0
𠇛,人,,0,0
𠇜,人,,0,0
𠇝,人,,0,0
𠇞,人,,0,0
𠇟,人,,0,0
𠇠,人,,0,0
𠇡,人,,0,0
𠇢,人,,0,0
𠇣,人,,0,0
𠇤,人,,0,0
𠇥,人,,0,0
𠇦,人,,0,0
𠇧,人,,0,0
𠇨,人,,0,0
𠇩,人,,0,0
𠇪,人,,0,0
𠇫,人,,0,0
𠇬,人,,0,0
𠇭,人,,0,0
𠇮,人,,0,0
𠇯,人,qù,4,0
𠇰,人,,0,0
𠇱,人,mò,4,0
𠇲,人,,0,0
𠇳,人,shī,1,0
𠇴,人,,0,0
𠇵,人,gǎn,3,0
𠇶,人,,0,0
𠇷,人,shēng,1,0
𠇸,人,,0,0
𠇹,人,jìng,4,0
𠇺,人,,0,0
𠇻,人,,0,0
𠇼,人,,0,0
𠇽,人,,0,0
𠇾,人,,0,0
𠇿,人,,0,0
𠈀,人,,0,0
𠈁,人,tuō,1,0
𠈂,口,,0,0
𠈃,人,,0,0
𠈄,人,,0,0
𠈅,人,shōu,1,0
𠈆,人,,0,0
𠈇,人,,0,0
𠈈,人,,0,0
𠈉,人,,0,0
𠈊,人,niě,3,0
𠈋,人,,0,0
𠈌,人,,0,0
𠈍,人,,0,0
𠈎,人,,0,0
𠈏,人,,0,0
𠈐,人,,0,0
𠈑,人,,0,0
𠈒,人,,0,0
𠈓,人,,0,0
𠈔,人,,0,0
𠈕,人,,0,0
𠈖,人,,0,0
𠈗,人,,0,0
𠈘,人,,0,0
𠈙,人,,0,0
𠈚,人,,0,0
𠈛,人,,0,0
𠈜,人,,0,0
𠈝,人,,0,0
𠈞,人,,0,0
𠈟,人,,0,0
𠈠,人,,0,0
𠈡,人,,0,0
𠈢,人,,0,0
𠈣,人,,0,0
𠈤,小,yùn,4,0
𠈥,人,guǎ,3,0
𠈦,人,,0,0
𠈧,人,,0,0
𠈨,人,,0,0
𠈩,人,,0,0
𠈪,人,,0,0
𠈫,人,,0,0
𠈬,人,xiāo,1,0
𠈭,人,láo,2,0
𠈮,人,,0,0
𠈯,人,,0,0
𠈰,人,dàn,4,0
𠈱,人,suō,1,0
𠈲,人,,0,0
𠈳,人,,0,0
𠈴,人,,0,0
𠈵,人,mǎng,3,0
𠈶,人,yí,2,0
𠈷,人,,0,0
𠈸,人,tè,4,0
𠈹,人,,0,0
𠈺,人,bì,4,0
𠈻,人,,0,0
𠈼,人,,0,0
𠈽,人,,0,0
𠈾,人,,0,0
𠈿,人,,0,0
𠉀,人,,0,0
𠉁,人,,0,0
𠉂,人,tà,4,0
𠉃,人,,0,0
𠉄,人,,0,0
𠉅,人,,0,0
𠉆,人,,0,0
𠉇,人,,0,0
𠉈,人,,0,0
𠉉,人,,0,0
𠉊,人,,0,0
𠉋,人,,0,0
𠉌,人,,0,0
𠉍,人,,0,0
𠉎,人,,0,0
𠉏,人,,0,0
𠉐,人,,0,0
𠉑,人,,0,0
𠉒,人,,0,0
𠉓,人,,0,0
𠉔,人,,0,0
𠉕,人,,0,0
𠉖,人,,0,0
𠉗,人,luò,4,0
𠉘,人,,0,0
𠉙,人,,0,0
𠉚,人,,0,0
𠉛,人,,0,0
𠉜,人,,0,0
𠉝,人,,0,0
𠉞,人,,0,0
𠉟,人,,0,0
𠉠,人,,0,0
𠉡,人,,0,0
𠉢,人,xǐ,3,0
𠉣,人,hūn,1,0
𠉤,人,dá,2,0
𠉥,人,,0,0
𠉦,人,,0,0
𠉧,人,jù,4,0
𠉨,人,,0,0
𠉩,人,dú,2,0
𠉪,人,,0,0
𠉫,人,,0,0
𠉬,人,ǎn,3,0
𠉭,人,,0,0
𠉮,人,,0,0
𠉯,人,,0,0
𠉰,人,,0,0
𠉱,人,,0,0
𠉲,人,,0,0
𠉳,人,,0,0
𠉴,人,,0,0
𠉵,人,,0,0
𠉶,人,,0,0
𠉷,人,,0,0
𠉸,人,,0,0
𠉹,人,,0,0
𠉺,人,,0,0
𠉻,人,,0,0
𠉼,人,,0,0
𠉽,人,,0,0
𠉾,人,,0,0
𠉿,人,,0,0
𠊀,人,,0,0
𠊁,人,,0,0
𠊂,人,,0,0
𠊃,人,,0,0
𠊄,人,,0,0
𠊅,人,,0,0
𠊆,人,,0,0
𠊇,人,,0,0
𠊈,人,,0,0
𠊉,人,mèi,4,0
𠊊,人,,0,0
𠊋,人,,0,0
𠊌,人,rán,2,0
𠊍,人,,0,0
𠊎,人,ái,2,0
𠊏,人,yù,4,0
𠊐,人,,0,0
𠊑,人,,0,0
𠊒,人,jiàn,4,0
𠊓,人,,0,0
𠊔,人,qì,4,0
𠊕,人,,0,0
𠊖,人,,0,0
𠊗,人,,0,0
𠊘,人,,0,0
𠊙,人,,0,0
𠊚,人,,0,0
𠊛,人,,0,0
𠊜,人,,0,0
𠊝,人,,0,0
𠊞,人,,0,0
𠊟,人,mǐn,3,0
𠊠,人,,0,0
𠊡,人,,0,0
𠊢,人,,0,0
𠊣,人,zhòu,4,0
𠊤,人,zhì,4,0
𠊥,人,zhǒng,3,0
𠊦,人,nǎo,3,0
𠊧,人,bìng,4,0
𠊨,人,,0,0
𠊩,人,zhuàn,4,0
𠊪,人,shù,4,0
𠊫,人,xùn,4,0
𠊬,人,jué,2,0
𠊭,人,qiǎn,3,0
𠊮,人,,0,0
𠊯,人,,0,0
𠊰,人,guǎ,3,0
𠊱,人,,0,0
𠊲,人,tū,1,0
𠊳,人,,0,0
𠊴,人,,0,0
𠊵,人,,0,0
𠊶,人,yìng,4,0
𠊷,人,zhì,4,0
𠊸,人,,0,0
𠊹,人,,0,0
𠊺,人,,0,0
𠊻,人,,0,0
𠊼,人,,0,0
𠊽,人,,0,0
𠊾,人,kuí,2,0
𠊿,人,,0,0
𠋀,人,,0,0
𠋁,人,,0,0
𠋂,人,,0,0
𠋃,人,,0,0
𠋄,人,,0,0
𠋅,人,,0,0
𠋆,人,chèn,4,0
𠋇,人,,0,0
𠋈,人,,0,0
𠋉,人,,0,0
𠋊,人,,0,0
𠋋,人,,0,0
𠋌,人,,0,0
𠋍,人,,0,0
𠋎,人,,0,0
𠋏,人,,0,0
𠋐,人,,0,0
𠋑,食,,0,0
𠋒,人,,0,0
𠋓,人,,0,0
𠋔,人,,0,0
𠋕,人,,0,0
𠋖,人,liàn,4,0
𠋗,人,yā,1,0
𠋘,人,,0,0
𠋙,人,,0,0
𠋚,人,,0,0
𠋛,人,,0,0
𠋜,人,guò,4,0
𠋝,人,miǎo,3,0
𠋞,人,shé,2,0
𠋟,人,yǔ,3,0
𠋠,人,,0,0
𠋡,人,sì,4,0
𠋢,人,sǒu,3,0
𠋣,人,,0,0
𠋤,人,zhì,4,0
𠋥,人,,0,0
𠋦,人,,0,0
𠋧,人,qiē,1,0
𠋨,人,,0,0
𠋩,人,fù,4,0
𠋪,人,,0,0
𠋫,人,,0,0
𠋬,人,jú,2,0
𠋭,人,bèi,4,0
𠋮,人,,0,0
𠋯,人,bì,4,0
𠋰,人,,0,0
𠋱,人,,0,0
𠋲,人,suǒ,3,0
𠋳,人,,0,0
𠋴,人,,0,0
𠋵,人,qiǎn,3,0
𠋶,人,mǐng,3,0
𠋷,人,chǎn,3,0
𠋸,人,,0,0
𠋹,人,,0,0
𠋺,人,sāo,1,0
𠋻,人,jī,1,0
𠋼,人,,0,0
𠋽,人,,0,0
𠋾,人,,0,0
𠋿,人,,0,0
𠌀,人,,0,0
𠌁,人,,0,0
𠌂,人,,0,0
𠌃,人,,0,0
𠌄,人,,0,0
𠌅,人,,0,0
𠌆,入,,0,0
𠌇,人,,0,0
𠌈,人,,0,0
𠌉,人,,0,0
𠌊,人,,0,0
𠌋,人,,0,0
𠌌,人,,0,0
𠌍,人,,0,0
𠌎,人,,0,0
𠌏,人,,0,0
𠌐,人,,0,0
𠌑,人,,0,0
𠌒,人,,0,0
𠌓,人,,0,0
𠌔,人,,0,0
𠌕,人,gòng,4,0
𠌖,人,qióng,2,0
𠌗,人,,0,0
𠌘,人,,0,0
𠌙,人,,0,0
𠌚,人,ròng,4,0
𠌛,人,,0,0
𠌜,人,,0,0
𠌝,人,,0,0
𠌞,夊,sǒu,3,0
𠌟,白,sǒu,3,0
𠌠,人,yáo,2,0
𠌡,人,,0,0
𠌢,人,,0,0
𠌣,人,,0,0
𠌤,人,,0,0
𠌥,人,,0,0
𠌦,人,,0,0
𠌧,人,,0,0
𠌨,人,,0,0
𠌩,人,,0,0
𠌪,目,chōu,1,0
𠌫,人,,0,0
𠌬,人,,0,0
𠌭,人,shuài,4,0
𠌮,人,zhē,1,0
𠌯,人,lì,4,0
𠌰,人,gài,4,0
𠌱,人,suī,1,0
𠌲,人,zhān,1,0
𠌳,人,,0,0
𠌴,人,zhuàng,4,0
𠌵,人,,0,0
𠌶,人,,0,0
𠌷,人,,0,0
𠌸,人,,0,0
𠌹,人,,0,0
𠌺,人,,0,0
𠌻,人,,0,0
𠌼,人,,0,0
𠌽,人,fù,4,0
𠌾,人,,0,0
𠌿,人,,0,0
𠍀,人,,0,0
𠍁,人,,0,0
𠍂,人,,0,0
𠍃,人,jī,1,0
𠍄,人,dōu,1,0
𠍅,人,,0,0
𠍆,人,,0,0
𠍇,人,,0,0
𠍈,人,,0,0
𠍉,人,,0,0
𠍊,人,,0,0
𠍋,人,,0,0
𠍌,人,,0,0
𠍍,人,,0,0
𠍎,人,,0,0
𠍏,人,,0,0
𠍐,人,,0,0
𠍑,人,,0,0
𠍒,人,,0,0
𠍓,人,,0,0
𠍔,人,,0,0
𠍕,人,,0,0
𠍖,人,,0,0
𠍗,人,huì,4,0
𠍘,人,,0,0
𠍙,人,,0,0
𠍚,人,jiǎn,3,0
𠍛,人,yǎn,3,0
𠍜,人,zhì,4,0
𠍝,人,,0,0
𠍞,人,,0,0
𠍟,人,,0,0
𠍠,人,,0,0
𠍡,人,,0,0
𠍢,矛,,0,0
𠍣,人,,0,0
𠍤,人,,0,0
𠍥,人,,0,0
𠍦,人,,0,0
𠍧,人,,0,0
𠍨,人,měi,3,0
𠍩,人,yào,4,0
𠍪,人,dī,1,0
𠍫,人,yí,2,0
𠍬,人,,0,0
𠍭,人,,0,0
𠍮,人,,0,0
𠍯,人,bié,2,0
𠍰,人,,0,0
𠍱,人,,0,0
𠍲,人,qú,2,0
𠍳,人,yì,4,0
𠍴,人,,0,0
𠍵,人,yàng,4,0
𠍶,人,,0,0
𠍷,人,,0,0
𠍸,人,,0,0
𠍹,人,zhá,2,0
𠍺,人,,0,0
𠍻,人,,0,0
𠍼,人,,0,0
𠍽,人,shà,4,0
𠍾,人,,0,0
𠍿,人,,0,0
𠎀,人,,0,0
𠎁,人,,0,0
𠎂,人,,0,0
𠎃,人,,0,0
𠎄,人,,0,0
𠎅,人,,0,0
𠎆,人,,0,0
𠎇,人,,0,0
𠎈,人,,0,0
𠎉,人,,0,0
𠎊,人,,0,0
𠎋,人,,0,0
𠎌,人,,0,0
𠎍,人,,0,0
𠎎,人,,0,0
𠎏,人,,0,0
𠎐,人,,0,0
𠎑,人,,0,0
𠎒,人,,0,0
𠎓,人,,0,0
𠎔,人,,0,0
𠎕,人,,0,0
𠎖,人,,0,0
𠎗,人,,0,0
𠎘,禸,,0,0
𠎙,人,lái,2,0
𠎚,人,,0,0
𠎛,爻,,0,0
𠎜,齒,,0,0
𠎝,人,,0,0
𠎞,人,,0,0
𠎟,人,,0,0
𠎠,人,,0,0
𠎡,人,,0,0
𠎢,人,,0,0
𠎣,人,,0,0
𠎤,人,,0,0
𠎥,人,,0,0
𠎦,人,,0,0
𠎧,人,,0,0
𠎨,人,,0,0
𠎩,人,,0,0
𠎪,人,,0,0
𠎫,人,,0,0
𠎬,人,,0,0
𠎭,人,,0,0
𠎮,人,jué,2,0
𠎯,人,,0,0
𠎰,人,qī,1,0
𠎱,人,,0,0
𠎲,人,,0,0
𠎳,人,yú,2,0
𠎴,人,,0,0
𠎵,人,,0,0
𠎶,戈,zǎi,3,0
𠎷,人,sà,4,0
𠎸,人,sè,4,0
𠎹,人,,0,0
𠎺,人,,0,0
𠎻,人,dùn,4,0
𠎼,人,,0,0
𠎽,人,,0,0
𠎾,人,,0,0
𠎿,人,jiě,3,0
𠏀,人,kē,1,0
𠏁,人,,0,0
𠏂,人,,0,0
𠏃,人,yuē,1,0
𠏄,人,,0,0
𠏅,人,,0,0
𠏆,人,,0,0
𠏇,人,jiǎn,3,0
𠏈,人,yáo,2,0
𠏉,人,,0,0
𠏊,人,,0,0
𠏋,人,,0,0
𠏌,人,,0,0
𠏍,人,,0,0
𠏎,人,,0,0
𠏏,人,,0,0
𠏐,人,,0,0
𠏑,人,,0,0
𠏒,人,,0,0
𠏓,口,xiān,1,0
𠏔,人,,0,0
𠏕,人,xiào,4,0
𠏖,人,qiāo,1,0
𠏗,人,,0,0
𠏘,人,,0,0
𠏙,人,,0,0
𠏚,人,yù,4,0
𠏛,人,qú,2,0
𠏜,人,,0,0
𠏝,人,,0,0
𠏞,人,,0,0
𠏟,人,,0,0
𠏠,人,,0,0
𠏡,人,xiān,1,0
𠏢,人,luò,4,0
𠏣,人,,0,0
𠏤,人,guǎng,3,0
𠏥,人,,0,0
𠏦,人,,0,0
𠏧,口,chēng,1,0
𠏨,人,chuǎng,3,0
𠏩,人,yí,2,0
𠏪,人,,0,0
𠏫,人,zhěng,3,0
𠏬,人,,0,0
𠏭,人,zòng,4,0
𠏮,人,duì,4,0
𠏯,人,,0,0
𠏰,人,zhǎi,3,0
𠏱,人,,0,0
𠏲,人,,0,0
𠏳,人,,0,0
𠏴,人,,0,0
𠏵,人,,0,0
𠏶,人,,0,0
𠏷,人,,0,0
𠏸,人,,0,0
𠏹,人,,0,0
𠏺,人,,0,0
𠏻,人,,0,0
𠏼,人,,0,0
𠏽,人,,0,0
𠏾,人,,0,0
𠏿,人,fěi,3,0
𠐀,人,yí,2,0
𠐁,人,méng,2,0
𠐂,人,,0,0
𠐃,人,,0,0
𠐄,人,,0,0
𠐅,人,,0,0
𠐆,人,,0,0
𠐇,人,,0,0
𠐈,人,biān,1,0
𠐉,人,jié,2,0
𠐊,人,shù,4,0
𠐋,人,liáo,2,0
𠐌,人,bǐ,3,0
𠐍,人,sú,2,0
𠐎,人,,0,0
𠐏,人,,0,0
𠐐,人,,0,0
𠐑,人,dì,4,0
𠐒,人,,0,0
𠐓,人,,0,0
𠐔,人,,0,0
𠐕,人,,0,0
𠐖,人,,0,0
𠐗,人,,0,0
𠐘,人,,0,0
𠐙,人,,0,0
𠐚,人,,0,0
𠐛,人,,0,0
𠐜,言,,0,0
𠐝,人,,0,0
𠐞,人,,0,0
𠐟,人,,0,0
𠐠,人,,0,0
𠐡,人,bèi,4,0
𠐢,人,wèn,4,0
𠐣,人,,0,0
𠐤,人,,0,0
𠐥,人,,0,0
𠐦,人,,0,0
𠐧,人,méng,2,0
𠐨,人,,0,0
𠐩,人,chǎn,3,0
𠐪,人,,0,0
𠐫,人,,0,0
𠐬,人,,0,0
𠐭,人,,0,0
𠐮,人,,0,0
𠐯,人,,0,0
𠐰,人,,0,0
𠐱,人,,0,0
𠐲,人,,0,0
𠐳,人,,0,0
𠐴,人,,0,0
𠐵,人,dǎo,3,0
𠐶,人,,0,0
𠐷,人,,0,0
𠐸,人,,0,0
𠐹,人,,0,0
𠐺,人,pín,2,0
𠐻,人,jiǎn,3,0
𠐼,人,lìn,4,0
𠐽,人,guì,4,0
𠐾,人,qī,1,0
𠐿,人,hōng,1,0
𠑀,人,,0,0
𠑁,人,,0,0
𠑂,爻,,0,0
𠑃,人,jí,2,0
𠑄,人,xiè,4,0
𠑅,人,zhēng,1,0
𠑆,人,chǎn,3,0
𠑇,人,,0,0
𠑈,人,,0,0
𠑉,人,,0,0
𠑊,人,,0,0
𠑋,人,,0,0
𠑌,人,,0,0
𠑍,人,,0,0
𠑎,人,,0,0
𠑏,人,,0,0
𠑐,人,yáo,2,0
𠑑,人,chǎn,3,0
𠑒,人,,0,0
𠑓,人,,0,0
𠑔,人,,0,0
𠑕,人,,0,0
𠑖,人,,0,0
𠑗,人,,0,0
𠑘,人,diān,1,0
𠑙,人,chòng,4,0
𠑚,人,néi,2,0
𠑛,人,néi,2,0
𠑜,人,,0,0
𠑝,人,,0,0
𠑞,人,zhài,4,0
𠑟,人,biān,1,0
𠑠,人,,0,0
𠑡,人,chǎn,3,0
𠑢,人,,0,0
𠑣,人,,0,0
𠑤,人,,0,0
𠑥,人,,0,0
𠑦,人,,0,0
𠑧,人,,0,0
𠑨,人,,0,0
𠑩,人,,0,0
𠑪,人,xiāo,1,0
𠑫,人,,0,0
𠑬,人,,0,0
𠑭,人,,0,0
𠑮,人,,0,0
𠑯,人,cù,4,0
𠑰,人,xīn,1,0
𠑱,曰,jǐng,3,0
𠑲,人,qiān,1,0
𠑳,人,,0,0
𠑴,虫,qīng,1,0
𠑵,人,,0,0
𠑶,儿,,0,0
𠑷,儿,,0,0
𠑸,儿,,0,0
𠑹,儿,gǔ,3,0
𠑺,儿,,0,0
𠑻,儿,,0,0
𠑼,儿,,0,0
𠑽,儿,,0,0
𠑾,儿,,0,0
𠑿,儿,,0,0
𠒀,儿,,0,0
𠒁,儿,,0,0
𠒂,儿,,0,0
𠒃,儿,,0,0
𠒄,儿,wù,4,0
𠒅,儿,,0,0
𠒆,儿,,0,0
𠒇,儿,,0,0
𠒈,儿,,0,0
𠒉,儿,,0,0
𠒊,儿,,0,0
𠒋,儿,,0,0
𠒌,儿,,0,0
𠒍,儿,,0,0
𠒎,儿,,0,0
𠒏,儿,,0,0
𠒐,儿,,0,0
𠒑,儿,,0,0
𠒒,儿,,0,0
𠒓,儿,,0,0
𠒔,儿,,0,0
𠒕,儿,,0,0
𠒖,儿,,0,0
𠒗,儿,,0,0
𠒘,儿,,0,0
𠒙,儿,,0,0
𠒚,儿,,0,0
𠒛,儿,,0,0
𠒜,儿,yuǎn,3,0
𠒝,儿,bǐng,3,0
𠒞,儿,,0,0
𠒟,儿,,0,0
𠒠,儿,,0,0
𠒡,儿,,0,0
𠒢,儿,wán,2,0
𠒣,儿,,0,0
𠒤,儿,,0,0
𠒥,儿,,0,0
𠒦,儿,,0,0
𠒧,儿,,0,0
𠒨,儿,,0,0
𠒩,儿,,0,0
𠒪,儿,,0,0
𠒫,儿,,0,0
𠒬,儿,,0,0
𠒭,儿,,0,0
𠒮,儿,,0,0
𠒯,儿,,0,0
𠒰,儿,niǎo,3,0
𠒱,儿,,0,0
𠒲,儿,,0,0
𠒳,儿,,0,0
𠒴,儿,,0,0
𠒵,儿,liàn,4,0
𠒶,儿,,0,0
𠒷,儿,,0,0
𠒸,儿,rǎo,3,0
𠒹,儿,,0,0
𠒺,儿,,0,0
𠒻,儿,,0,0
𠒼,儿,,0,0
𠒽,儿,,0,0
𠒾,儿,fàn,4,0
𠒿,儿,dí,2,0
𠓀,儿,,0,0
𠓁,儿,,0,0
𠓂,儿,,0,0
𠓃,儿,,0,0
𠓄,儿,,0,0
𠓅,儿,,0,0
𠓆,儿,,0,0
𠓇,儿,,0,0
𠓈,儿,,0,0
𠓉,儿,,0,0
𠓊,儿,huī,1,0
𠓋,儿,yì,4,0
𠓌,广,xián,2,0
𠓍,儿,,0,0
𠓎,儿,,0,0
𠓏,儿,,0,0
𠓐,儿,,0,0
𠓑,儿,,0,0
𠓒,儿,,0,0
𠓓,儿,,0,0
𠓔,儿,,0,0
𠓕,儿,,0,0
𠓖,儿,lán,2,0
𠓗,儿,fù,4,0
𠓘,儿,,0,0
𠓙,儿,xiòng,4,0
𠓚,儿,,0,0
𠓛,入,,0,0
𠓜,入,liǎng,3,0
𠓝,入,tāo,1,0
𠓞,入,jí,2,0
𠓟,入,,0,0
𠓠,入,,0,0
𠓡,入,,0,0
𠓢,入,jiè,4,0
𠓣,入,zhá,2,0
𠓤,入,shī,1,0
𠓥,入,,0,0
𠓦,入,,0,0
𠓧,入,,0,0
𠓨,入,,0,0
𠓩,入,,0,0
𠓪,入,qí,2,0
𠓫,入,biǎn,3,0
𠓬,入,,0,0
𠓭,入,lǎn,3,0
𠓮,入,lǐn,3,0
𠓯,入,,0,0
𠓰,入,,0,0
𠓱,入,,0,0
𠓲,入,,0,0
𠓳,入,,0,0
𠓴,入,,0,0
𠓵,入,,0,0
𠓶,入,zhì,4,0
𠓷,入,bì,4,0
𠓸,入,shèng,4,0
𠓹,入,,0,0
𠓺,入,,0,0
𠓻,入,,0,0
𠓼,入,,0,0
𠓽,入,shèng,4,0
𠓾,入,,0,0
𠓿,入,qín,2,0
𠔀,八,,0,0
𠔁,八,,0,0
𠔂,八,biāo,1,0
𠔃,八,xī,1,0
𠔄,八,,0,0
𠔅,八,,0,0
𠔆,八,,0,0
𠔇,辵,,0,0
𠔈,八,,0,0
𠔉,八,juàn,4,0
𠔊,八,,0,0
𠔋,八,jī,1,0
𠔌,八,,0,0
𠔍,八,xī,1,0
𠔎,八,qǐn,3,0
𠔏,八,,0,0
𠔐,八,,0,0
𠔑,八,hài,4,0
𠔒,八,,0,0
𠔓,八,,0,0
𠔔,八,,0,0
𠔕,八,lún,2,0
𠔖,八,,0,0
𠔗,八,,0,0
𠔘,弓,,0,0
𠔙,八,,0,0
𠔚,八,,0,0
𠔛,八,,0,0
𠔜,八,,0,0
𠔝,八,,0,0
𠔞,八,,0,0
𠔟,八,,0,0
𠔠,八,yuè,4,0
𠔡,八,,0,0
𠔢,八,,0,0
𠔣,八,,0,0
𠔤,八,,0,0
𠔥,八,,0,0
𠔦,八,,0,0
𠔧,八,,0,0
𠔨,八,lián,2,0
𠔩,八,,0,0
𠔪,八,,0,0
𠔫,八,,0,0
𠔬,八,,0,0
𠔭,八,,0,0
𠔮,八,,0,0
𠔯,八,bān,1,0
𠔰,八,,0,0
𠔱,八,,0,0
𠔲,厶,héng,2,0
𠔳,八,,0,0
𠔴,八,,0,0
𠔵,八,,0,0
𠔶,八,qī,1,0
𠔷,八,,0,0
𠔸,八,,0,0
𠔹,八,,0,0
𠔺,八,qiān,1,0
𠔻,臼,zhèng,4,0
𠔼,冂,mǎo,3,0
𠔽,冂,,0,0
𠔾,冂,,0,0
𠔿,冂,,0,0
𠕀,冂,,0,0
𠕁,冂,cóng,2,0
𠕂,冂,,0,0
𠕃,冂,,0,0
𠕄,冂,nà,4,0
𠕅,冂,,0,0
𠕆,冂,,0,0
𠕇,冂,,0,0
𠕈,冂,,0,0
𠕉,冂,,0,0
𠕊,冂,tǐng,3,0
𠕋,冂,,0,0
𠕌,冂,zōng,1,0
𠕍,冂,,0,0
𠕎,冂,,0,0
𠕏,冂,,0,0
𠕐,冂,,0,0
𠕑,冂,,0,0
𠕒,冂,,0,0
𠕓,冂,,0,0
𠕔,冂,,0,0
𠕕,冂,jiōng,1,0
𠕖,冂,zhǎo,3,0
𠕗,冂,,0,0
𠕘,冂,,0,0
𠕙,冂,,0,0
𠕚,冂,,0,0
𠕛,冂,,0,0
𠕜,冂,,0,0
𠕝,冂,,0,0
𠕞,冂,,0,0
𠕟,冂,niǎn,3,0
𠕠,冂,chéng,2,0
𠕡,冂,,0,0
𠕢,冂,,0,0
𠕣,冂,qià,4,0
𠕤,冂,,0,0
𠕥,冂,,0,0
𠕦,冂,yù,4,0
𠕧,冂,jiǎo,3,0
𠕨,冂,,0,0
𠕩,冂,,0,0
𠕪,冂,,0,0
𠕫,心,,0,0
𠕬,冂,,0,0
𠕭,冂,zhào,4,0
𠕮,冂,,0,0
𠕯,冂,,0,0
𠕰,冂,,0,0
𠕱,冂,,0,0
𠕲,冂,,0,0
𠕳,冖,dí,2,0
𠕴,冖,jiū,1,0
𠕵,冖,,0,0
𠕶,冖,,0,0
𠕷,冖,,0,0
𠕸,冖,suǐ,3,0
𠕹,冖,,0,0
𠕺,冖,,0,0
𠕻,冖,yāo,1,0
𠕼,冖,,0,0
𠕽,冖,,0,0
𠕾,冖,,0,0
𠕿,冖,wāng,1,0
𠖀,冖,,0,0
𠖁,冖,,0,0
𠖂,冖,liáo,2,0
𠖃,冖,,0,0
𠖄,冖,tóng,2,0
𠖅,冖,,0,0
𠖆,冖,mèng,4,0
𠖇,冖,,0,0
𠖈,冖,,0,0
𠖉,冖,,0,0
𠖊,冖,,0,0
𠖋,冖,yǒu,3,0
𠖌,冖,,0,0
𠖍,冖,,0,0
𠖎,冖,,0,0
𠖏,冖,,0,0
𠖐,冖,,0,0
𠖑,冖,,0,0
𠖒,冖,,0,0
𠖓,冖,sī,1,0
𠖔,冖,,0,0
𠖕,冖,,0,0
𠖖,冖,,0,0
𠖗,冖,,0,0
𠖘,冖,,0,0
𠖙,冖,,0,0
𠖚,冖,,0,0
𠖛,冖,lòu,4,0
𠖜,冖,,0,0
𠖝,冖,,0,0
𠖞,冖,,0,0
𠖟,示,yīn,1,0
𠖠,冖,,0,0
𠖡,冖,,0,0
𠖢,冖,,0,0
𠖣,冖,,0,0
𠖤,冖,,0,0
𠖥,冖,chǒng,3,0
𠖦,冖,,0,0
𠖧,冖,,0,0
𠖨,冖,,0,0
𠖩,冖,,0,0
𠖪,冖,,0,0
𠖫,冖,gǎn,3,0
𠖬,冫,jiū,1,0
𠖭,冫,,0,0
𠖮,冫,,0,0
𠖯,冫,,0,0
𠖰,冫,,0,0
𠖱,冫,,0,0
𠖲,冫,,0,0
𠖳,冫,,0,0
𠖴,冫,,0,0
𠖵,冫,,0,0
𠖶,冫,qìn,4,0
𠖷,冫,jiǒng,3,0
𠖸,冫,,0,0
𠖹,冫,xié,2,0
𠖺,冫,,0,0
𠖻,冫,,0,0
𠖼,冫,,0,0
𠖽,冫,,0,0
𠖾,冫,,0,0
𠖿,冫,,0,0
𠗀,冫,,0,0
𠗁,冫,,0,0
𠗂,冫,hè,4,0
𠗃,冫,,0,0
𠗄,冫,,0,0
𠗅,冫,,0,0
𠗆,冫,tāo,1,0
𠗇,冫,,0,0
𠗈,冫,qiú,2,0
𠗉,冫,xié,2,0
𠗊,冫,jìng,4,0
𠗋,冫,niǎn,3,0
𠗌,冫,jìng,4,0
𠗍,冫,,0,0
𠗎,冫,,0,0
𠗏,冫,jí,2,0
𠗐,冫,,0,0
𠗑,冫,,0,0
𠗒,冫,,0,0
𠗓,冫,,0,0
𠗔,冫,,0,0
𠗕,冫,,0,0
𠗖,冫,,0,0
𠗗,冫,,0,0
𠗘,冫,tiǎn,3,0
𠗙,冫,,0,0
𠗚,冫,cuì,4,0
𠗛,冫,dié,2,0
𠗜,冫,,0,0
𠗝,冫,qǐng,3,0
𠗞,冫,,0,0
𠗟,冫,,0,0
𠗠,冫,,0,0
𠗡,冫,,0,0
𠗢,冫,,0,0
𠗣,冫,,0,0
𠗤,冫,,0,0
𠗥,冫,pìng,4,0
𠗦,冫,píng,2,0
𠗧,冫,,0,0
𠗨,冫,dié,2,0
𠗩,冫,lòu,4,0
𠗪,冫,,0,0
𠗫,冫,,0,0
𠗬,冫,,0,0
𠗭,冫,,0,0
𠗮,冫,,0,0
𠗯,冫,,0,0
𠗰,冫,,0,0
𠗱,冫,,0,0
𠗲,冫,,0,0
𠗳,冫,liǎn,3,0
𠗴,冫,hán,2,0
𠗵,冫,pāng,1,0
𠗶,冫,táng,2,0
𠗷,冫,,0,0
𠗸,冫,,0,0
𠗹,冫,,0,0
𠗺,冫,yí,2,0
𠗻,冫,xuán,2,0
𠗼,冫,suò,4,0
𠗽,冫,liú,2,0
𠗾,冫,shuǎng,3,0
𠗿,冫,shèn,4,0
𠘀,冫,,0,0
𠘁,冫,bù,4,0
𠘂,冫,sōu,1,0
𠘃,冫,,0,0
𠘄,冫,,0,0
𠘅,冫,qín,2,0
𠘆,冫,shěn,3,0
𠘇,冫,,0,0
𠘈,冫,,0,0
𠘉,冫,,0,0
𠘊,冫,nòng,4,0
𠘋,冫,tǐng,3,0
𠘌,冫,jiāng,1,0
𠘍,冫,,0,0
𠘎,冫,,0,0
𠘏,冫,,0,0
𠘐,冫,,0,0
𠘑,冫,,0,0
𠘒,冫,,0,0
𠘓,冫,,0,0
𠘔,冫,,0,0
𠘕,冫,xī,1,0
𠘖,冫,zhì,4,0
𠘗,冫,,0,0
𠘘,冫,,0,0
𠘙,冫,,0,0
𠘚,冫,,0,0
𠘛,冫,,0,0
𠘜,冫,,0,0
𠘝,冫,lài,4,0
𠘞,冫,lì,4,0
𠘟,冫,lì,4,0
𠘠,冫,,0,0
𠘡,冫,,0,0
𠘢,冫,hé,2,0
𠘣,冫,jiào,4,0
𠘤,冫,,0,0
𠘥,冫,yán,2,0
𠘦,冫,,0,0
𠘧,几,shū,1,0
𠘨,几,,0,0
𠘩,几,,0,0
𠘪,几,shǐ,3,0
𠘫,几,,0,0
𠘬,几,,0,0
𠘭,几,,0,0
𠘮,几,,0,0
𠘯,几,,0,0
𠘰,几,,0,0
𠘱,几,zhěn,3,0
𠘲,几,,0,0
𠘳,几,yōu,1,0
𠘴,几,,0,0
𠘵,几,,0,0
𠘶,几,,0,0
𠘷,几,,0,0
𠘸,几,,0,0
𠘹,几,,0,0
𠘺,几,suò,4,0
𠘻,几,wú,2,0
𠘼,几,,0,0
𠘽,几,,0,0
𠘾,几,,0,0
𠘿,几,,0,0
𠙀,几,,0,0
𠙁,几,cháng,2,0
𠙂,几,cóng,2,0
𠙃,几,,0,0
𠙄,几,,0,0
𠙅,几,,0,0
𠙆,几,jù,4,0
𠙇,几,,0,0
𠙈,几,,0,0
𠙉,几,,0,0
𠙊,几,,0,0
𠙋,几,,0,0
𠙌,几,,0,0
𠙍,几,,0,0
𠙎,几,shū,1,0
𠙏,几,,0,0
𠙐,几,,0,0
𠙑,几,,0,0
𠙒,几,,0,0
𠙓,几,,0,0
𠙔,几,jiù,4,0
𠙕,几,wéi,2,0
𠙖,几,,0,0
𠙗,巛,,0,0
𠙘,几,,0,0
𠙙,几,,0,0
𠙚,夂,,0,0
𠙛,几,,0,0
𠙜,几,,0,0
𠙝,几,,0,0
𠙞,几,huò,4,0
𠙟,几,,0,0
𠙠,几,,0,0
𠙡,几,,0,0
𠙢,几,,0,0
𠙣,几,,0,0
𠙤,几,jiē,1,0
𠙥,几,,0,0
𠙦,几,,0,0
𠙧,几,,0,0
𠙨,几,,0,0
𠙩,几,,0,0
𠙪,几,,0,0
𠙫,几,,0,0
𠙬,風,zǎo,3,0
𠙭,几,,0,0
𠙮,几,,0,0
𠙯,几,,0,0
𠙰,几,,0,0
𠙱,几,,0,0
𠙲,几,,0,0
𠙳,几,,0,0
𠙴,凵,,0,0
𠙵,凵,,0,0
𠙶,凵,ǒu,3,0
𠙷,凵,,0,0
𠙸,凵,,0,0
𠙹,凵,,0,0
𠙺,凵,,0,0
𠙻,凵,,0,0
𠙼,口,guǎ,3,0
𠙽,凵,,0,0
𠙾,凵,,0,0
𠙿,凵,,0,0
𠚀,凵,,0,0
𠚁,凵,,0,0
𠚂,凵,,0,0
𠚃,凵,háo,2,0
𠚄,凵,lǐ,3,0
𠚅,凵,zhì,4,0
𠚆,凵,xiàn,4,0
𠚇,凵,,0,0
𠚈,凵,,0,0
𠚉,凵,bū,1,0
𠚊,凵,chàng,4,0
𠚋,凵,,0,0
𠚌,凵,,0,0
𠚍,凵,,0,0
𠚎,凵,,0,0
𠚏,凵,,0,0
𠚐,凵,,0,0
𠚑,面,,0,0
𠚒,凵,,0,0
𠚓,凵,yūn,1,0
𠚔,凵,hé,2,0
𠚕,凵,,0,0
𠚖,凵,,0,0
𠚗,凵,,0,0
𠚘,凵,,0,0
𠚙,凵,,0,0
𠚚,凵,,0,0
𠚛,土,,0,0
𠚜,凵,tāo,1,0
𠚝,凵,,0,0
𠚞,凵,,0,0
𠚟,凵,,0,0
𠚠,凵,biāo,1,0
𠚡,凵,,0,0
𠚢,凵,,0,0
𠚣,刀,,0,0
𠚤,刀,,0,0
𠚥,刀,diāo,1,0
𠚦,刀,,0,0
𠚧,刀,èr,4,0
𠚨,刀,jiū,1,0
𠚩,刀,,0,0
𠚪,刀,,0,0
𠚫,刀,,0,0
𠚬,刀,,0,0
𠚭,刀,dì,4,0
𠚮,刀,yì,4,0
𠚯,刀,kūn,1,0
𠚰,刀,,0,0
𠚱,刀,zhé,2,0
𠚲,刀,,0,0
𠚳,刀,kuò,4,0
𠚴,刀,zhōu,1,0
𠚵,刀,jù,4,0
𠚶,刀,,0,0
𠚷,刀,,0,0
𠚸,刀,,0,0
𠚹,刀,shàn,4,0
𠚺,刀,shà,4,0
𠚻,刀,diāo,1,0
𠚼,刀,bān,1,0
𠚽,刀,jī,1,0
𠚾,刀,,0,0
𠚿,刀,,0,0
𠛀,刀,zhōng,1,0
𠛁,刀,,0,0
𠛂,刀,,0,0
𠛃,刀,yí,2,0
𠛄,刀,,0,0
𠛅,刀,kōu,1,0
𠛆,刀,wū,1,0
𠛇,刀,,0,0
𠛈,刀,,0,0
𠛉,刀,,0,0
𠛊,刀,gē,1,0
𠛋,刀,bā,1,0
𠛌,刀,,0,0
𠛍,刀,,0,0
𠛎,刀,gōu,1,0
𠛏,刀,,0,0
𠛐,刀,,0,0
𠛑,刀,xián,2,0
𠛒,刀,guā,1,0
𠛓,刀,liǔ,3,0
𠛔,刀,chǐ,3,0
𠛕,刀,guāi,1,0
𠛖,刀,chuān,1,0
𠛗,刀,,0,0
𠛘,刀,lí,2,0
𠛙,刀,cù,4,0
𠛚,刀,shuā,1,0
𠛛,刀,,0,0
𠛜,刀,,0,0
𠛝,刀,,0,0
𠛞,刀,,0,0
𠛟,刀,,0,0
𠛠,刀,,0,0
𠛡,刀,bǐ,3,0
𠛢,刀,,0,0
𠛣,刀,,0,0
𠛤,刀,,0,0
𠛥,刀,bǐng,3,0
𠛦,刀,lì,4,0
𠛧,刀,,0,0
𠛨,刀,,0,0
𠛩,刀,jiǔ,3,0
𠛪,刀,tiāo,1,0
𠛫,刀,duǒ,3,0
𠛬,刀,,0,0
𠛭,刀,yān,1,0
𠛮,刀,quān,1,0
𠛯,刀,,0,0
𠛰,刀,,0,0
𠛱,刀,liè,4,0
𠛲,刀,,0,0
𠛳,刀,kè,4,0
𠛴,刀,,0,0
𠛵,刀,gēn,1,0
𠛶,刀,zhēn,1,0
𠛷,刀,,0,0
𠛸,刀,fén,2,0
𠛹,刀,,0,0
𠛺,刀,,0,0
𠛻,刀,,0,0
𠛼,刀,,0,0
𠛽,刀,,0,0
𠛾,刀,,0,0
𠛿,刀,,0,0
𠜀,刀,,0,0
𠜁,刀,yí,2,0
𠜂,刀,,0,0
𠜃,刀,jiù,4,0
𠜄,刀,xù,4,0
𠜅,刀,jiǎo,3,0
𠜆,刀,,0,0
𠜇,刀,,0,0
𠜈,刀,lǜ,4,0
𠜉,刀,jiǔ,3,0
𠜊,刀,,0,0
𠜋,刀,chǒu,3,0
𠜌,刀,,0,0
𠜍,刀,,0,0
𠜎,刀,xiàn,4,0
𠜏,刀,,0,0
𠜐,刀,kuài,4,0
𠜑,刀,duì,4,0
𠜒,刀,,0,0
𠜓,刀,,0,0
𠜔,刀,,0,0
𠜕,刀,,0,0
𠜖,刀,luō,1,0
𠜗,刀,xī,1,0
𠜘,刀,qìn,4,0
𠜙,刀,bù,4,0
𠜚,刀,,0,0
𠜛,刀,,0,0
𠜜,刀,,0,0
𠜝,刀,,0,0
𠜞,刀,,0,0
𠜟,刀,,0,0
𠜠,刀,,0,0
𠜡,刀,,0,0
𠜢,刀,,0,0
𠜣,刀,,0,0
𠜤,刀,qià,4,0
𠜥,刀,,0,0
𠜦,刀,,0,0
𠜧,刀,,0,0
𠜨,刀,,0,0
𠜩,刀,,0,0
𠜪,刀,,0,0
𠜫,刀,,0,0
𠜬,刀,,0,0
𠜭,刀,,0,0
𠜮,刀,,0,0
𠜯,刀,,0,0
𠜰,刀,,0,0
𠜱,刀,pī,1,0
𠜲,刀,yā,1,0
𠜳,刀,bēng,1,0
𠜴,刀,guǒ,3,0
𠜵,刀,guā,1,0
𠜶,刀,,0,0
𠜷,刀,,0,0
𠜸,刀,,0,0
𠜹,刀,jú,2,0
𠜺,刀,,0,0
𠜻,刀,,0,0
𠜼,刀,qiā,1,0
𠜽,刀,,0,0
𠜾,刀,jué,2,0
𠜿,刀,,0,0
𠝀,刀,,0,0
𠝁,刀,,0,0
𠝂,刀,,0,0
𠝃,刀,,0,0
𠝄,刀,lì,4,0
𠝅,刀,,0,0
𠝆,刀,,0,0
𠝇,刀,,0,0
𠝈,刀,,0,0
𠝉,刀,,0,0
𠝊,刀,,0,0
𠝋,刀,,0,0
𠝌,刀,,0,0
𠝍,刀,,0,0
𠝎,刀,,0,0
𠝏,刀,,0,0
𠝐,刀,huā,1,0
𠝑,刀,jiāo,1,0
𠝒,刀,,0,0
𠝓,刀,,0,0
𠝔,刀,,0,0
𠝕,刀,,0,0
𠝖,刀,,0,0
𠝗,刀,,0,0
𠝘,刀,qià,4,0
𠝙,刀,,0,0
𠝚,刀,zhá,2,0
𠝛,刀,qiā,1,0
𠝜,刀,,0,0
𠝝,刀,zhé,2,0
𠝞,刀,chā,1,0
𠝟,刀,yǐng,3,0
𠝠,刀,,0,0
𠝡,刀,,0,0
𠝢,刀,yān,1,0
𠝣,刀,,0,0
𠝤,刀,chōng,1,0
𠝥,刀,,0,0
𠝦,刀,,0,0
𠝧,刀,,0,0
𠝨,刀,chǐ,3,0
𠝩,刀,,0,0
𠝪,刀,wān,1,0
𠝫,刀,,0,0
𠝬,刀,sōu,1,0
𠝭,刀,,0,0
𠝮,刀,,0,0
𠝯,刀,,0,0
𠝰,刀,,0,0
𠝱,刀,,0,0
𠝲,刀,kǎn,3,0
𠝳,刀,yuán,2,0
𠝴,刀,,0,0
𠝵,刀,,0,0
𠝶,刀,,0,0
𠝷,刀,,0,0
𠝸,刀,,0,0
𠝹,刀,,0,0
𠝺,刀,,0,0
𠝻,刀,,0,0
𠝼,刀,,0,0
𠝽,刀,chóu,2,0
𠝾,刀,,0,0
𠝿,刀,suǒ,3,0
𠞀,刀,tū,1,0
𠞁,刀,,0,0
𠞂,刀,,0,0
𠞃,刀,zhé,2,0
𠞄,刀,tī,1,0
𠞅,刀,,0,0
𠞆,刀,wū,1,0
𠞇,刀,,0,0
𠞈,刀,dā,1,0
𠞉,刀,lì,4,0
𠞊,刀,chā,1,0
𠞋,刀,,0,0
𠞌,刀,,0,0
𠞍,刀,,0,0
𠞎,刀,,0,0
𠞏,刀,,0,0
𠞐,刀,,0,0
𠞑,刀,,0,0
𠞒,刀,,0,0
𠞓,刀,,0,0
𠞔,刀,,0,0
𠞕,刀,róng,2,0
𠞖,刀,gòng,4,0
𠞗,刀,què,4,0
𠞘,刀,,0,0
𠞙,刀,lí,2,0
𠞚,刀,,0,0
𠞛,刀,,0,0
𠞜,禾,,0,0
𠞝,刀,,0,0
𠞞,刀,tāo,1,0
𠞟,刀,,0,0
𠞠,刀,,0,0
𠞡,刀,,0,0
𠞢,刀,,0,0
𠞣,刀,,0,0
𠞤,刀,lì,4,0
𠞥,刀,,0,0
𠞦,刀,,0,0
𠞧,刀,mí,2,0
𠞨,刀,,0,0
𠞩,刀,chì,4,0
𠞪,刀,,0,0
𠞫,刀,,0,0
𠞬,刀,gùn,4,0
𠞭,刀,lóu,2,0
𠞮,刀,chuǎng,3,0
𠞯,刀,suǒ,3,0
𠞰,刀,jiǎo,3,0
𠞱,刀,jìn,4,0
𠞲,刀,,0,0
𠞳,刀,,0,0
𠞴,刀,,0,0
𠞵,刀,fá,2,0
𠞶,刀,zhāi,1,0
𠞷,刀,,0,0
𠞸,刀,,0,0
𠞹,刀,,0,0
𠞺,刀,,0,0
𠞻,刀,,0,0
𠞼,刀,,0,0
𠞽,刀,,0,0
𠞾,刀,jìn,4,0
𠞿,刀,cuì,4,0
𠟀,刀,,0,0
𠟁,刀,,0,0
𠟂,刀,cèng,4,0
𠟃,刀,zǔn,3,0
𠟄,刀,,0,0
𠟅,刀,zhào,4,0
𠟆,刀,,0,0
𠟇,刀,,0,0
𠟈,刀,piē,1,0
𠟉,刀,zhǎn,3,0
𠟊,刀,xī,1,0
𠟋,刀,yào,4,0
𠟌,刀,fǔ,3,0
𠟍,刀,chōng,1,0
𠟎,刀,,0,0
𠟏,刀,,0,0
𠟐,刀,,0,0
𠟑,刀,,0,0
𠟒,刀,,0,0
𠟓,刀,cuì,4,0
𠟔,刀,,0,0
𠟕,刀,,0,0
𠟖,刀,,0,0
𠟗,刀,guā,1,0
𠟘,刀,,0,0
𠟙,刀,,0,0
𠟚,刀,,0,0
𠟛,刀,,0,0
𠟜,刀,,0,0
𠟝,刀,,0,0
𠟞,刀,,0,0
𠟟,刀,,0,0
𠟠,刀,,0,0
𠟡,刀,,0,0
𠟢,刀,,0,0
𠟣,刀,jī,1,0
𠟤,刀,,0,0
𠟥,刀,,0,0
𠟦,刀,sè,4,0
𠟧,刀,zhān,1,0
𠟨,刀,lìng,4,0
𠟩,刀,sè,4,0
𠟪,刀,yè,4,0
𠟫,刀,,0,0
𠟬,刀,,0,0
𠟭,刀,,0,0
𠟮,刀,,0,0
𠟯,刀,,0,0
𠟰,刀,jū,1,0
𠟱,刀,,0,0
𠟲,刀,,0,0
𠟳,刀,,0,0
𠟴,刀,,0,0
𠟵,刀,,0,0
𠟶,刀,tū,1,0
𠟷,刀,,0,0
𠟸,刀,,0,0
𠟹,刀,,0,0
𠟺,刀,rú,2,0
𠟻,刀,zé,2,0
𠟼,刀,huán,2,0
𠟽,刀,,0,0
𠟾,刀,,0,0
𠟿,刀,,0,0
𠠀,刀,,0,0
𠠁,刀,xiǎn,3,0
𠠂,刀,,0,0
𠠃,刀,qiān,1,0
𠠄,刀,zhào,4,0
𠠅,刀,,0,0
𠠆,刀,,0,0
𠠇,刀,,0,0
𠠈,刀,,0,0
𠠉,刀,,0,0
𠠊,刀,,0,0
𠠋,貝,cán,2,0
𠠌,刀,,0,0
𠠍,刀,,0,0
𠠎,刀,kuò,4,0
𠠏,刀,lì,4,0
𠠐,刀,róu,2,0
𠠑,刀,,0,0
𠠒,刀,,0,0
𠠓,刀,,0,0
𠠔,刀,dú,2,0
𠠕,刀,,0,0
𠠖,刀,,0,0
𠠗,刀,liè,4,0
𠠘,刀,,0,0
𠠙,刀,,0,0
𠠚,刀,,0,0
𠠛,刀,,0,0
𠠜,刀,yīng,1,0
𠠝,刀,lì,4,0
𠠞,刀,,0,0
𠠟,刀,,0,0
𠠠,刀,dú,2,0
𠠡,刀,,0,0
𠠢,刀,líng,2,0
𠠣,刀,,0,0
𠠤,刀,,0,0
𠠥,刀,,0,0
𠠦,刀,,0,0
𠠧,刀,,0,0
𠠨,刀,,0,0
𠠩,刀,,0,0
𠠪,刀,wān,1,0
𠠫,刀,,0,0
𠠬,刀,,0,0
𠠭,刀,,0,0
𠠮,刀,,0,0
𠠯,刀,dié,2,0
𠠰,刀,,0,0
𠠱,刀,,0,0
𠠲,力,,0,0
𠠳,力,jiū,1,0
𠠴,力,,0,0
𠠵,力,lì,4,0
𠠶,力,kū,1,0
𠠷,力,kēng,1,0
𠠸,力,,0,0
𠠹,力,zhěn,3,0
𠠺,力,,0,0
𠠻,力,,0,0
𠠼,力,,0,0
𠠽,力,,0,0
𠠾,力,,0,0
𠠿,力,,0,0
𠡀,力,hè,4,0
𠡁,力,,0,0
𠡂,力,bì,4,0
𠡃,力,,0,0
𠡄,力,pī,1,0
𠡅,力,,0,0
𠡆,力,,0,0
𠡇,力,,0,0
𠡈,力,,0,0
𠡉,力,,0,0
𠡊,力,hāng,1,0
𠡋,力,,0,0
𠡌,力,,0,0
𠡍,力,,0,0
𠡎,力,,0,0
𠡏,力,,0,0
𠡐,力,,0,0
𠡑,力,zhuó,2,0
𠡒,力,duǐ,3,0
𠡓,力,,0,0
𠡔,力,yì,4,0
𠡕,力,,0,0
𠡖,力,,0,0
𠡗,力,,0,0
𠡘,力,,0,0
𠡙,力,,0,0
𠡚,力,,0,0
𠡛,力,,0,0
𠡜,力,kè,4,0
𠡝,力,yì,4,0
𠡞,力,mò,4,0
𠡟,力,,0,0
𠡠,力,chì,4,0
𠡡,力,cán,2,0
𠡣,力,gěng,3,0
𠡤,力,kè,4,0
𠡥,力,shì,4,0
𠡦,力,,0,0
𠡧,力,,0,0
𠡨,力,,0,0
𠡩,力,,0,0
𠡪,力,,0,0
𠡫,力,,0,0
𠡬,力,,0,0
𠡭,力,líng,2,0
𠡮,力,bēng,1,0
𠡯,力,,0,0
𠡰,力,,0,0
𠡱,力,duàn,4,0
𠡲,力,,0,0
𠡳,力,,0,0
𠡴,力,,0,0
𠡵,力,,0,0
𠡶,力,juān,1,0
𠡷,力,nǎo,3,0
𠡸,力,zǐ,3,0
𠡹,力,,0,0
𠡺,力,,0,0
𠡻,力,zòng,4,0
𠡼,力,,0,0
𠡽,力,,0,0
𠡾,力,,0,0
𠡿,力,,0,0
𠢀,力,,0,0
𠢁,力,,0,0
𠢂,力,,0,0
𠢃,力,táng,2,0
𠢄,力,,0,0
𠢅,力,,0,0
𠢆,力,xiá,2,0
𠢇,力,hàn,4,0
𠢈,力,,0,0
𠢉,力,,0,0
𠢊,力,,0,0
𠢋,力,,0,0
𠢌,力,lüè,4,0
𠢍,力,qián,2,0
𠢎,力,,0,0
𠢏,力,,0,0
𠢐,力,,0,0
𠢑,力,,0,0
𠢒,力,,0,0
𠢓,力,mò,4,0
𠢔,力,ōu,1,0
𠢕,力,háo,2,0
𠢖,力,,0,0
𠢗,力,,0,0
𠢘,力,,0,0
𠢙,力,zhá,2,0
𠢚,力,juàn,4,0
𠢛,力,cóng,2,0
𠢜,力,,0,0
𠢝,力,,0,0
𠢞,力,,0,0
𠢟,力,,0,0
𠢠,力,lì,4,0
𠢡,力,zhá,2,0
𠢢,力,yǒu,3,0
𠢣,力,diàn,4,0
𠢤,力,jué,2,0
𠢥,力,bèi,4,0
𠢦,力,,0,0
𠢧,力,,0,0
𠢨,力,,0,0
𠢩,力,yǎo,3,0
𠢪,力,piē,1,0
𠢫,力,,0,0
𠢬,力,,0,0
𠢭,力,,0,0
𠢮,力,,0,0
𠢯,力,,0,0
𠢰,力,,0,0
𠢱,力,jìn,4,0
𠢲,力,kǎi,3,0
𠢳,力,sè,4,0
𠢴,力,yǎng,3,0
𠢵,力,jìn,4,0
𠢶,力,,0,0
𠢷,力,,0,0
𠢸,力,,0,0
𠢹,力,kè,4,0
𠢺,力,,0,0
𠢻,力,,0,0
𠢼,力,,0,0
𠢽,力,,0,0
𠢾,力,,0,0
𠢿,力,,0,0
𠣀,力,,0,0
𠣁,力,,0,0
𠣂,力,,0,0
𠣃,力,,0,0
𠣄,力,chān,1,0
𠣅,力,,0,0
𠣆,力,,0,0
𠣇,力,niǎn,3,0
𠣈,力,,0,0
𠣉,力,wàn,4,0
𠣊,力,lǜ,4,0
𠣋,力,,0,0
𠣌,勹,,0,0
𠣍,勹,,0,0
𠣎,勹,,0,0
𠣏,勹,,0,0
𠣐,勹,yún,2,0
𠣑,勹,yāo,1,0
𠣒,勹,bāo,1,0
𠣓,勹,,0,0
𠣔,勹,,0,0
𠣕,勹,jūn,1,0
𠣖,勹,xuán,2,0
𠣗,勹,,0,0
𠣘,勹,zhōu,1,0
𠣙,勹,,0,0
𠣚,勹,,0,0
𠣛,勹,,0,0
𠣜,勹,,0,0
𠣝,勹,,0,0
𠣞,勹,,0,0
𠣟,勹,,0,0
𠣠,勹,kuì,4,0
𠣡,勹,,0,0
𠣢,勹,,0,0
𠣣,勹,,0,0
𠣤,勹,,0,0
𠣥,勹,,0,0
𠣦,勹,,0,0
𠣧,勹,,0,0
𠣨,勹,,0,0
𠣩,勹,,0,0
𠣪,勹,qú,2,0
𠣫,勹,shào,4,0
𠣬,勹,sǔn,3,0
𠣭,勹,,0,0
𠣮,勹,,0,0
𠣯,勹,,0,0
𠣰,勹,dū,1,0
𠣱,勹,,0,0
𠣲,勹,kuǎi,3,0
𠣳,勹,pào,4,0
𠣴,勹,,0,0
𠣵,勹,,0,0
𠣶,勹,,0,0
𠣷,勹,,0,0
𠣸,勹,,0,0
𠣹,勹,,0,0
𠣺,勹,bào,4,0
𠣻,勹,,0,0
𠣼,勹,,0,0
𠣽,勹,,0,0
𠣾,勹,fù,4,0
𠣿,勹,jiù,4,0
𠤀,勹,rán,2,0
𠤁,勹,,0,0
𠤂,勹,,0,0
𠤃,勹,,0,0
𠤄,勹,jū,1,0
𠤅,勹,,0,0
𠤆,勹,,0,0
𠤇,勹,,0,0
𠤈,勹,,0,0
𠤉,勹,,0,0
𠤊,勹,qióng,2,0
𠤋,勹,,0,0
𠤌,勹,,0,0
𠤍,勹,zhōu,1,0
𠤎,匕,huà,4,0
𠤏,匕,bǎo,3,0
𠤐,匕,,0,0
𠤑,匕,,0,0
𠤒,匕,,0,0
𠤓,匕,,0,0
𠤔,匕,,0,0
𠤕,匕,yí,2,0
𠤖,匕,,0,0
𠤗,匕,yí,2,0
𠤘,匕,yí,2,0
𠤙,匕,,0,0
𠤚,匕,,0,0
𠤛,匕,,0,0
𠤜,匕,,0,0
𠤝,匕,mào,4,0
𠤞,匕,,0,0
𠤟,匕,,0,0
𠤠,匕,,0,0
𠤡,匕,,0,0
𠤢,一,,0,0
𠤣,匕,,0,0
𠤤,匕,,0,0
𠤥,匕,,0,0
𠤦,匕,ruǎn,3,0
𠤧,匕,,0,0
𠤨,匕,,0,0
𠤩,匕,,0,0
𠤪,匕,,0,0
𠤫,臼,cí,2,0
𠤬,匚,,0,0
𠤭,匚,,0,0
𠤮,匚,hán,2,0
𠤯,匚,,0,0
𠤰,匚,cóng,2,0
𠤱,匚,,0,0
𠤲,匸,,0,0
𠤳,匚,,0,0
𠤴,匚,xì,4,0
𠤵,匚,,0,0
𠤶,匚,,0,0
𠤷,匚,,0,0
𠤸,匚,,0,0
𠤹,匚,quán,2,0
𠤺,匚,tiáo,2,0
𠤻,匚,,0,0
𠤼,匚,diào,4,0
𠤽,匚,,0,0
𠤾,匚,hán,2,0
𠤿,匚,,0,0
𠥀,匚,,0,0
𠥁,匚,,0,0
𠥂,匚,,0,0
𠥃,匸,,0,0
𠥄,匚,,0,0
𠥅,匚,,0,0
𠥆,匚,,0,0
𠥇,匚,yě,3,0
𠥈,匚,,0,0
𠥉,匚,,0,0
𠥊,匚,,0,0
𠥋,匚,,0,0
𠥌,匚,,0,0
𠥍,匚,ē,1,0
𠥎,匚,wéi,2,0
𠥏,匚,,0,0
𠥐,匚,cāng,1,0
𠥑,匚,diào,4,0
𠥒,匚,,0,0
𠥓,匚,,0,0
𠥔,匚,,0,0
𠥕,匚,è,4,0
𠥖,匚,dì,4,0
𠥗,匚,,0,0
𠥘,匚,suǎn,3,0
𠥙,匚,quán,2,0
𠥚,匚,,0,0
𠥛,匚,,0,0
𠥜,匚,è,4,0
𠥝,匚,ōu,1,0
𠥞,匚,xuán,2,0
𠥟,匚,,0,0
𠥠,匚,,0,0
𠥡,匚,,0,0
𠥢,匚,wǔ,3,0
𠥣,匚,,0,0
𠥤,匚,,0,0
𠥥,匚,,0,0
𠥦,匚,yì,4,0
𠥧,匚,,0,0
𠥨,匚,móu,2,0
𠥩,匚,,0,0
𠥪,匚,,0,0
𠥫,匚,,0,0
𠥬,匚,,0,0
𠥭,匸,,0,0
𠥮,匸,,0,0
𠥯,匸,,0,0
𠥰,匸,hū,1,0
𠥱,匸,,0,0
𠥲,匸,,0,0
𠥳,匸,,0,0
𠥴,匸,hán,2,0
𠥵,匸,,0,0
𠥶,匸,,0,0
𠥷,匸,,0,0
𠥸,匸,,0,0
𠥹,匸,,0,0
𠥺,匸,,0,0
𠥻,十,,0,0
𠥼,十,,0,0
𠥽,十,,0,0
𠥾,十,,0,0
𠥿,十,shí,2,0
𠦀,十,,0,0
𠦁,十,,0,0
𠦂,十,,0,0
𠦃,十,sà,4,0
𠦄,十,,0,0
𠦅,十,,0,0
𠦆,十,,0,0
𠦇,十,,0,0
𠦈,十,bì,4,0
𠦉,十,,0,0
𠦊,十,hán,2,0
𠦋,十,jìng,4,0
𠦌,十,xì,4,0
𠦍,十,,0,0
𠦎,十,qìn,4,0
𠦏,十,cuó,2,0
𠦐,十,cì,4,0
𠦑,十,,0,0
𠦒,十,bān,1,0
𠦓,十,,0,0
𠦔,十,,0,0
𠦕,十,,0,0
𠦖,十,,0,0
𠦗,十,duī,1,0
𠦘,十,,0,0
𠦙,十,,0,0
𠦚,十,,0,0
𠦛,十,,0,0
𠦜,十,xì,4,0
𠦝,十,,0,0
𠦞,十,,0,0
𠦟,十,,0,0
𠦠,十,,0,0
𠦡,十,,0,0
𠦢,十,,0,0
𠦣,十,,0,0
𠦤,十,,0,0
𠦥,十,,0,0
𠦦,十,,0,0
𠦧,十,zhī,1,0
𠦨,十,luàn,4,0
𠦩,十,,0,0
𠦪,十,hū,1,0
𠦫,十,jí,2,0
𠦬,十,guāi,1,0
𠦭,十,,0,0
𠦮,十,,0,0
𠦯,十,,0,0
𠦰,十,,0,0
𠦱,十,,0,0
𠦲,十,pāng,1,0
𠦳,十,,0,0
𠦴,十,,0,0
𠦵,十,,0,0
𠦶,十,,0,0
𠦷,十,,0,0
𠦸,十,,0,0
𠦹,十,,0,0
𠦺,十,,0,0
𠦻,十,,0,0
𠦼,十,,0,0
𠦽,十,,0,0
𠦾,十,,0,0
𠦿,十,,0,0
𠧀,十,zhū,1,0
𠧁,十,,0,0
𠧂,十,,0,0
𠧃,十,,0,0
𠧄,十,,0,0
𠧅,十,bǐ,3,0
𠧆,十,,0,0
𠧇,十,yú,2,0
𠧈,十,,0,0
𠧉,十,,0,0
𠧊,十,,0,0
𠧋,十,,0,0
𠧌,十,,0,0
𠧍,十,,0,0
𠧎,十,,0,0
𠧏,十,,0,0
𠧐,十,,0,0
𠧑,十,,0,0
𠧒,卜,qǐ,3,0
𠧓,卜,,0,0
𠧔,卜,,0,0
𠧕,卜,hé,2,0
𠧖,卜,chǔ,3,0
𠧗,卜,,0,0
𠧘,卜,,0,0
𠧙,卜,shào,4,0
𠧚,卜,chì,4,0
𠧛,卜,bó,2,0
𠧜,卜,,0,0
𠧝,乙,,0,0
𠧞,卜,,0,0
𠧟,卜,réng,2,0
𠧠,卜,yóu,2,0
𠧡,卜,,0,0
𠧢,卜,,0,0
𠧣,卜,,0,0
𠧤,卜,nǎi,3,0
𠧥,卜,,0,0
𠧦,卜,,0,0
𠧧,卜,,0,0
𠧨,卜,,0,0
𠧩,卜,huì,4,0
𠧪,卜,tiáo,2,0
𠧫,卜,bǎn,3,0
𠧬,卜,,0,0
𠧭,卜,,0,0
𠧮,卜,,0,0
𠧯,卜,,0,0
𠧰,卜,xū,1,0
𠧱,卜,,0,0
𠧲,卜,,0,0
𠧳,卜,,0,0
𠧴,卜,yóu,2,0
𠧵,卜,chì,4,0
𠧶,卜,,0,0
𠧷,卜,,0,0
𠧸,鹵,,0,0
𠧹,卜,,0,0
𠧺,卜,,0,0
𠧻,卜,,0,0
𠧼,卜,,0,0
𠧽,卜,,0,0
𠧾,卜,,0,0
𠧿,卜,héng,2,0
𠨀,卜,,0,0
𠨁,卜,,0,0
𠨂,卜,,0,0
𠨃,夕,wài,4,0
𠨄,卜,,0,0
𠨅,卜,,0,0
𠨆,卜,xiè,4,0
𠨇,卜,,0,0
𠨈,卜,,0,0
𠨉,卜,,0,0
𠨊,卜,jué,2,0
𠨋,卜,,0,0
𠨌,卜,suī,1,0
𠨍,卩,qīng,1,0
𠨎,卩,zhuàn,4,0
𠨏,卩,,0,0
𠨐,卩,,0,0
𠨑,卩,,0,0
𠨒,卩,,0,0
𠨓,卩,,0,0
𠨔,卩,,0,0
𠨕,卩,jì,4,0
𠨖,卩,,0,0
𠨗,卩,,0,0
𠨘,卩,bì,4,0
𠨙,卩,,0,0
𠨚,卩,xī,1,0
𠨛,卩,,0,0
𠨜,卩,,0,0
𠨝,卩,,0,0
𠨞,卩,,0,0
𠨟,卩,,0,0
𠨠,卩,jí,2,0
𠨡,卩,,0,0
𠨢,卩,jùn,4,0
𠨣,卩,,0,0
𠨤,卩,,0,0
𠨥,卩,liáo,2,0
𠨦,卩,yōu,1,0
𠨧,卩,,0,0
𠨨,卩,,0,0
𠨩,卩,,0,0
𠨪,卩,,0,0
𠨫,卩,,0,0
𠨬,厂,,0,0
𠨭,厂,jú,2,0
𠨮,厂,,0,0
𠨯,厂,,0,0
𠨰,厂,,0,0
𠨱,厂,,0,0
𠨲,厂,yuè,4,0
𠨳,厂,,0,0
𠨴,厂,,0,0
𠨵,厂,bàng,4,0
𠨶,厂,,0,0
𠨷,厂,,0,0
𠨸,厂,pí,2,0
𠨹,厂,,0,0
𠨺,厂,,0,0
𠨻,厂,zè,4,0
𠨼,厂,,0,0
𠨽,厂,,0,0
𠨾,厂,yì,4,0
𠨿,厂,dǐ,3,0
𠩀,厂,,0,0
𠩁,厂,,0,0
𠩂,厂,qiè,4,0
𠩃,厂,,0,0
𠩄,厂,suǒ,3,0
𠩅,厂,,0,0
𠩆,厂,cì,4,0
𠩇,厂,,0,0
𠩈,厂,zhù,4,0
𠩉,厂,yuè,4,0
𠩊,厂,,0,0
𠩋,厂,,0,0
𠩌,厂,,0,0
𠩍,厂,,0,0
𠩎,厂,,0,0
𠩏,厂,jiāo,1,0
𠩐,厂,,0,0
𠩑,厂,,0,0
𠩒,厂,,0,0
𠩓,厂,,0,0
𠩔,厂,shí,2,0
𠩕,厂,,0,0
𠩖,八,,0,0
𠩗,厂,yí,2,0
𠩘,厂,xiá,2,0
𠩙,厂,,0,0
𠩚,厂,,0,0
𠩛,厂,,0,0
𠩜,厂,,0,0
𠩝,厂,,0,0
𠩞,厂,,0,0
𠩟,厂,,0,0
𠩠,厂,yuán,2,0
𠩡,厂,,0,0
𠩢,厂,,0,0
𠩣,厂,,0,0
𠩤,厂,,0,0
𠩥,厂,guó,2,0
𠩦,厂,,0,0
𠩧,厂,kè,4,0
𠩨,厂,,0,0
𠩩,厂,,0,0
𠩪,厂,cuì,4,0
𠩫,厂,yì,4,0
𠩬,厂,,0,0
𠩭,厂,,0,0
𠩮,厂,,0,0
𠩯,厂,,0,0
𠩰,厂,,0,0
𠩱,厂,,0,0
𠩲,厂,,0,0
𠩳,厂,,0,0
𠩴,厂,,0,0
𠩵,厂,lì,4,0
𠩶,厂,,0,0
𠩷,厂,diǎn,3,0
𠩸,厂,,0,0
𠩹,厂,,0,0
𠩺,厂,xī,1,0
𠩻,厂,,0,0
𠩼,厂,,0,0
𠩽,厂,,0,0
𠩾,厂,,0,0
𠩿,厂,bì,4,0
𠪀,厂,,0,0
𠪁,厂,,0,0
𠪂,厂,biǎn,3,0
𠪃,厂,méi,2,0
𠪄,厂,lì,4,0
𠪅,厂,,0,0
𠪆,厂,,0,0
𠪇,厂,sǒu,3,0
𠪈,厂,,0,0
𠪉,厂,,0,0
𠪊,厂,,0,0
𠪋,厂,,0,0
𠪌,厂,,0,0
𠪍,厂,,0,0
𠪎,厂,,0,0
𠪏,厂,,0,0
𠪐,厂,liú,2,0
𠪑,厂,guì,4,0
𠪒,厂,kè,4,0
𠪓,厂,,0,0
𠪔,厂,,0,0
𠪕,厂,,0,0
𠪖,厂,,0,0
𠪗,厂,yí,2,0
𠪘,厂,,0,0
𠪙,厂,xǐ,3,0
𠪚,厂,yín,2,0
𠪛,厂,,0,0
𠪜,厂,,0,0
𠪝,厂,,0,0
𠪞,厂,,0,0
𠪟,厂,kè,4,0
𠪠,厂,,0,0
𠪡,厂,,0,0
𠪢,厂,,0,0
𠪣,厂,shè,4,0
𠪤,厂,,0,0
𠪥,厂,,0,0
𠪦,厂,,0,0
𠪧,厂,wǒ,3,0
𠪨,厂,,0,0
𠪩,厂,,0,0
𠪪,厂,,0,0
𠪫,厂,,0,0
𠪬,厂,,0,0
𠪭,厂,,0,0
𠪮,厂,pì,4,0
𠪯,厂,,0,0
𠪰,厂,,0,0
𠪱,厂,,0,0
𠪲,厂,,0,0
𠪳,厂,,0,0
𠪴,厂,,0,0
𠪵,厂,,0,0
𠪶,厂,yuè,4,0
𠪷,厂,hóng,2,0
𠪸,厂,,0,0
𠪹,瓦,,0,0
𠪺,厂,lì,4,0
𠪻,厂,fù,4,0
𠪼,厂,,0,0
𠪽,厂,,0,0
𠪾,厂,,0,0
𠪿,厂,,0,0
𠫀,厂,,0,0
𠫁,厂,,0,0
𠫂,厂,,0,0
𠫃,厂,jué,2,0
𠫄,厂,xiān,1,0
𠫅,厂,,0,0
𠫆,厂,,0,0
𠫇,厂,,0,0
𠫈,毛,,0,0
𠫉,厂,diān,1,0
𠫊,厂,,0,0
𠫋,厂,,0,0
𠫌,厂,lì,4,0
𠫍,厂,,0,0
𠫎,厂,,0,0
𠫏,厂,,0,0
𠫐,厂,,0,0
𠫑,厂,,0,0
𠫒,厂,,0,0
𠫓,厶,tū,1,0
𠫔,厶,,0,0
𠫕,厶,,0,0
𠫖,厶,,0,0
𠫗,厶,,0,0
𠫘,厶,jiān,1,0
𠫙,厶,,0,0
𠫚,厶,,0,0
𠫛,厶,bǎi,3,0
𠫜,厶,dì,4,0
𠫝,厶,zhǎng,3,0
𠫞,厶,,0,0
𠫟,厶,,0,0
𠫠,厶,,0,0
𠫡,厶,,0,0
𠫢,厶,,0,0
𠫣,厶,yù,4,0
𠫤,厶,,0,0
𠫥,厶,,0,0
𠫦,厶,,0,0
𠫧,厶,,0,0
𠫨,厶,duì,4,0
𠫩,厶,,0,0
𠫪,厶,,0,0
𠫫,厶,,0,0
𠫬,厶,,0,0
𠫭,厶,cān,1,0
𠫮,几,tú,2,0
𠫯,厶,,0,0
𠫰,厶,,0,0
𠫱,厶,,0,0
𠫲,厶,,0,0
𠫳,又,,0,0
𠫴,厶,,0,0
𠫵,厶,,0,0
𠫶,厶,tān,1,0
𠫷,厶,jí,2,0
𠫸,厶,qí,2,0
𠫹,厶,shàn,4,0
𠫺,厶,nián,2,0
𠫻,厶,,0,0
𠫼,厶,,0,0
𠫽,厶,,0,0
𠫾,厶,,0,0
𠫿,厶,,0,0
𠬀,厶,,0,0
𠬁,厶,,0,0
𠬂,厶,,0,0
𠬃,厶,,0,0
𠬄,厶,,0,0
𠬅,厶,,0,0
𠬆,厶,guàn,4,0
𠬇,厶,,0,0
𠬈,厶,bǐ,3,0
𠬉,厶,,0,0
𠬊,厶,,0,0
𠬋,厶,xīng,1,0
𠬌,厶,,0,0
𠬍,厶,,0,0
𠬎,厶,,0,0
𠬏,厶,,0,0
𠬐,厶,,0,0
𠬑,厶,,0,0
𠬒,厶,,0,0
𠬓,厶,zhěn,3,0
𠬔,厶,,0,0
𠬕,厶,,0,0
𠬖,厶,,0,0
𠬗,厶,,0,0
𠬘,厶,,0,0
𠬙,厶,sā,1,0
𠬚,又,,0,0
𠬛,又,mò,4,0
𠬜,又,,0,0
𠬝,又,fú,2,0
𠬞,又,,0,0
𠬟,又,,0,0
𠬠,又,,0,0
𠬡,又,,0,0
𠬢,又,tāo,1,0
𠬣,又,bàng,4,0
𠬤,又,yì,4,0
𠬥,又,,0,0
𠬦,又,,0,0
𠬧,又,,0,0
𠬨,又,,0,0
𠬩,又,,0,0
𠬪,又,biào,4,0
𠬫,又,,0,0
𠬬,又,xī,1,0
𠬭,又,,0,0
𠬮,又,jié,2,0
𠬯,又,,0,0
𠬰,又,,0,0
𠬱,又,,0,0
𠬲,又,,0,0
𠬳,又,,0,0
𠬴,又,,0,0
𠬵,又,,0,0
𠬶,又,jìn,4,0
𠬷,又,,0,0
𠬸,又,,0,0
𠬹,又,,0,0
𠬺,又,,0,0
𠬻,又,,0,0
𠬼,又,,0,0
𠬽,又,,0,0
𠬾,又,qiān,1,0
𠬿,又,,0,0
𠭀,又,,0,0
𠭁,又,,0,0
𠭂,又,,0,0
𠭃,又,,0,0
𠭄,又,,0,0
𠭅,又,,0,0
𠭆,又,,0,0
𠭇,又,,0,0
𠭈,又,sì,4,0
𠭉,卜,jǐng,3,0
𠭊,又,,0,0
𠭋,又,chǐ,3,0
𠭌,又,,0,0
𠭍,又,,0,0
𠭎,又,,0,0
𠭏,又,,0,0
𠭐,又,,0,0
𠭑,又,,0,0
𠭒,又,,0,0
𠭓,又,,0,0
𠭔,又,,0,0
𠭕,又,,0,0
𠭖,又,,0,0
𠭗,又,jǐng,3,0
𠭘,又,,0,0
𠭙,又,,0,0
𠭚,又,,0,0
𠭛,又,,0,0
𠭜,又,,0,0
𠭝,又,,0,0
𠭞,又,,0,0
𠭟,又,,0,0
𠭠,又,,0,0
𠭡,又,,0,0
𠭢,又,,0,0
𠭣,又,,0,0
𠭤,又,,0,0
𠭥,又,suì,4,0
𠭦,又,,0,0
𠭧,又,,0,0
𠭨,又,,0,0
𠭩,又,,0,0
𠭪,又,,0,0
𠭫,又,,0,0
𠭬,又,,0,0
𠭭,又,,0,0
𠭮,又,,0,0
𠭯,又,zhā,1,0
𠭰,又,lí,2,0
𠭱,又,,0,0
𠭲,又,,0,0
𠭳,又,,0,0
𠭴,又,zhuō,1,0
𠭵,又,,0,0
𠭶,夊,,0,0
𠭷,又,,0,0
𠭸,又,,0,0
𠭹,又,biàn,4,0
𠭺,又,,0,0
𠭻,八,,0,0
𠭼,又,,0,0
𠭽,又,,0,0
𠭾,又,,0,0
𠭿,又,tún,2,0
𠮀,又,,0,0
𠮁,又,,0,0
𠮂,又,,0,0
𠮃,又,bì,4,0
𠮄,又,,0,0
𠮅,又,,0,0
𠮆,又,fèi,4,0
𠮇,又,,0,0
𠮈,又,,0,0
𠮉,又,,0,0
𠮊,又,dé,2,0
𠮋,又,,0,0
𠮌,又,zhú,2,0
𠮍,又,,0,0
𠮎,又,,0,0
𠮏,又,,0,0
𠮐,又,,0,0
𠮑,又,jū,1,0
𠮒,又,,0,0
𠮓,又,,0,0
𠮔,又,,0,0
𠮕,又,,0,0
𠮖,又,,0,0
𠮗,又,,0,0
𠮘,又,,0,0
𠮙,口,yǐ,3,0
𠮚,口,,0,0
𠮛,口,,0,0
𠮜,口,yà,4,0
𠮝,口,,0,0
𠮞,口,,0,0
𠮟,口,chì,4,0
𠮠,口,guǎ,3,0
𠮡,口,zhǐ,3,0
𠮢,口,,0,0
𠮣,口,,0,0
𠮤,口,,0,0
𠮥,口,,0,0
𠮦,口,,0,0
𠮧,口,,0,0
𠮨,口,réng,2,0
𠮩,口,,0,0
𠮪,口,,0,0
𠮫,口,yōu,1,0
𠮬,口,,0,0
𠮭,口,bó,2,0
𠮮,口,,0,0
𠮯,口,jǐ,3,0
𠮰,口,pǐn,3,0
𠮱,口,,0,0
𠮲,口,,0,0
𠮳,口,yīng,1,0
𠮴,口,yāng,1,0
𠮵,口,màng,4,0
𠮶,口,,0,0
𠮷,口,,0,0
𠮸,口,,0,0
𠮹,口,,0,0
𠮺,口,,0,0
𠮻,口,,0,0
𠮼,口,,0,0
𠮽,口,lòng,4,0
𠮾,口,ǹ,4,0
𠮿,口,sa,1,0
𠯀,口,chuān,1,0
𠯁,口,,0,0
𠯂,口,cí,2,0
𠯃,口,wǔ,3,0
𠯄,口,rèn,4,0
𠯅,口,,0,0
𠯆,口,,0,0
𠯇,口,,0,0
𠯈,口,dài,4,0
𠯉,口,jí,2,0
𠯊,口,,0,0
𠯋,口,yǐ,3,0
𠯌,口,,0,0
𠯍,口,rán,2,0
𠯎,口,,0,0
𠯏,口,,0,0
𠯐,口,huò,4,0
𠯑,口,guā,1,0
𠯒,口,,0,0
𠯓,口,zhé,2,0
𠯔,口,pì,4,0
𠯕,口,,0,0
𠯖,口,,0,0
𠯗,口,zā,1,0
𠯘,口,bàn,4,0
𠯙,口,jié,2,0
𠯚,口,,0,0
𠯛,口,,0,0
𠯜,口,hōu,1,0
𠯝,口,,0,0
𠯞,口,,0,0
𠯟,口,xiàn,4,0
𠯠,口,huī,1,0
𠯡,口,,0,0
𠯢,口,,0,0
𠯣,口,,0,0
𠯤,口,,0,0
𠯥,口,,0,0
𠯦,口,,0,0
𠯧,口,,0,0
𠯨,口,,0,0
𠯩,口,zhā,1,0
𠯪,口,dāi,1,0
𠯫,口,gē,1,0
𠯬,口,,0,0
𠯭,口,pì,4,0
𠯮,口,,0,0
𠯯,口,piàn,4,0
𠯰,口,shí,2,0
𠯱,口,liǎng,3,0
𠯲,口,yuè,4,0
𠯳,口,hù,4,0
𠯴,口,biàn,4,0
𠯵,口,,0,0
𠯶,口,,0,0
𠯷,口,réng,2,0
𠯸,口,,0,0
𠯹,口,réng,2,0
𠯺,口,,0,0
𠯻,口,,0,0
𠯼,口,,0,0
𠯽,口,,0,0
𠯾,口,,0,0
𠯿,口,,0,0
𠰀,口,,0,0
𠰁,口,,0,0
𠰂,口,,0,0
𠰃,口,,0,0
𠰄,口,yī,1,0
𠰅,口,zhī,1,0
𠰆,口,,0,0
𠰇,口,jīn,1,0
𠰈,口,wēng,1,0
𠰉,口,chāo,1,0
𠰊,口,,0,0
𠰋,口,qiū,1,0
𠰌,口,,0,0
𠰍,口,zhǔ,3,0
𠰎,口,,0,0
𠰏,口,zhá,2,0
𠰐,口,pǒ,3,0
𠰑,口,àn,4,0
𠰒,口,,0,0
𠰓,口,hé,2,0
𠰔,口,,0,0
𠰕,口,chū,1,0
𠰖,口,yán,2,0
𠰗,口,,0,0
𠰘,口,,0,0
𠰙,口,,0,0
𠰚,口,shì,4,0
𠰛,口,hù,4,0
𠰜,口,è,4,0
𠰝,口,,0,0
𠰞,口,,0,0
𠰟,口,,0,0
𠰠,口,,0,0
𠰡,口,,0,0
𠰢,口,,0,0
𠰣,口,,0,0
𠰤,口,,0,0
𠰥,口,,0,0
𠰦,口,,0,0
𠰧,口,,0,0
𠰨,口,,0,0
𠰩,口,,0,0
𠰪,口,,0,0
𠰫,口,,0,0
𠰬,口,,0,0
𠰭,口,,0,0
𠰮,口,,0,0
𠰯,口,,0,0
𠰰,口,,0,0
𠰱,口,,0,0
𠰲,口,,0,0
𠰳,口,,0,0
𠰴,口,shí,2,0
𠰵,口,,0,0
𠰶,口,,0,0
𠰷,口,lú,2,0
𠰸,口,,0,0
𠰹,口,tuō,1,0
𠰺,口,dài,4,0
𠰻,口,wài,4,0
𠰼,口,pō,1,0
𠰽,口,rǒng,3,0
𠰾,口,jū,1,0
𠰿,口,,0,0
𠱀,口,bō,1,0
𠱁,口,,0,0
𠱂,口,,0,0
𠱃,口,,0,0
𠱄,口,,0,0
𠱅,口,,0,0
𠱆,口,,0,0
𠱇,口,,0,0
𠱈,口,,0,0
𠱉,口,,0,0
𠱊,口,,0,0
𠱋,口,,0,0
𠱌,口,,0,0
𠱍,口,,0,0
𠱎,口,,0,0
𠱏,口,,0,0
𠱐,口,yǔ,3,0
𠱑,口,dōu,1,0
𠱒,口,,0,0
𠱓,口,guǐ,3,0
𠱔,口,shòu,4,0
𠱕,口,,0,0
𠱖,口,,0,0
𠱗,口,suō,1,0
𠱘,口,nì,4,0
𠱙,口,zhōu,1,0
𠱚,口,lòng,4,0
𠱛,口,bǐng,3,0
𠱜,口,zùn,4,0
𠱝,口,yè,4,0
𠱞,口,rǎn,3,0
𠱟,口,,0,0
𠱠,口,líng,2,0
𠱡,口,sà,4,0
𠱢,口,,0,0
𠱣,口,,0,0
𠱤,口,lěi,3,0
𠱥,口,è,4,0
𠱦,口,,0,0
𠱧,口,zhòng,4,0
𠱨,口,jǐ,3,0
𠱩,口,,0,0
𠱪,口,,0,0
𠱫,口,è,4,0
𠱬,口,,0,0
𠱭,口,,0,0
𠱮,口,,0,0
𠱯,口,zuò,4,0
𠱰,口,,0,0
𠱱,口,,0,0
𠱲,口,nà,4,0
𠱳,口,yǔn,3,0
𠱴,口,,0,0
𠱵,口,,0,0
𠱶,口,,0,0
𠱷,口,,0,0
𠱸,口,,0,0
𠱹,口,,0,0
𠱺,口,,0,0
𠱻,口,,0,0
𠱼,口,,0,0
𠱽,口,,0,0
𠱾,口,,0,0
𠱿,口,,0,0
𠲀,口,,0,0
𠲁,口,,0,0
𠲂,口,,0,0
𠲃,口,,0,0
𠲄,口,,0,0
𠲅,口,,0,0
𠲆,口,,0,0
𠲇,口,,0,0
𠲈,口,,0,0
𠲉,口,,0,0
𠲊,口,xiè,4,0
𠲋,口,zuǐ,3,0
𠲌,口,shù,4,0
𠲍,口,diū,1,0
𠲎,口,fa,1,0
𠲏,口,rěn,3,0
𠲐,口,,0,0
𠲑,口,bāng,1,0
𠲒,口,hán,2,0
𠲓,口,hóng,2,0
𠲔,口,yī,1,0
𠲕,口,,0,0
𠲖,口,yī,1,0
𠲗,口,,0,0
𠲘,口,,0,0
𠲙,口,kē,1,0
𠲚,口,yì,4,0
𠲛,口,huí,2,0
𠲜,口,zhēng,1,0
𠲝,口,,0,0
𠲞,口,,0,0
𠲟,口,,0,0
𠲠,口,,0,0
𠲡,口,,0,0
𠲢,口,,0,0
𠲣,口,,0,0
𠲤,口,,0,0
𠲥,口,,0,0
𠲦,口,,0,0
𠲧,口,,0,0
𠲨,口,,0,0
𠲩,口,,0,0
𠲪,口,,0,0
𠲫,口,,0,0
𠲬,口,,0,0
𠲭,口,,0,0
𠲮,口,jìng,4,0
𠲯,口,,0,0
𠲰,口,,0,0
𠲱,口,gé,2,0
𠲲,口,,0,0
𠲳,口,,0,0
𠲴,口,nóu,2,0
𠲵,口,qiè,4,0
𠲶,口,,0,0
𠲷,口,dié,2,0
𠲸,口,,0,0
𠲹,口,jì,4,0
𠲺,口,yì,4,0
𠲻,口,yí,2,0
𠲼,口,,0,0
𠲽,口,fú,2,0
𠲾,口,shuò,4,0
𠲿,口,shuò,4,0
𠳀,口,yǒng,3,0
𠳁,口,kěn,3,0
𠳂,口,huá,2,0
𠳃,口,hòng,4,0
𠳄,口,,0,0
𠳅,口,,0,0
𠳆,口,,0,0
𠳇,口,hé,2,0
𠳈,口,,0,0
𠳉,口,,0,0
𠳊,口,hē,1,0
𠳋,口,qiǎn,3,0
𠳌,口,qià,4,0
𠳍,口,,0,0
𠳎,口,sì,4,0
𠳏,口,,0,0
𠳐,口,bāng,1,0
𠳑,口,,0,0
𠳒,口,,0,0
𠳓,口,,0,0
𠳔,口,,0,0
𠳕,口,,0,0
𠳖,口,,0,0
𠳗,口,,0,0
𠳘,口,,0,0
𠳙,口,,0,0
𠳚,口,,0,0
𠳛,口,,0,0
𠳜,口,,0,0
𠳝,口,,0,0
𠳞,口,què,4,0
𠳟,口,,0,0
𠳠,口,,0,0
𠳡,口,,0,0
𠳢,口,,0,0
𠳣,口,,0,0
𠳤,口,,0,0
𠳥,口,,0,0
𠳦,口,,0,0
𠳧,口,,0,0
𠳨,口,,0,0
𠳩,口,,0,0
𠳪,口,,0,0
𠳫,用,,0,0
𠳬,口,jīng,1,0
𠳭,口,kè,4,0
𠳮,口,,0,0
𠳯,口,,0,0
𠳰,口,,0,0
𠳱,口,,0,0
𠳲,口,,0,0
𠳳,口,āi,1,0
𠳴,口,lóu,2,0
𠳵,口,,0,0
𠳶,口,tū,1,0
𠳷,口,,0,0
𠳸,口,,0,0
𠳹,口,chuáng,2,0
𠳺,口,,0,0
𠳻,口,,0,0
𠳼,口,sòng,4,0
𠳽,口,chéng,2,0
𠳾,口,,0,0
𠳿,口,wēi,1,0
𠴀,口,,0,0
𠴁,口,,0,0
𠴂,口,nǔ,3,0
𠴃,口,,0,0
𠴄,口,jiǔ,3,0
𠴅,口,,0,0
𠴆,口,,0,0
𠴇,口,bīn,1,0
𠴈,口,,0,0
𠴉,口,,0,0
𠴊,口,,0,0
𠴋,口,,0,0
𠴌,口,,0,0
𠴍,口,,0,0
𠴎,口,,0,0
𠴏,口,,0,0
𠴐,口,,0,0
𠴑,口,,0,0
𠴒,口,,0,0
𠴓,口,,0,0
𠴔,口,,0,0
𠴕,口,,0,0
𠴖,口,,0,0
𠴗,口,,0,0
𠴘,口,,0,0
𠴙,口,,0,0
𠴚,口,,0,0
𠴛,口,,0,0
𠴜,口,,0,0
𠴝,口,,0,0
𠴞,口,,0,0
𠴟,口,,0,0
𠴠,口,,0,0
𠴡,口,xiào,4,0
𠴢,口,shēng,1,0
𠴣,口,hǒu,3,0
𠴤,口,,0,0
𠴥,口,,0,0
𠴦,玉,zhù,4,0
𠴧,口,,0,0
𠴨,口,guān,1,0
𠴩,口,jī,1,0
𠴪,口,,0,0
𠴫,口,jì,4,0
𠴬,口,,0,0
𠴭,口,xī,1,0
𠴮,口,,0,0
𠴯,口,shè,4,0
𠴰,口,ǒu,3,0
𠴱,口,hú,2,0
𠴲,口,tà,4,0
𠴳,口,xiáo,2,0
𠴴,口,,0,0
𠴵,口,zào,4,0
𠴶,口,,0,0
𠴷,口,,0,0
𠴸,口,bò,4,0
𠴹,口,qì,4,0
𠴺,口,wā,1,0
𠴻,口,tuō,1,0
𠴼,口,dào,4,0
𠴽,口,,0,0
𠴾,口,nà,4,0
𠴿,口,,0,0
𠵀,口,,0,0
𠵁,口,,0,0
𠵂,口,,0,0
𠵃,口,,0,0
𠵄,口,,0,0
𠵅,口,,0,0
𠵆,口,,0,0
𠵇,口,,0,0
𠵈,口,,0,0
𠵉,口,,0,0
𠵊,口,,0,0
𠵋,口,,0,0
𠵌,口,,0,0
𠵍,口,,0,0
𠵎,口,,0,0
𠵏,口,,0,0
𠵐,口,,0,0
𠵑,口,,0,0
𠵒,口,,0,0
𠵓,口,,0,0
𠵔,口,,0,0
𠵕,口,,0,0
𠵖,口,,0,0
𠵗,口,,0,0
𠵘,口,,0,0
𠵙,口,,0,0
𠵚,口,,0,0
𠵛,口,,0,0
𠵜,口,,0,0
𠵝,口,,0,0
𠵞,口,,0,0
𠵟,口,,0,0
𠵠,口,zhāi,1,0
𠵡,口,,0,0
𠵢,口,,0,0
𠵣,口,yà,4,0
𠵤,口,,0,0
𠵥,口,,0,0
𠵦,口,wǔ,3,0
𠵧,口,zhén,2,0
𠵨,口,de,5,0
𠵩,口,hē,1,0
𠵪,口,,0,0
𠵫,口,āng,1,0
𠵬,口,pí,2,0
𠵭,口,sè,4,0
𠵮,口,fěn,3,0
𠵯,口,guā,1,0
𠵰,口,,0,0
𠵱,口,,0,0
𠵲,口,,0,0
𠵳,口,pǒ,3,0
𠵴,口,,0,0
𠵵,口,,0,0
𠵶,口,,0,0
𠵷,口,xuàn,4,0
𠵸,口,hān,1,0
𠵹,口,gāng,1,0
𠵺,口,bā,1,0
𠵻,口,zōng,1,0
𠵼,口,mèng,4,0
𠵽,口,,0,0
𠵾,口,huò,4,0
𠵿,口,,0,0
𠶀,口,,0,0
𠶁,口,,0,0
𠶂,口,,0,0
𠶃,口,,0,0
𠶄,口,,0,0
𠶅,口,,0,0
𠶆,口,,0,0
𠶇,口,,0,0
𠶈,口,,0,0
𠶉,口,,0,0
𠶊,口,,0,0
𠶋,口,,0,0
𠶌,口,,0,0
𠶍,口,,0,0
𠶎,口,,0,0
𠶏,口,,0,0
𠶐,口,,0,0
𠶑,口,,0,0
𠶒,口,,0,0
𠶓,口,,0,0
𠶔,口,,0,0
𠶕,口,,0,0
𠶖,口,,0,0
𠶗,口,,0,0
𠶘,口,,0,0
𠶙,口,,0,0
𠶚,口,,0,0
𠶛,口,,0,0
𠶜,口,,0,0
𠶝,口,,0,0
𠶞,口,,0,0
𠶟,口,,0,0
𠶠,口,,0,0
𠶡,口,,0,0
𠶢,口,,0,0
𠶣,口,,0,0
𠶤,口,,0,0
𠶥,口,,0,0
𠶦,口,,0,0
𠶧,口,diān,1,0
𠶨,口,xī,1,0
𠶩,口,,0,0
𠶪,口,,0,0
𠶫,口,dà,4,0
𠶬,口,nàng,4,0
𠶭,口,,0,0
𠶮,口,,0,0
𠶯,口,,0,0
𠶰,口,diāo,1,0
𠶱,口,luò,4,0
𠶲,口,kè,4,0
𠶳,口,,0,0
𠶴,口,,0,0
𠶵,口,,0,0
𠶶,口,,0,0
𠶷,口,yì,4,0
𠶸,口,jué,2,0
𠶹,口,hé,2,0
𠶺,口,,0,0
𠶻,口,jí,2,0
𠶼,口,,0,0
𠶽,口,,0,0
𠶾,口,hè,4,0
𠶿,口,niè,4,0
𠷀,口,rǔn,3,0
𠷁,口,qián,2,0
𠷂,口,dài,4,0
𠷃,口,shāo,1,0
𠷄,口,kè,4,0
𠷅,口,zhú,2,0
𠷆,口,,0,0
𠷇,口,shī,1,0
𠷈,口,lǜ,4,0
𠷉,口,jiā,1,0
𠷊,口,pián,2,0
𠷋,口,hòu,4,0
𠷌,口,jī,1,0
𠷍,口,tà,4,0
𠷎,口,chóu,2,0
𠷏,口,wō,1,0
𠷐,口,jìng,4,0
𠷑,口,pō,1,0
𠷒,口,zhāi,1,0
𠷓,口,xīn,1,0
𠷔,口,,0,0
𠷕,口,,0,0
𠷖,口,biàn,4,0
𠷗,口,,0,0
𠷘,口,,0,0
𠷙,口,xù,4,0
𠷚,口,,0,0
𠷛,口,,0,0
𠷜,口,,0,0
𠷝,口,,0,0
𠷞,口,gū,1,0
𠷟,口,jiè,4,0
𠷠,口,,0,0
𠷡,口,,0,0
𠷢,口,xián,2,0
𠷣,口,,0,0
𠷤,口,,0,0
𠷥,口,,0,0
𠷦,口,,0,0
𠷧,口,,0,0
𠷨,口,,0,0
𠷩,口,,0,0
𠷪,口,,0,0
𠷫,口,,0,0
𠷬,口,,0,0
𠷭,口,,0,0
𠷮,口,,0,0
𠷯,口,,0,0
𠷰,口,,0,0
𠷱,口,,0,0
𠷲,口,,0,0
𠷳,口,,0,0
𠷴,口,,0,0
𠷵,口,,0,0
𠷶,口,,0,0
𠷷,口,,0,0
𠷸,口,é,2,0
𠷹,口,,0,0
𠷺,口,bó,2,0
𠷻,口,piāo,1,0
𠷼,口,,0,0
𠷽,口,,0,0
𠷾,口,,0,0
𠷿,口,zǎ,3,0
𠸀,口,,0,0
𠸁,口,pài,4,0
𠸂,口,tū,1,0
𠸃,口,,0,0
𠸄,口,yīng,1,0
𠸅,口,,0,0
𠸆,口,,0,0
𠸇,口,,0,0
𠸈,口,,0,0
𠸉,口,,0,0
𠸊,口,,0,0
𠸋,口,,0,0
𠸌,口,,0,0
𠸍,口,,0,0
𠸎,口,,0,0
𠸏,口,,0,0
𠸐,口,,0,0
𠸑,口,,0,0
𠸒,口,,0,0
𠸓,口,,0,0
𠸔,口,,0,0
𠸕,口,,0,0
𠸖,口,,0,0
𠸗,口,,0,0
𠸘,口,,0,0
𠸙,口,,0,0
𠸚,口,,0,0
𠸛,口,,0,0
𠸜,口,,0,0
𠸝,口,,0,0
𠸞,口,,0,0
𠸟,口,,0,0
𠸠,口,,0,0
𠸡,口,,0,0
𠸢,口,,0,0
𠸣,口,,0,0
𠸤,口,,0,0
𠸥,口,,0,0
𠸦,口,,0,0
𠸧,口,,0,0
𠸨,口,,0,0
𠸩,口,,0,0
𠸪,口,,0,0
𠸫,口,,0,0
𠸬,口,,0,0
𠸭,口,,0,0
𠸮,口,xiǎng,3,0
𠸯,口,,0,0
𠸰,口,,0,0
𠸱,口,nuò,4,0
𠸲,口,gē,1,0
𠸳,口,bó,2,0
𠸴,口,xiè,4,0
𠸵,口,,0,0
𠸶,口,,0,0
𠸷,口,,0,0
𠸸,口,zhēn,1,0
𠸹,口,yú,2,0
𠸺,口,nì,4,0
𠸻,口,,0,0
𠸼,口,,0,0
𠸽,口,,0,0
𠸾,口,,0,0
𠸿,口,,0,0
𠹀,口,xùn,4,0
𠹁,口,wà,4,0
𠹂,口,,0,0
𠹃,口,àng,4,0
𠹄,口,hàn,4,0
𠹅,口,hōng,1,0
𠹆,口,dān,1,0
𠹇,口,,0,0
𠹈,口,nuó,2,0
𠹉,口,,0,0
𠹊,口,cǎo,3,0
𠹋,口,jí,2,0
𠹌,口,něng,3,0
𠹍,口,yǒng,3,0
𠹎,口,xiāo,1,0
𠹏,口,,0,0
𠹐,口,chuǎ,3,0
𠹑,口,yào,4,0
𠹒,口,,0,0
𠹓,口,gé,2,0
𠹔,口,táng,2,0
𠹕,口,bào,4,0
𠹖,口,chǎn,3,0
𠹗,口,,0,0
𠹘,口,xù,4,0
𠹙,口,,0,0
𠹚,口,,0,0
𠹛,口,hái,2,0
𠹜,口,,0,0
𠹝,口,chóu,2,0
𠹞,口,,0,0
𠹟,口,jiǎn,3,0
𠹠,口,zuō,1,0
𠹡,口,,0,0
𠹢,口,,0,0
𠹣,口,,0,0
𠹤,口,wèi,4,0
𠹥,口,dā,1,0
𠹦,口,pī,1,0
𠹧,口,,0,0
𠹨,口,,0,0
𠹩,口,,0,0
𠹪,口,,0,0
𠹫,口,,0,0
𠹬,口,,0,0
𠹭,口,,0,0
𠹮,口,,0,0
𠹯,口,,0,0
𠹰,口,,0,0
𠹱,口,,0,0
𠹲,口,,0,0
𠹳,口,,0,0
𠹴,口,,0,0
𠹵,口,,0,0
𠹶,口,,0,0
𠹷,口,,0,0
𠹸,口,,0,0
𠹹,口,,0,0
𠹺,口,,0,0
𠹻,口,,0,0
𠹼,口,,0,0
𠹽,口,,0,0
𠹾,口,,0,0
𠹿,口,,0,0
𠺀,口,,0,0
𠺁,口,,0,0
𠺂,口,,0,0
𠺃,口,,0,0
𠺄,口,,0,0
𠺅,口,,0,0
𠺆,口,,0,0
𠺇,口,,0,0
𠺈,口,,0,0
𠺉,口,,0,0
𠺊,口,,0,0
𠺋,口,,0,0
𠺌,口,,0,0
𠺍,口,,0,0
𠺎,口,,0,0
𠺏,口,,0,0
𠺐,口,huàn,4,0
𠺑,口,,0,0
𠺒,口,xī,1,0
𠺓,口,,0,0
𠺔,口,pèn,4,0
𠺕,口,liū,1,0
𠺖,口,mǔ,3,0
𠺗,口,miē,1,0
𠺘,口,làng,4,0
𠺙,口,tuì,4,0
𠺚,口,bān,1,0
𠺛,口,,0,0
𠺜,口,,0,0
𠺝,口,gē,1,0
𠺞,口,,0,0
𠺟,口,kù,4,0
𠺠,口,,0,0
𠺡,口,,0,0
𠺢,口,jiā,1,0
𠺣,口,bō,1,0
𠺤,口,,0,0
𠺥,口,,0,0
𠺦,口,,0,0
𠺧,口,,0,0
𠺨,口,,0,0
𠺩,口,,0,0
𠺪,口,,0,0
𠺫,口,,0,0
𠺬,口,,0,0
𠺭,口,,0,0
𠺮,口,,0,0
𠺯,口,,0,0
𠺰,口,,0,0
𠺱,口,,0,0
𠺲,口,,0,0
𠺳,口,,0,0
𠺴,口,,0,0
𠺵,口,,0,0
𠺶,口,,0,0
𠺷,口,,0,0
𠺸,口,,0,0
𠺹,口,,0,0
𠺺,口,,0,0
𠺻,口,,0,0
𠺼,口,,0,0
𠺽,口,,0,0
𠺾,口,,0,0
𠺿,口,,0,0
𠻀,口,,0,0
𠻁,口,,0,0
𠻂,口,,0,0
𠻃,口,,0,0
𠻄,口,,0,0
𠻅,口,,0,0
𠻆,口,,0,0
𠻇,口,,0,0
𠻈,口,,0,0
𠻉,口,,0,0
𠻊,口,,0,0
𠻋,口,,0,0
𠻌,口,,0,0
𠻍,口,huàn,4,0
𠻎,口,,0,0
𠻏,口,zú,2,0
𠻐,口,luò,4,0
𠻑,口,,0,0
𠻒,口,,0,0
𠻓,口,,0,0
𠻔,口,,0,0
𠻕,口,,0,0
𠻖,口,,0,0
𠻗,口,lí,2,0
𠻘,口,,0,0
𠻙,口,hé,2,0
𠻚,口,mó,2,0
𠻛,口,,0,0
𠻜,口,shuì,4,0
𠻝,口,shēn,1,0
𠻞,口,kǎng,3,0
𠻟,口,chì,4,0
𠻠,口,líng,2,0
𠻡,口,luǒ,3,0
𠻢,口,,0,0
𠻣,口,,0,0
𠻤,口,yǎn,3,0
𠻥,口,zhào,4,0
𠻦,口,chuǎ,3,0
𠻧,口,gǔ,3,0
𠻨,口,qǐn,3,0
𠻩,口,,0,0
𠻪,口,tán,2,0
𠻫,口,fèn,4,0
𠻬,口,tú,2,0
𠻭,口,,0,0
𠻮,口,,0,0
𠻯,口,,0,0
𠻰,口,,0,0
𠻱,口,líng,2,0
𠻲,口,,0,0
𠻳,口,,0,0
𠻴,口,lǎng,3,0
𠻵,口,,0,0
𠻶,口,,0,0
𠻷,口,,0,0
𠻸,口,,0,0
𠻹,口,,0,0
𠻺,口,,0,0
𠻻,口,,0,0
𠻼,口,,0,0
𠻽,口,,0,0
𠻾,口,,0,0
𠻿,口,,0,0
𠼀,口,,0,0
𠼁,口,,0,0
𠼂,口,,0,0
𠼃,口,,0,0
𠼄,口,,0,0
𠼅,口,,0,0
𠼆,口,,0,0
𠼇,口,,0,0
𠼈,口,,0,0
𠼉,口,,0,0
𠼊,口,,0,0
𠼋,口,,0,0
𠼌,口,,0,0
𠼍,口,,0,0
𠼎,口,,0,0
𠼏,口,,0,0
𠼐,口,,0,0
𠼑,口,,0,0
𠼒,口,,0,0
𠼓,口,,0,0
𠼔,口,,0,0
𠼕,口,,0,0
𠼖,口,lán,2,0
𠼗,口,zàn,4,0
𠼘,口,wù,4,0
𠼙,口,,0,0
𠼚,口,,0,0
𠼛,口,,0,0
𠼜,口,,0,0
𠼝,口,lí,2,0
𠼞,口,ā,1,0
𠼟,口,lüè,4,0
𠼠,口,zhǐ,3,0
𠼡,口,chóu,2,0
𠼢,口,jiàng,4,0
𠼣,口,,0,0
𠼤,口,jiān,1,0
𠼥,口,,0,0
𠼦,口,,0,0
𠼧,口,,0,0
𠼨,口,,0,0
𠼩,口,lún,2,0
𠼪,口,yí,2,0
𠼫,口,,0,0
𠼬,口,shāng,1,0
𠼭,口,,0,0
𠼮,口,,0,0
𠼯,口,,0,0
𠼰,口,,0,0
𠼱,口,,0,0
𠼲,口,,0,0
𠼳,口,,0,0
𠼴,口,,0,0
𠼵,口,,0,0
𠼶,口,,0,0
𠼷,口,,0,0
𠼸,口,,0,0
𠼹,口,,0,0
𠼺,口,,0,0
𠼻,口,jī,1,0
𠼼,口,,0,0
𠼽,口,,0,0
𠼾,口,,0,0
𠼿,口,,0,0
𠽀,口,,0,0
𠽁,口,,0,0
𠽂,口,,0,0
𠽃,口,,0,0
𠽄,口,,0,0
𠽅,口,,0,0
𠽆,口,,0,0
𠽇,口,,0,0
𠽈,口,,0,0
𠽉,口,,0,0
𠽊,口,,0,0
𠽋,口,,0,0
𠽌,口,,0,0
𠽍,口,,0,0
𠽎,口,,0,0
𠽏,口,,0,0
𠽐,口,,0,0
𠽑,口,,0,0
𠽒,口,,0,0
𠽓,口,,0,0
𠽔,口,,0,0
𠽕,口,,0,0
𠽖,口,,0,0
𠽗,口,,0,0
𠽘,口,,0,0
𠽙,口,,0,0
𠽚,口,,0,0
𠽛,口,,0,0
𠽜,口,yì,4,0
𠽝,口,nín,2,0
𠽞,口,,0,0
𠽟,口,,0,0
𠽠,口,,0,0
𠽡,口,huì,4,0
𠽢,口,,0,0
𠽣,口,zhā,1,0
𠽤,口,,0,0
𠽥,口,,0,0
𠽦,口,hǎn,3,0
𠽧,口,,0,0
𠽨,口,yǐn,3,0
𠽩,口,bì,4,0
𠽪,口,ān,1,0
𠽫,口,xiā,1,0
𠽬,口,ní,2,0
𠽭,口,,0,0
𠽮,口,,0,0
𠽯,口,,0,0
𠽰,口,dī,1,0
𠽱,口,jiǎn,3,0
𠽲,口,pán,2,0
𠽳,口,,0,0
𠽴,口,,0,0
𠽵,口,yù,4,0
𠽶,口,chuài,4,0
𠽷,口,zā,1,0
𠽸,口,,0,0
𠽹,口,chá,2,0
𠽺,口,,0,0
𠽻,口,zhé,2,0
𠽼,口,sè,4,0
𠽽,口,,0,0
𠽾,口,pēn,1,0
𠽿,口,gū,1,0
𠾀,口,zhé,2,0
𠾁,口,,0,0
𠾂,口,,0,0
𠾃,口,,0,0
𠾄,口,,0,0
𠾅,口,,0,0
𠾆,口,lí,2,0
𠾇,口,dōu,1,0
𠾈,口,,0,0
𠾉,口,chóu,2,0
𠾊,口,,0,0
𠾋,口,zuǐ,3,0
𠾌,口,pò,4,0
𠾍,口,,0,0
𠾎,口,,0,0
𠾏,口,shē,1,0
𠾐,口,lóng,2,0
𠾑,口,,0,0
𠾒,口,,0,0
𠾓,口,,0,0
𠾔,口,,0,0
𠾕,口,,0,0
𠾖,口,,0,0
𠾗,口,,0,0
𠾘,口,,0,0
𠾙,口,,0,0
𠾚,口,,0,0
𠾛,口,,0,0
𠾜,口,,0,0
𠾝,口,,0,0
𠾞,口,,0,0
𠾟,口,,0,0
𠾠,口,,0,0
𠾡,口,,0,0
𠾢,口,shù,4,0
𠾣,口,,0,0
𠾤,口,jìn,4,0
𠾥,口,líng,2,0
𠾦,口,,0,0
𠾧,禸,,0,0
𠾨,口,kāng,1,0
𠾩,口,là,4,0
𠾪,口,,0,0
𠾫,口,xū,1,0
𠾬,口,jìn,4,0
𠾭,口,,0,0
𠾮,口,chuān,1,0
𠾯,口,,0,0
𠾰,口,,0,0
𠾱,口,,0,0
𠾲,口,yuè,4,0
𠾳,口,,0,0
𠾴,口,,0,0
𠾵,口,,0,0
𠾶,口,,0,0
𠾷,口,,0,0
𠾸,口,,0,0
𠾹,口,,0,0
𠾺,口,,0,0
𠾻,口,,0,0
𠾼,口,,0,0
𠾽,口,,0,0
𠾾,口,,0,0
𠾿,口,,0,0
𠿀,口,,0,0
𠿁,口,,0,0
𠿂,口,,0,0
𠿃,口,,0,0
𠿄,口,,0,0
𠿅,口,,0,0
𠿆,口,mǎi,3,0
𠿇,口,xiè,4,0
𠿈,口,jiū,1,0
𠿉,口,jì,4,0
𠿊,口,,0,0
𠿋,口,yuè,4,0
𠿌,口,,0,0
𠿍,口,,0,0
𠿎,口,,0,0
𠿏,口,jiān,1,0
𠿐,口,,0,0
𠿑,口,hán,2,0
𠿒,口,,0,0
𠿓,口,sà,4,0
𠿔,口,huì,4,0
𠿕,口,qiào,4,0
𠿖,口,,0,0
𠿗,口,sè,4,0
𠿘,口,zuǐ,3,0
𠿙,口,,0,0
𠿚,口,,0,0
𠿛,口,lǔ,3,0
𠿜,口,huà,4,0
𠿝,口,chū,1,0
𠿞,口,shǎn,3,0
𠿟,口,wò,4,0
𠿠,口,jí,2,0
𠿡,口,zhuó,2,0
𠿢,口,xián,2,0
𠿣,口,yī,1,0
𠿤,口,guó,2,0
𠿥,口,kuì,4,0
𠿦,口,,0,0
𠿧,口,,0,0
𠿨,口,,0,0
𠿩,口,,0,0
𠿪,口,,0,0
𠿫,口,,0,0
𠿬,口,,0,0
𠿭,口,,0,0
𠿮,口,,0,0
𠿯,口,,0,0
𠿰,口,,0,0
𠿱,口,,0,0
𠿲,口,,0,0
𠿳,口,,0,0
𠿴,口,,0,0
𠿵,口,,0,0
𠿶,口,,0,0
𠿷,口,,0,0
𠿸,口,,0,0
𠿹,口,,0,0
𠿺,口,,0,0
𠿻,口,,0,0
𠿼,口,,0,0
𠿽,口,,0,0
𠿾,口,,0,0
𠿿,口,,0,0
𡀀,口,,0,0
𡀁,口,,0,0
𡀂,口,,0,0
𡀃,口,,0,0
𡀄,口,,0,0
𡀅,口,,0,0
𡀆,口,,0,0
𡀇,口,,0,0
𡀈,口,,0,0
𡀉,口,,0,0
𡀊,口,,0,0
𡀋,口,,0,0
𡀌,口,,0,0
𡀍,口,,0,0
𡀎,口,,0,0
𡀏,口,,0,0
𡀐,口,,0,0
𡀑,口,zhōu,1,0
𡀒,口,,0,0
𡀓,口,,0,0
𡀔,口,lù,4,0
𡀕,口,,0,0
𡀖,口,bō,1,0
𡀗,口,shí,2,0
𡀘,口,yìng,4,0
𡀙,口,kū,1,0
𡀚,口,,0,0
𡀛,口,,0,0
𡀜,口,,0,0
𡀝,口,,0,0
𡀞,口,,0,0
𡀟,口,,0,0
𡀠,口,,0,0
𡀡,口,,0,0
𡀢,口,,0,0
𡀣,口,,0,0
𡀤,口,,0,0
𡀥,口,,0,0
𡀦,口,,0,0
𡀧,口,,0,0
𡀨,口,,0,0
𡀩,口,,0,0
𡀪,口,,0,0
𡀫,口,,0,0
𡀬,口,,0,0
𡀭,口,,0,0
𡀮,口,,0,0
𡀯,口,,0,0
𡀰,口,,0,0
𡀱,口,,0,0
𡀲,口,,0,0
𡀳,口,,0,0
𡀴,口,,0,0
𡀵,口,,0,0
𡀶,口,,0,0
𡀷,口,,0,0
𡀸,口,,0,0
𡀹,口,zhì,4,0
𡀺,口,xié,2,0
𡀻,口,,0,0
𡀼,口,,0,0
𡀽,口,yè,4,0
𡀾,口,è,4,0
𡀿,口,lǜ,4,0
𡁀,口,hàn,4,0
𡁁,口,yè,4,0
𡁂,口,,0,0
𡁃,口,,0,0
𡁄,口,,0,0
𡁅,口,,0,0
𡁆,口,luò,4,0
𡁇,口,chuò,4,0
𡁈,口,fàn,4,0
𡁉,口,zhí,2,0
𡁊,口,yìng,4,0
𡁋,口,wěn,3,0
𡁌,口,wā,1,0
𡁍,口,ài,4,0
𡁎,口,yú,2,0
𡁏,口,,0,0
𡁐,口,,0,0
𡁑,口,huā,1,0
𡁒,口,,0,0
𡁓,口,liè,4,0
𡁔,口,jīng,1,0
𡁕,口,zá,2,0
𡁖,口,,0,0
𡁗,口,,0,0
𡁘,口,,0,0
𡁙,口,,0,0
𡁚,口,,0,0
𡁛,口,,0,0
𡁜,口,,0,0
𡁝,口,,0,0
𡁞,口,,0,0
𡁟,口,,0,0
𡁠,口,,0,0
𡁡,口,,0,0
𡁢,口,,0,0
𡁣,口,,0,0
𡁤,口,,0,0
𡁥,口,,0,0
𡁦,口,,0,0
𡁧,口,zāng,1,0
𡁨,口,duì,4,0
𡁩,口,,0,0
𡁪,口,jì,4,0
𡁫,口,,0,0
𡁬,口,,0,0
𡁭,口,,0,0
𡁮,口,wō,1,0
𡁯,口,,0,0
𡁰,口,jí,2,0
𡁱,口,xī,1,0
𡁲,口,,0,0
𡁳,口,zhàn,4,0
𡁴,口,tuán,2,0
𡁵,口,,0,0
𡁶,口,,0,0
𡁷,口,,0,0
𡁸,口,,0,0
𡁹,口,,0,0
𡁺,口,,0,0
𡁻,口,,0,0
𡁼,口,,0,0
𡁽,口,,0,0
𡁾,口,,0,0
𡁿,口,,0,0
𡂀,口,,0,0
𡂁,口,,0,0
𡂂,口,,0,0
𡂃,口,,0,0
𡂄,口,,0,0
𡂅,口,,0,0
𡂆,口,,0,0
𡂇,口,,0,0
𡂈,口,,0,0
𡂉,口,,0,0
𡂊,口,yú,2,0
𡂋,口,,0,0
𡂌,口,,0,0
𡂍,口,,0,0
𡂎,口,,0,0
𡂏,口,liè,4,0
𡂐,口,,0,0
𡂑,口,,0,0
𡂒,口,zhì,4,0
𡂓,口,shī,1,0
𡂔,口,,0,0
𡂕,口,lǎo,3,0
𡂖,口,lài,4,0
𡂗,口,wěi,3,0
𡂘,口,páo,2,0
𡂙,口,chí,2,0
𡂚,口,yǐng,3,0
𡂛,口,dòu,4,0
𡂜,口,,0,0
𡂝,口,dòu,4,0
𡂞,口,,0,0
𡂟,口,bào,4,0
𡂠,口,qiè,4,0
𡂡,口,shù,4,0
𡂢,口,,0,0
𡂣,口,zhí,2,0
𡂤,口,,0,0
𡂥,口,,0,0
𡂦,口,,0,0
𡂧,口,,0,0
𡂨,口,,0,0
𡂩,口,liè,4,0
𡂪,口,,0,0
𡂫,口,péng,2,0
𡂬,口,,0,0
𡂭,口,zhē,1,0
𡂮,口,,0,0
𡂯,口,,0,0
𡂰,口,,0,0
𡂱,口,,0,0
𡂲,口,,0,0
𡂳,口,,0,0
𡂴,口,,0,0
𡂵,口,,0,0
𡂶,口,,0,0
𡂷,口,,0,0
𡂸,口,,0,0
𡂹,口,,0,0
𡂺,口,,0,0
𡂻,口,,0,0
𡂼,口,,0,0
𡂽,口,,0,0
𡂾,口,,0,0
𡂿,口,ōu,1,0
𡃀,口,,0,0
𡃁,口,,0,0
𡃂,口,xiè,4,0
𡃃,口,jí,2,0
𡃄,口,lài,4,0
𡃅,口,yíng,2,0
𡃆,口,cēng,1,0
𡃇,口,,0,0
𡃈,口,,0,0
𡃉,口,,0,0
𡃊,口,,0,0
𡃋,口,,0,0
𡃌,口,,0,0
𡃍,口,,0,0
𡃎,口,,0,0
𡃏,口,,0,0
𡃐,口,,0,0
𡃑,口,,0,0
𡃒,口,,0,0
𡃓,口,,0,0
𡃔,口,,0,0
𡃕,口,,0,0
𡃖,口,lē,1,0
𡃗,口,,0,0
𡃘,口,,0,0
𡃙,口,,0,0
𡃚,口,,0,0
𡃛,口,,0,0
𡃜,口,,0,0
𡃝,口,lùn,4,0
𡃞,口,,0,0
𡃟,口,,0,0
𡃠,口,,0,0
𡃡,口,lóng,2,0
𡃢,口,xì,4,0
𡃣,口,,0,0
𡃤,口,,0,0
𡃥,口,,0,0
𡃦,口,lìn,4,0
𡃧,口,,0,0
𡃨,口,,0,0
𡃩,口,guī,1,0
𡃪,口,,0,0
𡃫,口,,0,0
𡃬,口,,0,0
𡃭,口,,0,0
𡃮,口,,0,0
𡃯,口,,0,0
𡃰,口,,0,0
𡃱,口,,0,0
𡃲,口,,0,0
𡃳,口,xīng,1,0
𡃴,口,,0,0
𡃵,口,,0,0
𡃶,口,,0,0
𡃷,口,lí,2,0
𡃸,口,cī,1,0
𡃹,口,,0,0
𡃺,口,,0,0
𡃻,口,,0,0
𡃼,口,,0,0
𡃽,口,,0,0
𡃾,口,,0,0
𡃿,口,,0,0
𡄀,口,,0,0
𡄁,口,,0,0
𡄂,口,,0,0
𡄃,口,,0,0
𡄄,口,,0,0
𡄅,口,,0,0
𡄆,口,,0,0
𡄇,口,qǐng,3,0
𡄈,口,,0,0
𡄉,爻,,0,0
𡄊,口,,0,0
𡄋,口,,0,0
𡄌,口,,0,0
𡄍,口,,0,0
𡄎,口,,0,0
𡄏,口,,0,0
𡄐,口,,0,0
𡄑,口,jiān,1,0
𡄒,口,dào,4,0
𡄓,口,jiǎn,3,0
𡄔,口,qìng,4,0
𡄕,口,xiè,4,0
𡄖,口,yìng,4,0
𡄗,口,,0,0
𡄘,口,,0,0
𡄙,口,,0,0
𡄚,口,,0,0
𡄛,口,,0,0
𡄜,口,,0,0
𡄝,口,,0,0
𡄞,口,,0,0
𡄟,口,há,2,0
𡄠,口,,0,0
𡄡,口,zhe,1,0
𡄢,口,shē,1,0
𡄣,口,mí,2,0
𡄤,口,huán,2,0
𡄥,口,,0,0
𡄦,口,,0,0
𡄧,口,,0,0
𡄨,口,,0,0
𡄩,口,,0,0
𡄪,口,,0,0
𡄫,口,,0,0
𡄬,口,,0,0
𡄭,口,,0,0
𡄮,口,,0,0
𡄯,口,,0,0
𡄰,口,,0,0
𡄱,口,cù,4,0
𡄲,口,rú,2,0
𡄳,口,sǎ,3,0
𡄴,口,huò,4,0
𡄵,口,yī,1,0
𡄶,口,,0,0
𡄷,口,dī,1,0
𡄸,口,,0,0
𡄹,口,luàn,4,0
𡄺,口,,0,0
𡄻,口,yì,4,0
𡄼,口,,0,0
𡄽,口,,0,0
𡄾,口,,0,0
𡄿,口,,0,0
𡅀,口,,0,0
𡅁,口,,0,0
𡅂,口,bò,4,0
𡅃,口,páng,2,0
𡅄,口,tán,2,0
𡅅,口,é,2,0
𡅆,口,zāng,1,0
𡅇,口,cóng,2,0
𡅈,口,,0,0
𡅉,口,,0,0
𡅊,口,,0,0
𡅋,口,,0,0
𡅌,口,,0,0
𡅍,口,,0,0
𡅎,口,,0,0
𡅏,口,,0,0
𡅐,口,,0,0
𡅑,口,,0,0
𡅒,口,,0,0
𡅓,口,zhāi,1,0
𡅔,口,,0,0
𡅕,士,xǐ,3,0
𡅖,羊,mǎng,3,0
𡅗,口,,0,0
𡅘,口,là,4,0
𡅙,口,yùn,4,0
𡅚,口,,0,0
𡅛,口,,0,0
𡅜,口,,0,0
𡅝,口,,0,0
𡅞,口,,0,0
𡅟,口,,0,0
𡅠,口,,0,0
𡅡,口,è,4,0
𡅢,口,,0,0
𡅣,口,,0,0
𡅤,口,,0,0
𡅥,口,dié,2,0
𡅦,口,,0,0
𡅧,口,,0,0
𡅨,口,,0,0
𡅩,口,,0,0
𡅪,口,,0,0
𡅫,口,,0,0
𡅬,口,,0,0
𡅭,口,guān,1,0
𡅮,口,,0,0
𡅯,口,,0,0
𡅰,口,,0,0
𡅱,口,huàn,4,0
𡅲,口,,0,0
𡅳,口,,0,0
𡅴,口,,0,0
𡅵,口,shì,4,0
𡅶,口,jiǎn,3,0
𡅷,口,,0,0
𡅸,口,,0,0
𡅹,口,zhān,1,0
𡅺,口,jí,2,0
𡅻,口,huàn,4,0
𡅼,口,,0,0
𡅽,口,,0,0
𡅾,口,,0,0
𡅿,口,,0,0
𡆀,口,,0,0
𡆁,口,,0,0
𡆂,口,,0,0
𡆃,口,,0,0
𡆄,口,,0,0
𡆅,口,wàn,4,0
𡆆,口,luǒ,3,0
𡆇,口,,0,0
𡆈,口,,0,0
𡆉,口,,0,0
𡆊,口,,0,0
𡆋,口,,0,0
𡆌,口,,0,0
𡆍,口,,0,0
𡆎,口,,0,0
𡆏,口,dòu,4,0
𡆐,口,,0,0
𡆑,口,,0,0
𡆒,口,,0,0
𡆓,口,,0,0
𡆔,口,,0,0
𡆕,口,liàn,4,0
𡆖,口,,0,0
𡆗,口,,0,0
𡆘,口,,0,0
𡆙,口,,0,0
𡆚,口,,0,0
𡆛,口,,0,0
𡆜,口,,0,0
𡆝,口,,0,0
𡆞,口,,0,0
𡆟,口,,0,0
𡆠,囗,,0,0
𡆡,囗,,0,0
𡆢,囗,,0,0
𡆣,囗,niè,4,0
𡆤,囗,nǎn,3,0
𡆥,囗,jiù,4,0
𡆦,囗,yuè,4,0
𡆧,囗,,0,0
𡆨,囗,,0,0
𡆩,囗,yāo,1,0
𡆪,囗,chuāng,1,0
𡆫,囗,,0,0
𡆬,囗,,0,0
𡆭,囗,,0,0
𡆮,囗,cǎn,3,0
𡆯,囗,lǐ,3,0
𡆰,囗,dùn,4,0
𡆱,囗,nǎn,3,0
𡆲,囗,nǎn,3,0
𡆳,囗,,0,0
𡆴,囗,,0,0
𡆵,囗,,0,0
𡆶,囗,,0,0
𡆷,囗,,0,0
𡆸,囗,rì,4,0
𡆹,囗,,0,0
𡆺,囗,,0,0
𡆻,囗,,0,0
𡆼,囗,,0,0
𡆽,囗,yuè,4,0
𡆾,囗,,0,0
𡆿,囗,,0,0
𡇀,囗,yóu,2,0
𡇁,囗,,0,0
𡇂,囗,yīn,1,0
𡇃,囗,,0,0
𡇄,囗,guó,2,0
𡇅,囗,,0,0
𡇆,囗,,0,0
𡇇,囗,,0,0
𡇈,囗,dàng,4,0
𡇉,囗,,0,0
𡇊,囗,,0,0
𡇋,囗,,0,0
𡇌,囗,,0,0
𡇍,田,,0,0
𡇎,囗,,0,0
𡇏,囗,,0,0
𡇐,囗,,0,0
𡇑,囗,zhēn,1,0
𡇒,囗,mí,2,0
𡇓,囗,dié,2,0
𡇔,囗,,0,0
𡇕,囗,,0,0
𡇖,囗,zhēn,1,0
𡇗,囗,,0,0
𡇘,囗,,0,0
𡇙,囗,,0,0
𡇚,囗,kuā,1,0
𡇛,囗,,0,0
𡇜,囗,hán,2,0
𡇝,囗,sòng,4,0
𡇞,囗,hé,2,0
𡇟,囗,jī,1,0
𡇠,囗,zhé,2,0
𡇡,囗,,0,0
𡇢,囗,,0,0
𡇣,囗,,0,0
𡇤,囗,bǐng,3,0
𡇥,囗,,0,0
𡇦,囗,wéi,2,0
𡇧,囗,tōu,1,0
𡇨,囗,,0,0
𡇩,囗,tú,2,0
𡇪,囗,,0,0
𡇫,囗,,0,0
𡇬,囗,gāng,1,0
𡇭,囗,lóu,2,0
𡇮,囗,quán,2,0
𡇯,囗,hùn,4,0
𡇰,囗,zhuǎn,3,0
𡇱,囗,què,4,0
𡇲,囗,,0,0
𡇳,囗,hóng,2,0
𡇴,囗,,0,0
𡇵,囗,dàng,4,0
𡇶,囗,hé,2,0
𡇷,囗,tài,4,0
𡇸,囗,guāi,1,0
𡇹,囗,,0,0
𡇺,囗,yù,4,0
𡇻,囗,,0,0
𡇼,囗,yà,4,0
𡇽,囗,,0,0
𡇾,囗,,0,0
𡇿,囗,wān,1,0
𡈀,囗,qūn,1,0
𡈁,囗,,0,0
𡈂,囗,,0,0
𡈃,囗,,0,0
𡈄,囗,,0,0
𡈅,囗,jué,2,0
𡈆,囗,ōu,1,0
𡈇,囗,,0,0
𡈈,囗,,0,0
𡈉,囗,quān,1,0
𡈊,囗,zhí,2,0
𡈋,囗,,0,0
𡈌,囗,,0,0
𡈍,囗,líng,2,0
𡈎,囗,wū,1,0
𡈏,囗,xìn,4,0
𡈐,囗,dá,2,0
𡈑,囗,,0,0
𡈒,囗,yuān,1,0
𡈓,囗,yuàn,4,0
𡈔,囗,,0,0
𡈕,囗,,0,0
𡈖,囗,,0,0
𡈗,囗,mò,4,0
𡈘,囗,,0,0
𡈙,囗,yóu,2,0
𡈚,囗,,0,0
𡈛,囗,yuān,1,0
𡈜,囗,,0,0
𡈝,囗,,0,0
𡈞,囗,wǔ,3,0
𡈟,囗,,0,0
𡈠,囗,zhāng,1,0
𡈡,囗,,0,0
𡈢,囗,,0,0
𡈣,囗,xuān,1,0
𡈤,囗,,0,0
𡈥,囗,,0,0
𡈦,囗,rǎo,3,0
𡈧,囗,gǔn,3,0
𡈨,囗,yù,4,0
𡈩,囗,,0,0
𡈪,囗,,0,0
𡈫,囗,,0,0
𡈬,囗,,0,0
𡈭,囗,,0,0
𡈮,囗,xiá,2,0
𡈯,囗,biǎn,3,0
𡈰,囗,yóu,2,0
𡈱,囗,,0,0
𡈲,囗,yīn,1,0
𡈳,囗,,0,0
𡈴,囗,xuán,2,0
𡈵,囗,yóu,2,0
𡈶,囗,léi,2,0
𡈷,囗,,0,0
𡈸,囗,,0,0
𡈹,囗,,0,0
𡈺,囗,,0,0
𡈻,囗,,0,0
𡈼,土,tǐng,3,0
𡈽,土,,0,0
𡈾,土,,0,0
𡈿,土,zhēn,1,0
𡉀,土,,0,0
𡉁,土,,0,0
𡉂,土,,0,0
𡉃,土,,0,0
𡉄,土,zài,4,0
𡉅,土,gā,1,0
𡉆,土,lá,2,0
𡉇,土,,0,0
𡉈,土,,0,0
𡉉,土,què,4,0
𡉊,土,,0,0
𡉋,土,,0,0
𡉌,土,,0,0
𡉍,土,,0,0
𡉎,土,jú,2,0
𡉏,土,,0,0
𡉐,土,chūn,1,0
𡉑,土,dā,1,0
𡉒,土,tún,2,0
𡉓,土,āi,1,0
𡉔,土,,0,0
𡉕,土,,0,0
𡉖,土,,0,0
𡉗,子,zǐ,3,0
𡉘,土,,0,0
𡉙,土,,0,0
𡉚,土,huáng,2,0
𡉛,土,yì,4,0
𡉜,土,,0,0
𡉝,土,,0,0
𡉞,土,,0,0
𡉟,土,,0,0
𡉠,土,,0,0
𡉡,土,,0,0
𡉢,土,,0,0
𡉣,土,,0,0
𡉤,土,,0,0
𡉥,土,,0,0
𡉦,土,,0,0
𡉧,土,,0,0
𡉨,土,,0,0
𡉩,土,bào,4,0
𡉪,土,chí,2,0
𡉫,土,,0,0
𡉬,土,,0,0
𡉭,土,rì,4,0
𡉮,土,,0,0
𡉯,土,,0,0
𡉰,土,,0,0
𡉱,土,,0,0
𡉲,土,,0,0
𡉳,土,,0,0
𡉴,土,lú,2,0
𡉵,土,,0,0
𡉶,土,,0,0
𡉷,土,jié,2,0
𡉸,土,shì,4,0
𡉹,土,,0,0
𡉺,土,zuān,1,0
𡉻,土,,0,0
𡉼,土,,0,0
𡉽,土,,0,0
𡉾,土,,0,0
𡉿,土,,0,0
𡊀,土,,0,0
𡊁,土,yì,4,0
𡊂,土,,0,0
𡊃,土,,0,0
𡊄,土,fèn,4,0
𡊅,土,fèn,4,0
𡊆,土,,0,0
𡊇,土,,0,0
𡊈,土,,0,0
𡊉,土,mò,4,0
𡊊,土,,0,0
𡊋,土,,0,0
𡊌,土,,0,0
𡊍,土,shù,4,0
𡊎,土,,0,0
𡊏,土,,0,0
𡊐,土,,0,0
𡊑,土,xǐ,3,0
𡊒,土,,0,0
𡊓,土,,0,0
𡊔,土,,0,0
𡊕,土,,0,0
𡊖,土,,0,0
𡊗,土,,0,0
𡊘,土,,0,0
𡊙,土,,0,0
𡊚,土,,0,0
𡊛,土,áo,2,0
𡊜,土,,0,0
𡊝,土,pǐ,3,0
𡊞,土,píng,2,0
𡊟,土,pō,1,0
𡊠,土,jiá,2,0
𡊡,土,zhóu,2,0
𡊢,土,,0,0
𡊣,土,qiū,1,0
𡊤,土,,0,0
𡊥,土,,0,0
𡊦,土,,0,0
𡊧,土,yǒu,3,0
𡊨,土,tán,2,0
𡊩,土,,0,0
𡊪,土,,0,0
𡊫,土,rǒng,3,0
𡊬,土,,0,0
𡊭,土,mì,4,0
𡊮,土,,0,0
𡊯,土,,0,0
𡊰,土,,0,0
𡊱,土,,0,0
𡊲,土,,0,0
𡊳,土,,0,0
𡊴,土,,0,0
𡊵,土,,0,0
𡊶,土,yì,4,0
𡊷,土,,0,0
𡊸,土,rǒng,3,0
𡊹,土,,0,0
𡊺,土,,0,0
𡊻,土,liè,4,0
𡊼,土,qióng,2,0
𡊽,土,,0,0
𡊾,土,,0,0
𡊿,土,,0,0
𡋀,土,,0,0
𡋁,土,,0,0
𡋂,土,,0,0
𡋃,土,,0,0
𡋄,土,,0,0
𡋅,土,,0,0
𡋆,土,,0,0
𡋇,土,,0,0
𡋈,土,,0,0
𡋉,土,,0,0
𡋊,土,,0,0
𡋋,土,,0,0
𡋌,土,,0,0
𡋍,土,,0,0
𡋎,土,,0,0
𡋏,土,,0,0
𡋐,土,,0,0
𡋑,土,,0,0
𡋒,土,,0,0
𡋓,土,,0,0
𡋔,土,,0,0
𡋕,土,,0,0
𡋖,土,,0,0
𡋗,土,,0,0
𡋘,土,,0,0
𡋙,土,huí,2,0
𡋚,土,jì,4,0
𡋛,土,,0,0
𡋜,肉,,0,0
𡋝,土,,0,0
𡋞,土,,0,0
𡋟,土,gào,4,0
𡋠,土,,0,0
𡋡,土,,0,0
𡋢,土,,0,0
𡋣,土,,0,0
𡋤,土,jìn,4,0
𡋥,土,,0,0
𡋦,土,,0,0
𡋧,土,yóu,2,0
𡋨,土,chā,1,0
𡋩,土,dé,2,0
𡋪,土,yīn,1,0
𡋫,土,,0,0
𡋬,土,yù,4,0
𡋭,土,bèi,4,0
𡋮,土,,0,0
𡋯,土,bó,2,0
𡋰,土,,0,0
𡋱,土,,0,0
𡋲,土,,0,0
𡋳,土,,0,0
𡋴,土,,0,0
𡋵,土,,0,0
𡋶,土,,0,0
𡋷,土,,0,0
𡋸,土,,0,0
𡋹,土,,0,0
𡋺,土,,0,0
𡋻,土,,0,0
𡋼,土,,0,0
𡋽,土,,0,0
𡋾,土,,0,0
𡋿,土,,0,0
𡌀,土,,0,0
𡌁,土,,0,0
𡌂,土,,0,0
𡌃,土,,0,0
𡌄,土,,0,0
𡌅,土,,0,0
𡌆,土,,0,0
𡌇,土,,0,0
𡌈,土,,0,0
𡌉,土,,0,0
𡌊,土,,0,0
𡌋,土,,0,0
𡌌,土,,0,0
𡌍,土,,0,0
𡌎,土,,0,0
𡌏,土,,0,0
𡌐,土,,0,0
𡌑,土,,0,0
𡌒,土,,0,0
𡌓,土,,0,0
𡌔,土,qiāo,1,0
𡌕,土,,0,0
𡌖,土,,0,0
𡌗,土,,0,0
𡌘,土,,0,0
𡌙,土,,0,0
𡌚,土,chǎ,3,0
𡌛,土,,0,0
𡌜,土,xīn,1,0
𡌝,土,,0,0
𡌞,土,chí,2,0
𡌟,土,,0,0
𡌠,土,,0,0
𡌡,土,,0,0
𡌢,土,,0,0
𡌣,土,zào,4,0
𡌤,土,kuí,2,0
𡌥,土,,0,0
𡌦,土,fèi,4,0
𡌧,土,,0,0
𡌨,土,,0,0
𡌩,土,tā,1,0
𡌪,土,guài,4,0
𡌫,土,,0,0
𡌬,土,,0,0
𡌭,土,duō,1,0
𡌮,土,,0,0
𡌯,土,,0,0
𡌰,土,,0,0
𡌱,土,,0,0
𡌲,土,guī,1,0
𡌳,土,,0,0
𡌴,土,zhí,2,0
𡌵,土,,0,0
𡌶,土,,0,0
𡌷,土,,0,0
𡌸,土,,0,0
𡌹,土,,0,0
𡌺,土,,0,0
𡌻,土,,0,0
𡌼,土,,0,0
𡌽,土,,0,0
𡌾,土,,0,0
𡌿,土,,0,0
𡍀,土,,0,0
𡍁,土,,0,0
𡍂,土,,0,0
𡍃,土,,0,0
𡍄,土,,0,0
𡍅,土,,0,0
𡍆,土,,0,0
𡍇,土,,0,0
𡍈,土,,0,0
𡍉,土,,0,0
𡍊,土,,0,0
𡍋,土,,0,0
𡍌,土,chǎn,3,0
𡍍,土,nǎo,3,0
𡍎,土,,0,0
𡍏,土,,0,0
𡍐,土,hú,2,0
𡍑,土,,0,0
𡍒,土,táo,2,0
𡍓,土,,0,0
𡍔,土,,0,0
𡍕,土,,0,0
𡍖,土,,0,0
𡍗,土,,0,0
𡍘,土,,0,0
𡍙,土,,0,0
𡍚,土,,0,0
𡍛,土,,0,0
𡍜,土,,0,0
𡍝,土,,0,0
𡍞,土,,0,0
𡍟,土,,0,0
𡍠,土,,0,0
𡍡,土,yì,4,0
𡍢,土,,0,0
𡍣,土,,0,0
𡍤,土,niè,4,0
𡍥,土,zhài,4,0
𡍦,土,huán,2,0
𡍧,土,,0,0
𡍨,土,dù,4,0
𡍩,土,,0,0
𡍪,土,qì,4,0
𡍫,土,cè,4,0
𡍬,土,,0,0
𡍭,土,,0,0
𡍮,土,chuí,2,0
𡍯,土,,0,0
𡍰,土,,0,0
𡍱,土,,0,0
𡍲,土,dā,1,0
𡍳,土,,0,0
𡍴,土,,0,0
𡍵,土,,0,0
𡍶,土,zhì,4,0
𡍷,土,gèng,4,0
𡍸,土,,0,0
𡍹,土,,0,0
𡍺,土,,0,0
𡍻,土,wèng,4,0
𡍼,土,,0,0
𡍽,土,,0,0
𡍾,土,,0,0
𡍿,土,,0,0
𡎀,土,,0,0
𡎁,土,,0,0
𡎂,土,,0,0
𡎃,土,,0,0
𡎄,土,,0,0
𡎅,土,,0,0
𡎆,土,,0,0
𡎇,土,,0,0
𡎈,土,,0,0
𡎉,土,dù,4,0
𡎊,土,,0,0
𡎋,土,,0,0
𡎌,土,,0,0
𡎍,土,chí,2,0
𡎎,土,,0,0
𡎏,土,,0,0
𡎐,土,,0,0
𡎑,土,àn,4,0
𡎒,土,kuò,4,0
𡎓,土,,0,0
𡎔,土,wò,4,0
𡎕,土,,0,0
𡎖,土,,0,0
𡎗,土,,0,0
𡎘,土,yīng,1,0
𡎙,土,,0,0
𡎚,土,piǎn,3,0
𡎛,土,,0,0
𡎜,土,,0,0
𡎝,土,,0,0
𡎞,土,,0,0
𡎟,土,,0,0
𡎠,土,,0,0
𡎡,土,,0,0
𡎢,土,,0,0
𡎣,土,,0,0
𡎤,土,,0,0
𡎥,土,,0,0
𡎦,土,,0,0
𡎧,土,,0,0
𡎨,土,,0,0
𡎩,土,,0,0
𡎪,土,,0,0
𡎫,土,zhá,2,0
𡎬,土,zhuǎ,3,0
𡎭,土,,0,0
𡎮,土,sù,4,0
𡎯,土,,0,0
𡎰,土,,0,0
𡎱,土,,0,0
𡎲,土,,0,0
𡎳,土,nì,4,0
𡎴,土,,0,0
𡎵,土,,0,0
𡎶,土,,0,0
𡎷,土,,0,0
𡎸,土,,0,0
𡎹,土,,0,0
𡎺,土,zhú,2,0
𡎻,土,chán,2,0
𡎼,土,,0,0
𡎽,土,,0,0
𡎾,土,bèng,4,0
𡎿,土,ní,2,0
𡏀,土,zhí,2,0
𡏁,土,huì,4,0
𡏂,土,,0,0
𡏃,土,,0,0
𡏄,土,,0,0
𡏅,土,,0,0
𡏆,土,,0,0
𡏇,土,,0,0
𡏈,土,,0,0
𡏉,土,,0,0
𡏊,土,,0,0
𡏋,土,,0,0
𡏌,土,,0,0
𡏍,土,,0,0
𡏎,土,,0,0
𡏏,土,,0,0
𡏐,土,,0,0
𡏑,土,,0,0
𡏒,土,,0,0
𡏓,土,,0,0
𡏔,土,,0,0
𡏕,土,,0,0
𡏖,土,,0,0
𡏗,土,,0,0
𡏘,土,xià,4,0
𡏙,土,,0,0
𡏚,土,zhì,4,0
𡏛,土,xī,1,0
𡏜,土,,0,0
𡏝,土,,0,0
𡏞,土,jiǎng,3,0
𡏟,土,,0,0
𡏠,土,,0,0
𡏡,土,,0,0
𡏢,土,,0,0
𡏣,土,,0,0
𡏤,土,,0,0
𡏥,土,,0,0
𡏦,土,,0,0
𡏧,土,,0,0
𡏨,土,,0,0
𡏩,土,duī,1,0
𡏪,土,fū,1,0
𡏫,土,,0,0
𡏬,土,,0,0
𡏭,土,jiāo,1,0
𡏮,土,cháo,2,0
𡏯,土,bài,4,0
𡏰,土,,0,0
𡏱,土,,0,0
𡏲,土,,0,0
𡏳,土,,0,0
𡏴,土,,0,0
𡏵,土,liè,4,0
𡏶,土,,0,0
𡏷,土,,0,0
𡏸,土,,0,0
𡏹,土,,0,0
𡏺,土,,0,0
𡏻,土,,0,0
𡏼,土,áo,2,0
𡏽,土,,0,0
𡏾,土,,0,0
𡏿,土,,0,0
𡐀,土,,0,0
𡐁,土,,0,0
𡐂,土,,0,0
𡐃,土,,0,0
𡐄,土,,0,0
𡐅,土,,0,0
𡐆,土,,0,0
𡐇,土,,0,0
𡐈,土,,0,0
𡐉,土,,0,0
𡐊,土,,0,0
𡐋,土,zāo,1,0
𡐌,土,chù,4,0
𡐍,土,,0,0
𡐎,土,,0,0
𡐏,土,tuǒ,3,0
𡐐,土,,0,0
𡐑,土,,0,0
𡐒,土,háo,2,0
𡐓,土,kāng,1,0
𡐔,土,yín,2,0
𡐕,土,,0,0
𡐖,土,xiàn,4,0
𡐗,土,,0,0
𡐘,土,,0,0
𡐙,土,,0,0
𡐚,土,,0,0
𡐛,土,,0,0
𡐜,土,,0,0
𡐝,土,fù,4,0
𡐞,土,biē,1,0
𡐟,土,,0,0
𡐠,土,kuī,1,0
𡐡,土,,0,0
𡐢,土,,0,0
𡐣,土,,0,0
𡐤,土,qiè,4,0
𡐥,土,sà,4,0
𡐦,土,,0,0
𡐧,土,,0,0
𡐨,土,,0,0
𡐩,土,,0,0
𡐪,土,,0,0
𡐫,土,,0,0
𡐬,土,,0,0
𡐭,土,,0,0
𡐮,土,,0,0
𡐯,土,,0,0
𡐰,土,,0,0
𡐱,土,,0,0
𡐲,土,,0,0
𡐳,土,,0,0
𡐴,土,,0,0
𡐵,土,,0,0
𡐶,土,,0,0
𡐷,土,,0,0
𡐸,土,,0,0
𡐹,土,,0,0
𡐺,土,,0,0
𡐻,土,,0,0
𡐼,土,,0,0
𡐽,土,,0,0
𡐾,土,,0,0
𡐿,土,dā,1,0
𡑀,土,yě,3,0
𡑁,土,,0,0
𡑂,土,,0,0
𡑃,土,,0,0
𡑄,土,zhǎng,3,0
𡑅,土,,0,0
𡑆,土,liáng,2,0
𡑇,土,,0,0
𡑈,土,duǐ,3,0
𡑉,土,,0,0
𡑊,土,,0,0
𡑋,土,,0,0
𡑌,土,,0,0
𡑍,土,láo,2,0
𡑎,土,xūn,1,0
𡑏,土,,0,0
𡑐,土,,0,0
𡑑,土,,0,0
𡑒,土,,0,0
𡑓,土,,0,0
𡑔,土,,0,0
𡑕,土,,0,0
𡑖,土,,0,0
𡑗,土,,0,0
𡑘,土,zhì,4,0
𡑙,土,,0,0
𡑚,土,kū,1,0
𡑛,土,,0,0
𡑜,土,,0,0
𡑝,土,,0,0
𡑞,土,suì,4,0
𡑟,土,wō,1,0
𡑠,土,,0,0
𡑡,土,,0,0
𡑢,土,,0,0
𡑣,土,kū,1,0
𡑤,土,,0,0
𡑥,土,,0,0
𡑦,土,,0,0
𡑧,土,,0,0
𡑨,土,,0,0
𡑩,土,,0,0
𡑪,土,,0,0
𡑫,土,,0,0
𡑬,土,,0,0
𡑭,土,,0,0
𡑮,土,,0,0
𡑯,土,jiǎn,3,0
𡑰,土,,0,0
𡑱,土,,0,0
𡑲,土,,0,0
𡑳,土,,0,0
𡑴,土,,0,0
𡑵,土,,0,0
𡑶,土,jiǎng,3,0
𡑷,土,,0,0
𡑸,土,,0,0
𡑹,土,,0,0
𡑺,長,,0,0
𡑻,土,zhuì,4,0
𡑼,土,,0,0
𡑽,土,shuǎng,3,0
𡑾,土,yú,2,0
𡑿,土,,0,0
𡒀,土,,0,0
𡒁,土,sà,4,0
𡒂,土,,0,0
𡒃,土,yù,4,0
𡒄,土,lǎn,3,0
𡒅,土,,0,0
𡒆,土,,0,0
𡒇,土,,0,0
𡒈,土,,0,0
𡒉,土,,0,0
𡒊,土,yù,4,0
𡒋,土,,0,0
𡒌,土,qiǎn,3,0
𡒍,土,jù,4,0
𡒎,土,,0,0
𡒏,土,liè,4,0
𡒐,土,,0,0
𡒑,土,,0,0
𡒒,土,shú,2,0
𡒓,土,xiàn,4,0
𡒔,土,,0,0
𡒕,土,,0,0
𡒖,土,gài,4,0
𡒗,土,,0,0
𡒘,土,,0,0
𡒙,土,,0,0
𡒚,土,,0,0
𡒛,土,,0,0
𡒜,土,,0,0
𡒝,土,,0,0
𡒞,土,,0,0
𡒟,土,,0,0
𡒠,土,,0,0
𡒡,鼓,,0,0
𡒢,土,tái,2,0
𡒣,土,,0,0
𡒤,土,,0,0
𡒥,土,,0,0
𡒦,土,,0,0
𡒧,土,tiǎn,3,0
𡒨,土,,0,0
𡒩,土,,0,0
𡒪,土,,0,0
𡒫,土,,0,0
𡒬,土,,0,0
𡒭,土,,0,0
𡒮,土,,0,0
𡒯,土,mèng,4,0
𡒰,土,,0,0
𡒱,土,dí,2,0
𡒲,土,,0,0
𡒳,土,mián,2,0
𡒴,土,,0,0
𡒵,土,,0,0
𡒶,土,,0,0
𡒷,土,,0,0
𡒸,土,,0,0
𡒹,土,,0,0
𡒺,土,,0,0
𡒻,土,,0,0
𡒼,土,,0,0
𡒽,土,,0,0
𡒾,土,huī,1,0
𡒿,土,,0,0
𡓀,土,,0,0
𡓁,土,,0,0
𡓂,土,,0,0
𡓃,土,,0,0
𡓄,土,,0,0
𡓅,土,,0,0
𡓆,土,,0,0
𡓇,土,,0,0
𡓈,土,,0,0
𡓉,土,duò,4,0
𡓊,土,,0,0
𡓋,土,,0,0
𡓌,土,,0,0
𡓍,土,liè,4,0
𡓎,土,,0,0
𡓏,土,,0,0
𡓐,土,,0,0
𡓑,土,,0,0
𡓒,土,lài,4,0
𡓓,土,yín,2,0
𡓔,土,lǎn,3,0
𡓕,土,,0,0
𡓖,土,jiāo,1,0
𡓗,土,,0,0
𡓘,土,huò,4,0
𡓙,土,,0,0
𡓚,土,,0,0
𡓛,谷,,0,0
𡓜,土,,0,0
𡓝,土,,0,0
𡓞,土,,0,0
𡓟,土,,0,0
𡓠,土,,0,0
𡓡,土,,0,0
𡓢,土,,0,0
𡓣,土,guō,1,0
𡓤,土,,0,0
𡓥,土,,0,0
𡓦,土,zhàn,4,0
𡓧,土,,0,0
𡓨,土,,0,0
𡓩,土,,0,0
𡓪,土,,0,0
𡓫,土,,0,0
𡓬,土,,0,0
𡓭,土,mǐ,3,0
𡓮,土,,0,0
𡓯,土,,0,0
𡓰,土,kuī,1,0
𡓱,土,,0,0
𡓲,土,,0,0
𡓳,土,,0,0
𡓴,土,,0,0
𡓵,土,,0,0
𡓶,土,,0,0
𡓷,食,duò,4,0
𡓸,土,,0,0
𡓹,土,,0,0
𡓺,土,,0,0
𡓻,土,,0,0
𡓼,土,,0,0
𡓽,土,,0,0
𡓾,土,,0,0
𡓿,土,yín,2,0
𡔀,土,,0,0
𡔁,土,,0,0
𡔂,土,,0,0
𡔃,土,,0,0
𡔄,土,,0,0
𡔅,土,,0,0
𡔆,土,,0,0
𡔇,土,lèi,4,0
𡔈,土,,0,0
𡔉,土,,0,0
𡔊,土,,0,0
𡔋,土,,0,0
𡔌,土,,0,0
𡔍,土,,0,0
𡔎,土,,0,0
𡔏,土,,0,0
𡔐,土,,0,0
𡔑,土,,0,0
𡔒,土,,0,0
𡔓,土,,0,0
𡔔,土,,0,0
𡔕,土,gòng,4,0
𡔖,土,,0,0
𡔗,土,,0,0
𡔘,土,,0,0
𡔙,土,,0,0
𡔚,土,,0,0
𡔛,士,tǐng,3,0
𡔜,士,yáo,2,0
𡔝,士,,0,0
𡔞,士,wǎng,3,0
𡔟,士,,0,0
𡔠,士,,0,0
𡔡,士,,0,0
𡔢,士,,0,0
𡔣,士,jié,2,0
𡔤,士,,0,0
𡔥,士,,0,0
𡔦,士,,0,0
𡔧,士,,0,0
𡔨,士,xiū,1,0
𡔩,士,,0,0
𡔪,士,shù,4,0
𡔫,士,,0,0
𡔬,士,,0,0
𡔭,士,,0,0
𡔮,士,,0,0
𡔯,士,,0,0
𡔰,士,,0,0
𡔱,大,wèi,4,0
𡔲,士,,0,0
𡔳,士,,0,0
𡔴,士,yù,4,0
𡔵,士,,0,0
𡔶,士,,0,0
𡔷,鼓,,0,0
𡔸,士,,0,0
𡔹,士,,0,0
𡔺,士,,0,0
𡔻,士,,0,0
𡔼,士,,0,0
𡔽,士,,0,0
𡔾,士,,0,0
𡔿,士,,0,0
𡕀,士,,0,0
𡕁,士,zhān,1,0
𡕂,士,,0,0
𡕃,士,,0,0
𡕄,士,,0,0
𡕅,士,,0,0
𡕆,豆,,0,0
𡕇,士,,0,0
𡕈,士,,0,0
𡕉,士,āng,1,0
𡕊,士,,0,0
𡕋,士,,0,0
𡕌,士,,0,0
𡕍,士,,0,0
𡕎,石,,0,0
𡕏,士,sǎng,3,0
𡕐,士,chóu,2,0
𡕑,士,,0,0
𡕒,夂,kuà,4,0
𡕓,夂,,0,0
𡕔,夂,,0,0
𡕕,夂,,0,0
𡕖,夂,jǔ,3,0
𡕗,夂,hài,4,0
𡕘,夂,,0,0
𡕙,夂,,0,0
𡕚,夂,,0,0
𡕛,夂,,0,0
𡕜,夂,,0,0
𡕝,夂,,0,0
𡕞,夊,,0,0
𡕟,夊,,0,0
𡕠,夊,,0,0
𡕡,夊,,0,0
𡕢,夊,miǎn,3,0
𡕣,夊,,0,0
𡕤,夊,,0,0
𡕥,夊,,0,0
𡕦,夊,,0,0
𡕧,夊,hàng,4,0
𡕨,夊,,0,0
𡕩,夊,,0,0
𡕪,夊,chóu,2,0
𡕫,夊,,0,0
𡕬,夊,,0,0
𡕭,夊,,0,0
𡕮,夊,líng,2,0
𡕯,夊,,0,0
𡕰,夊,zōng,1,0
𡕱,夊,,0,0
𡕲,夊,,0,0
𡕳,夊,,0,0
𡕴,夊,,0,0
𡕵,夊,,0,0
𡕶,夊,,0,0
𡕷,夊,,0,0
𡕸,夊,,0,0
𡕹,夊,,0,0
𡕺,夊,,0,0
𡕻,夊,,0,0
𡕼,夊,,0,0
𡕽,夊,,0,0
𡕾,夊,,0,0
𡕿,夊,,0,0
𡖀,夊,,0,0
𡖁,夊,,0,0
𡖂,夊,,0,0
𡖃,夊,,0,0
𡖄,夕,,0,0
𡖅,夕,,0,0
𡖆,夕,,0,0
𡖇,夕,,0,0
𡖈,夕,,0,0
𡖉,夕,kūn,1,0
𡖊,夕,,0,0
𡖋,夕,,0,0
𡖌,夕,zhōng,1,0
𡖍,夕,,0,0
𡖎,夕,zhāo,1,0
𡖏,夕,,0,0
𡖐,夕,diě,3,0
𡖑,夕,gǒu,3,0
𡖒,夕,yún,2,0
𡖓,夕,dān,1,0
𡖔,夕,nuǒ,3,0
𡖕,夕,,0,0
𡖖,夕,,0,0
𡖗,夕,,0,0
𡖘,夕,,0,0
𡖙,夕,,0,0
𡖚,夕,,0,0
𡖛,夕,bǐng,3,0
𡖜,夕,,0,0
𡖝,夕,rán,2,0
𡖞,夕,chān,1,0
𡖟,夕,,0,0
𡖠,夕,,0,0
𡖡,夕,,0,0
𡖢,夕,rǒng,3,0
𡖣,夕,yīn,1,0
𡖤,夕,chān,1,0
𡖥,夕,,0,0
𡖦,夕,,0,0
𡖧,夕,zhì,4,0
𡖨,夕,,0,0
𡖩,夕,,0,0
𡖪,夕,guài,4,0
𡖫,夕,nuó,2,0
𡖬,夕,shēn,1,0
𡖭,夕,,0,0
𡖮,夕,,0,0
𡖯,夕,sù,4,0
𡖰,夕,,0,0
𡖱,夕,,0,0
𡖲,夕,wǒ,3,0
𡖳,夕,chǐ,3,0
𡖴,夕,,0,0
𡖵,夕,,0,0
𡖶,夕,,0,0
𡖷,夕,,0,0
𡖸,夕,,0,0
𡖹,夕,,0,0
𡖺,夕,miè,4,0
𡖻,夕,zhí,2,0
𡖼,夕,,0,0
𡖽,夕,,0,0
𡖾,夕,qī,1,0
𡖿,夕,,0,0
𡗀,夕,,0,0
𡗁,夕,gōu,1,0
𡗂,夕,,0,0
𡗃,夕,,0,0
𡗄,夕,,0,0
𡗅,夕,,0,0
𡗆,夕,lǒu,3,0
𡗇,夕,,0,0
𡗈,夕,zī,1,0
𡗉,夕,,0,0
𡗊,夕,,0,0
𡗋,夕,,0,0
𡗌,夕,,0,0
𡗍,夕,dǎng,3,0
𡗎,夕,,0,0
𡗏,夕,xiǎn,3,0
𡗐,夕,,0,0
𡗑,夕,rǒu,3,0
𡗒,大,,0,0
𡗓,大,,0,0
𡗔,大,,0,0
𡗕,大,,0,0
𡗖,大,,0,0
𡗗,大,pěng,3,0
𡗘,大,,0,0
𡗙,大,,0,0
𡗚,大,,0,0
𡗛,大,,0,0
𡗜,犬,,0,0
𡗝,大,,0,0
𡗞,大,xī,1,0
𡗟,大,,0,0
𡗠,大,,0,0
𡗡,大,,0,0
𡗢,大,kuā,1,0
𡗣,大,,0,0
𡗤,大,guì,4,0
𡗥,大,chún,2,0
𡗦,大,jiè,4,0
𡗧,大,,0,0
𡗨,大,,0,0
𡗩,大,,0,0
𡗪,大,,0,0
𡗫,大,,0,0
𡗬,大,,0,0
𡗭,大,,0,0
𡗮,大,,0,0
𡗯,大,,0,0
𡗰,大,,0,0
𡗱,大,,0,0
𡗲,大,jiè,4,0
𡗳,大,xī,1,0
𡗴,大,,0,0
𡗵,大,kū,1,0
𡗶,大,,0,0
𡗷,大,gū,1,0
𡗸,大,zhà,4,0
𡗹,大,fàn,4,0
𡗺,大,,0,0
𡗻,大,,0,0
𡗼,大,xiè,4,0
𡗽,大,,0,0
𡗾,大,,0,0
𡗿,大,,0,0
𡘀,大,,0,0
𡘁,大,,0,0
𡘂,大,,0,0
𡘃,大,,0,0
𡘄,大,,0,0
𡘅,大,,0,0
𡘆,大,,0,0
𡘇,大,,0,0
𡘈,大,,0,0
𡘉,大,,0,0
𡘊,大,,0,0
𡘋,大,,0,0
𡘌,大,,0,0
𡘍,大,huán,2,0
𡘎,大,,0,0
𡘏,大,niǎo,3,0
𡘐,大,xì,4,0
𡘑,大,,0,0
𡘒,大,,0,0
𡘓,大,,0,0
𡘔,大,,0,0
𡘕,大,,0,0
𡘖,大,,0,0
𡘗,大,,0,0
𡘘,大,,0,0
𡘙,大,,0,0
𡘚,大,,0,0
𡘛,大,cū,1,0
𡘜,大,,0,0
𡘝,大,gǔn,3,0
𡘞,大,,0,0
𡘟,大,,0,0
𡘠,大,,0,0
𡘡,大,xī,1,0
𡘢,大,,0,0
𡘣,大,,0,0
𡘤,大,,0,0
𡘥,大,,0,0
𡘦,大,,0,0
𡘧,大,qiá,2,0
𡘨,大,,0,0
𡘩,大,,0,0
𡘪,大,māng,1,0
𡘫,大,,0,0
𡘬,大,,0,0
𡘭,大,zhé,2,0
𡘮,大,,0,0
𡘯,大,,0,0
𡘰,大,juàn,4,0
𡘱,大,,0,0
𡘲,大,,0,0
𡘳,大,,0,0
𡘴,大,biē,1,0
𡘵,大,,0,0
𡘶,大,,0,0
𡘷,大,,0,0
𡘸,大,,0,0
𡘹,大,,0,0
𡘺,大,,0,0
𡘻,大,,0,0
𡘼,大,,0,0
𡘽,大,,0,0
𡘾,大,,0,0
𡘿,大,,0,0
𡙀,大,biē,1,0
𡙁,大,,0,0
𡙂,大,,0,0
𡙃,大,,0,0
𡙄,大,,0,0
𡙅,大,quán,2,0
𡙆,大,,0,0
𡙇,大,,0,0
𡙈,大,,0,0
𡙉,大,,0,0
𡙊,大,,0,0
𡙋,大,xì,4,0
𡙌,大,,0,0
𡙍,大,,0,0
𡙎,大,jiǎo,3,0
𡙏,大,,0,0
𡙐,大,quán,2,0
𡙑,大,zhǐ,3,0
𡙒,大,tiān,1,0
𡙓,大,kāi,1,0
𡙔,大,,0,0
𡙕,大,,0,0
𡙖,大,,0,0
𡙗,大,,0,0
𡙘,大,sǎn,3,0
𡙙,大,,0,0
𡙚,大,,0,0
𡙛,大,zī,1,0
𡙜,大,,0,0
𡙝,大,,0,0
𡙞,大,,0,0
𡙟,大,,0,0
𡙠,大,,0,0
𡙡,大,,0,0
𡙢,大,,0,0
𡙣,大,jié,2,0
𡙤,大,,0,0
𡙥,大,,0,0
𡙦,大,,0,0
𡙧,大,,0,0
𡙨,大,,0,0
𡙩,大,,0,0
𡙪,大,bié,2,0
𡙫,大,,0,0
𡙬,大,dòu,4,0
𡙭,大,zuī,1,0
𡙮,大,,0,0
𡙯,大,,0,0
𡙰,大,,0,0
𡙱,大,,0,0
𡙲,大,,0,0
𡙳,大,,0,0
𡙴,大,,0,0
𡙵,大,,0,0
𡙶,大,yǎn,3,0
𡙷,大,,0,0
𡙸,大,,0,0
𡙹,大,,0,0
𡙺,大,,0,0
𡙻,大,,0,0
𡙼,大,,0,0
𡙽,大,,0,0
𡙾,大,,0,0
𡙿,大,,0,0
𡚀,大,,0,0
𡚁,大,bì,4,0
𡚂,大,,0,0
𡚃,大,,0,0
𡚄,大,,0,0
𡚅,大,kuǎi,3,0
𡚆,大,,0,0
𡚇,大,yàn,4,0
𡚈,大,wéi,2,0
𡚉,大,,0,0
𡚊,大,huān,1,0
𡚋,大,,0,0
𡚌,大,hào,4,0
𡚍,大,,0,0
𡚎,大,,0,0
𡚏,大,,0,0
𡚐,大,,0,0
𡚑,大,gōng,1,0
𡚒,大,,0,0
𡚓,大,,0,0
𡚔,大,méng,2,0
𡚕,大,,0,0
𡚖,大,,0,0
𡚗,大,lěi,3,0
𡚘,大,,0,0
𡚙,大,dì,4,0
𡚚,大,,0,0
𡚛,大,bǐng,3,0
𡚜,大,huān,1,0
𡚝,大,,0,0
𡚞,大,,0,0
𡚟,大,wā,1,0
𡚠,大,jué,2,0
𡚡,大,,0,0
𡚢,大,,0,0
𡚣,大,,0,0
𡚤,大,,0,0
𡚥,大,,0,0
𡚦,女,,0,0
𡚧,女,,0,0
𡚨,女,chì,4,0
𡚩,女,,0,0
𡚪,女,,0,0
𡚫,女,,0,0
𡚬,女,,0,0
𡚭,女,bā,1,0
𡚮,女,jiǔ,3,0
𡚯,女,,0,0
𡚰,女,,0,0
𡚱,女,,0,0
𡚲,女,,0,0
𡚳,女,,0,0
𡚴,女,,0,0
𡚵,女,,0,0
𡚶,女,,0,0
𡚷,女,dì,4,0
𡚸,女,,0,0
𡚹,女,zhàng,4,0
𡚺,女,,0,0
𡚻,女,dà,4,0
𡚼,女,shí,2,0
𡚽,女,hào,4,0
𡚾,女,,0,0
𡚿,女,,0,0
𡛀,女,,0,0
𡛁,女,,0,0
𡛂,女,,0,0
𡛃,女,,0,0
𡛄,女,,0,0
𡛅,女,,0,0
𡛆,女,,0,0
𡛇,女,,0,0
𡛈,女,,0,0
𡛉,女,,0,0
𡛊,女,,0,0
𡛋,女,,0,0
𡛌,女,yè,4,0
𡛍,女,,0,0
𡛎,女,,0,0
𡛏,女,,0,0
𡛐,女,,0,0
𡛑,女,,0,0
𡛒,女,,0,0
𡛓,女,,0,0
𡛔,女,,0,0
𡛕,女,,0,0
𡛖,女,,0,0
𡛗,女,bì,4,0
𡛘,女,pǐ,3,0
𡛙,女,yǎo,3,0
𡛚,女,,0,0
𡛛,女,,0,0
𡛜,女,dī,1,0
𡛝,女,càn,4,0
𡛞,女,pín,2,0
𡛟,女,yuè,4,0
𡛠,女,qiē,1,0
𡛡,女,pī,1,0
𡛢,女,,0,0
𡛣,女,,0,0
𡛤,女,,0,0
𡛥,女,,0,0
𡛦,女,,0,0
𡛧,女,,0,0
𡛨,女,,0,0
𡛩,女,,0,0
𡛪,女,,0,0
𡛫,女,,0,0
𡛬,女,,0,0
𡛭,女,,0,0
𡛮,女,,0,0
𡛯,女,,0,0
𡛰,女,,0,0
𡛱,女,,0,0
𡛲,女,,0,0
𡛳,女,,0,0
𡛴,女,,0,0
𡛵,女,tuǒ,3,0
𡛶,女,xiè,4,0
𡛷,女,,0,0
𡛸,女,,0,0
𡛹,女,,0,0
𡛺,女,,0,0
𡛻,女,,0,0
𡛼,女,,0,0
𡛽,女,yè,4,0
𡛾,女,,0,0
𡛿,女,,0,0
𡜀,女,fàn,4,0
𡜁,女,guā,1,0
𡜂,女,hù,4,0
𡜃,女,rǔ,3,0
𡜄,女,,0,0
𡜅,女,,0,0
𡜆,女,,0,0
𡜇,女,,0,0
𡜈,女,,0,0
𡜉,女,rǎn,3,0
𡜊,女,fǒu,3,0
𡜋,女,huāng,1,0
𡜌,女,,0,0
𡜍,女,,0,0
𡜎,女,,0,0
𡜏,女,,0,0
𡜐,女,,0,0
𡜑,女,,0,0
𡜒,女,,0,0
𡜓,女,,0,0
𡜔,女,,0,0
𡜕,女,,0,0
𡜖,女,,0,0
𡜗,女,,0,0
𡜘,女,,0,0
𡜙,女,,0,0
𡜚,女,rú,2,0
𡜛,女,,0,0
𡜜,女,,0,0
𡜝,女,,0,0
𡜞,女,,0,0
𡜟,女,,0,0
𡜠,女,,0,0
𡜡,女,,0,0
𡜢,女,mǎo,3,0
𡜣,女,,0,0
𡜤,女,,0,0
𡜥,女,duī,1,0
𡜦,女,huì,4,0
𡜧,女,xì,4,0
𡜨,女,xiū,1,0
𡜩,女,,0,0
𡜪,女,,0,0
𡜫,女,rǎn,3,0
𡜬,女,yī,1,0
𡜭,女,,0,0
𡜮,女,,0,0
𡜯,女,zhé,2,0
𡜰,女,,0,0
𡜱,女,jì,4,0
𡜲,女,gào,4,0
𡜳,女,yòu,4,0
𡜴,女,,0,0
𡜵,女,pū,1,0
𡜶,女,,0,0
𡜷,女,,0,0
𡜸,女,,0,0
𡜹,女,,0,0
𡜺,女,,0,0
𡜻,女,,0,0
𡜼,女,,0,0
𡜽,女,,0,0
𡜾,女,,0,0
𡜿,女,,0,0
𡝀,女,,0,0
𡝁,女,,0,0
𡝂,女,,0,0
𡝃,女,,0,0
𡝄,女,,0,0
𡝅,女,,0,0
𡝆,女,,0,0
𡝇,女,,0,0
𡝈,女,chù,4,0
𡝉,女,cū,1,0
𡝊,女,zhé,2,0
𡝋,女,niǎo,3,0
𡝌,女,,0,0
𡝍,女,qiè,4,0
𡝎,女,,0,0
𡝏,女,,0,0
𡝐,女,chá,2,0
𡝑,女,,0,0
𡝒,女,niǎo,3,0
𡝓,女,suī,1,0
𡝔,女,,0,0
𡝕,女,,0,0
𡝖,女,,0,0
𡝗,女,,0,0
𡝘,女,,0,0
𡝙,女,chá,2,0
𡝚,女,chéng,2,0
𡝛,女,yáo,2,0
𡝜,女,dù,4,0
𡝝,女,wāng,1,0
𡝞,女,,0,0
𡝟,女,niàn,4,0
𡝠,女,mí,2,0
𡝡,女,,0,0
𡝢,女,,0,0
𡝣,女,,0,0
𡝤,女,,0,0
𡝥,女,,0,0
𡝦,女,nǒu,3,0
𡝧,女,xì,4,0
𡝨,女,,0,0
𡝩,女,yāo,1,0
𡝪,女,,0,0
𡝫,女,chān,1,0
𡝬,女,,0,0
𡝭,女,,0,0
𡝮,女,,0,0
𡝯,女,,0,0
𡝰,女,,0,0
𡝱,女,,0,0
𡝲,女,,0,0
𡝳,女,,0,0
𡝴,女,,0,0
𡝵,女,,0,0
𡝶,女,,0,0
𡝷,女,,0,0
𡝸,女,,0,0
𡝹,女,,0,0
𡝺,女,,0,0
𡝻,女,,0,0
𡝼,女,,0,0
𡝽,女,,0,0
𡝾,女,,0,0
𡝿,女,,0,0
𡞀,女,,0,0
𡞁,女,,0,0
𡞂,女,,0,0
𡞃,女,,0,0
𡞄,女,,0,0
𡞅,女,,0,0
𡞆,女,,0,0
𡞇,女,,0,0
𡞈,女,,0,0
𡞉,女,,0,0
𡞊,女,,0,0
𡞋,女,cān,1,0
𡞌,女,,0,0
𡞍,女,,0,0
𡞎,女,,0,0
𡞏,女,,0,0
𡞐,女,,0,0
𡞑,女,,0,0
𡞒,女,,0,0
𡞓,女,,0,0
𡞔,女,,0,0
𡞕,女,,0,0
𡞖,女,,0,0
𡞗,女,,0,0
𡞘,女,xiè,4,0
𡞙,女,miè,4,0
𡞚,女,kěng,3,0
𡞛,女,,0,0
𡞜,女,cù,4,0
𡞝,女,,0,0
𡞞,女,shěng,3,0
𡞟,女,pàn,4,0
𡞠,女,hù,4,0
𡞡,女,,0,0
𡞢,女,kè,4,0
𡞣,女,xiàn,4,0
𡞤,女,,0,0
𡞥,女,hóu,2,0
𡞦,女,qióng,2,0
𡞧,女,zōng,1,0
𡞨,女,,0,0
𡞩,女,,0,0
𡞪,女,fú,2,0
𡞫,女,nài,4,0
𡞬,女,,0,0
𡞭,女,nì,4,0
𡞮,女,,0,0
𡞯,女,kǔ,3,0
𡞰,女,,0,0
𡞱,女,,0,0
𡞲,女,,0,0
𡞳,女,,0,0
𡞴,女,,0,0
𡞵,女,,0,0
𡞶,女,,0,0
𡞷,女,,0,0
𡞸,女,,0,0
𡞹,女,,0,0
𡞺,女,,0,0
𡞻,女,,0,0
𡞼,女,,0,0
𡞽,女,,0,0
𡞾,女,nèn,4,0
𡞿,女,,0,0
𡟀,女,,0,0
𡟁,女,,0,0
𡟂,女,,0,0
𡟃,女,,0,0
𡟄,女,,0,0
𡟅,女,,0,0
𡟆,女,,0,0
𡟇,女,,0,0
𡟈,女,,0,0
𡟉,女,,0,0
𡟊,女,,0,0
𡟋,女,,0,0
𡟌,女,,0,0
𡟍,女,gē,1,0
𡟎,女,,0,0
𡟏,女,,0,0
𡟐,女,,0,0
𡟑,女,hóu,2,0
𡟒,女,,0,0
𡟓,女,āi,1,0
𡟔,女,,0,0
𡟕,女,shī,1,0
𡟖,女,,0,0
𡟗,女,,0,0
𡟘,女,,0,0
𡟙,女,,0,0
𡟚,女,,0,0
𡟛,女,,0,0
𡟜,女,,0,0
𡟝,女,,0,0
𡟞,女,xiū,1,0
𡟟,女,cōng,1,0
𡟠,女,jiāo,1,0
𡟡,女,,0,0
𡟢,女,zhá,2,0
𡟣,女,xiāo,1,0
𡟤,女,liàn,4,0
𡟥,女,qǔ,3,0
𡟦,女,,0,0
𡟧,女,,0,0
𡟨,女,shǎn,3,0
𡟩,女,xiè,4,0
𡟪,女,,0,0
𡟫,女,gòng,4,0
𡟬,女,miè,4,0
𡟭,女,chái,2,0
𡟮,女,,0,0
𡟯,女,ēn,1,0
𡟰,女,,0,0
𡟱,女,,0,0
𡟲,女,,0,0
𡟳,女,dòu,4,0
𡟴,女,,0,0
𡟵,女,,0,0
𡟶,女,,0,0
𡟷,女,,0,0
𡟸,女,,0,0
𡟹,女,,0,0
𡟺,女,,0,0
𡟻,女,,0,0
𡟼,女,,0,0
𡟽,女,,0,0
𡟾,女,,0,0
𡟿,女,,0,0
𡠀,女,,0,0
𡠁,女,,0,0
𡠂,女,,0,0
𡠃,女,,0,0
𡠄,女,,0,0
𡠅,女,,0,0
𡠆,女,kòu,4,0
𡠇,女,,0,0
𡠈,女,,0,0
𡠉,女,,0,0
𡠊,女,tiáo,2,0
𡠋,女,shī,1,0
𡠌,女,,0,0
𡠍,女,,0,0
𡠎,女,,0,0
𡠏,女,sāng,1,0
𡠐,女,,0,0
𡠑,女,,0,0
𡠒,女,guān,1,0
𡠓,女,,0,0
𡠔,女,,0,0
𡠕,女,,0,0
𡠖,女,hào,4,0
𡠗,女,zhì,4,0
𡠘,女,yàng,4,0
𡠙,女,tōng,1,0
𡠚,女,bì,4,0
𡠛,女,,0,0
𡠜,女,mó,2,0
𡠝,女,,0,0
𡠞,女,fú,2,0
𡠟,女,zhú,2,0
𡠠,女,,0,0
𡠡,女,,0,0
𡠢,女,,0,0
𡠣,女,,0,0
𡠤,女,,0,0
𡠥,女,qiáng,2,0
𡠦,女,,0,0
𡠧,女,,0,0
𡠨,女,,0,0
𡠩,女,,0,0
𡠪,女,,0,0
𡠫,女,,0,0
𡠬,女,,0,0
𡠭,女,,0,0
𡠮,女,,0,0
𡠯,女,,0,0
𡠰,女,,0,0
𡠱,女,,0,0
𡠲,女,,0,0
𡠳,女,,0,0
𡠴,女,,0,0
𡠵,女,,0,0
𡠶,女,,0,0
𡠷,女,,0,0
𡠸,女,,0,0
𡠹,女,zhì,4,0
𡠺,女,,0,0
𡠻,女,,0,0
𡠼,女,sōu,1,0
𡠽,女,,0,0
𡠾,女,,0,0
𡠿,女,niǎo,3,0
𡡀,女,juàn,4,0
𡡁,女,,0,0
𡡂,女,yàng,4,0
𡡃,女,,0,0
𡡄,女,huāng,1,0
𡡅,女,,0,0
𡡆,女,,0,0
𡡇,女,,0,0
𡡈,女,bēng,1,0
𡡉,女,mó,2,0
𡡊,女,cháo,2,0
𡡋,女,,0,0
𡡌,女,,0,0
𡡍,女,,0,0
𡡎,女,lǚ,3,0
𡡏,女,shāo,1,0
𡡐,女,bǔ,3,0
𡡑,女,zēng,1,0
𡡒,女,sī,1,0
𡡓,女,,0,0
𡡔,女,zuì,4,0
𡡕,女,yuē,1,0
𡡖,女,zān,1,0
𡡗,女,luǎn,3,0
𡡘,女,,0,0
𡡙,女,,0,0
𡡚,女,,0,0
𡡛,女,,0,0
𡡜,女,,0,0
𡡝,女,,0,0
𡡞,女,,0,0
𡡟,女,,0,0
𡡠,女,,0,0
𡡡,女,,0,0
𡡢,女,,0,0
𡡣,女,,0,0
𡡤,女,,0,0
𡡥,女,qú,2,0
𡡦,女,,0,0
𡡧,女,,0,0
𡡨,女,,0,0
𡡩,女,,0,0
𡡪,女,,0,0
𡡫,女,,0,0
𡡬,女,,0,0
𡡭,女,,0,0
𡡮,女,,0,0
𡡯,女,,0,0
𡡰,女,,0,0
𡡱,女,,0,0
𡡲,女,,0,0
𡡳,女,,0,0
𡡴,女,,0,0
𡡵,女,,0,0
𡡶,女,,0,0
𡡷,女,,0,0
𡡸,女,,0,0
𡡹,女,,0,0
𡡺,女,miǎo,3,0
𡡻,女,,0,0
𡡼,女,,0,0
𡡽,女,,0,0
𡡾,女,,0,0
𡡿,女,,0,0
𡢀,女,zhuàn,4,0
𡢁,女,,0,0
𡢂,女,,0,0
𡢃,女,,0,0
𡢄,女,,0,0
𡢅,女,,0,0
𡢆,女,,0,0
𡢇,女,,0,0
𡢈,女,dàng,4,0
𡢉,女,,0,0
𡢊,女,yuān,1,0
𡢋,女,,0,0
𡢌,女,,0,0
𡢍,女,,0,0
𡢎,女,,0,0
𡢏,米,,0,0
𡢐,女,,0,0
𡢑,女,,0,0
𡢒,女,jǔ,3,0
𡢓,女,,0,0
𡢔,女,,0,0
𡢕,女,huǐ,3,0
𡢖,女,qì,4,0
𡢗,女,,0,0
𡢘,女,yùn,4,0
𡢙,女,,0,0
𡢚,女,màn,4,0
𡢛,女,,0,0
𡢜,女,mǒ,3,0
𡢝,女,,0,0
𡢞,女,,0,0
𡢟,女,,0,0
𡢠,女,,0,0
𡢡,女,,0,0
𡢢,女,,0,0
𡢣,女,,0,0
𡢤,女,,0,0
𡢥,女,,0,0
𡢦,女,,0,0
𡢧,女,,0,0
𡢨,女,,0,0
𡢩,女,,0,0
𡢪,女,,0,0
𡢫,女,,0,0
𡢬,女,,0,0
𡢭,女,,0,0
𡢮,女,,0,0
𡢯,女,,0,0
𡢰,女,,0,0
𡢱,女,piāo,1,0
𡢲,女,,0,0
𡢳,女,jìn,4,0
𡢴,女,,0,0
𡢵,女,,0,0
𡢶,女,,0,0
𡢷,女,,0,0
𡢸,女,,0,0
𡢹,女,yāo,1,0
𡢺,女,,0,0
𡢻,女,,0,0
𡢼,女,,0,0
𡢽,女,,0,0
𡢾,女,,0,0
𡢿,女,,0,0
𡣀,女,chì,4,0
𡣁,女,nì,4,0
𡣂,女,sōu,1,0
𡣃,女,,0,0
𡣄,女,,0,0
𡣅,女,,0,0
𡣆,女,,0,0
𡣇,女,,0,0
𡣈,女,shù,4,0
𡣉,女,,0,0
𡣊,女,,0,0
𡣋,女,piāo,1,0
𡣌,女,,0,0
𡣍,女,,0,0
𡣎,女,,0,0
𡣏,女,,0,0
𡣐,女,,0,0
𡣑,女,,0,0
𡣒,女,,0,0
𡣓,女,,0,0
𡣔,女,hàn,4,0
𡣕,女,,0,0
𡣖,女,,0,0
𡣗,女,,0,0
𡣘,女,,0,0
𡣙,女,,0,0
𡣚,女,,0,0
𡣛,女,,0,0
𡣜,女,,0,0
𡣝,女,,0,0
𡣞,女,,0,0
𡣟,女,,0,0
𡣠,女,yāo,1,0
𡣡,女,,0,0
𡣢,里,néi,2,0
𡣣,女,,0,0
𡣤,女,,0,0
𡣥,女,,0,0
𡣦,女,,0,0
𡣧,女,,0,0
𡣨,女,,0,0
𡣩,女,,0,0
𡣪,女,shì,4,0
𡣫,女,,0,0
𡣬,女,yuān,1,0
𡣭,女,,0,0
𡣮,女,cài,4,0
𡣯,女,jié,2,0
𡣰,女,,0,0
𡣱,女,,0,0
𡣲,女,,0,0
𡣳,女,,0,0
𡣴,女,,0,0
𡣵,女,,0,0
𡣶,女,,0,0
𡣷,女,,0,0
𡣸,女,,0,0
𡣹,女,xiè,4,0
𡣺,女,,0,0
𡣻,女,,0,0
𡣼,女,,0,0
𡣽,女,yán,2,0
𡣾,女,xiāo,1,0
𡣿,女,,0,0
𡤀,女,,0,0
𡤁,女,,0,0
𡤂,女,,0,0
𡤃,女,,0,0
𡤄,女,,0,0
𡤅,女,,0,0
𡤆,女,,0,0
𡤇,女,,0,0
𡤈,女,,0,0
𡤉,女,,0,0
𡤊,女,,0,0
𡤋,女,xiè,4,0
𡤌,女,lì,4,0
𡤍,女,,0,0
𡤎,女,fàn,4,0
𡤏,女,,0,0
𡤐,女,,0,0
𡤑,女,,0,0
𡤒,女,,0,0
𡤓,女,,0,0
𡤔,女,,0,0
𡤕,女,,0,0
𡤖,女,,0,0
𡤗,女,zhù,4,0
𡤘,女,,0,0
𡤙,女,nà,4,0
𡤚,女,,0,0
𡤛,女,zhuǎn,3,0
𡤜,女,,0,0
𡤝,女,,0,0
𡤞,女,kuī,1,0
𡤟,女,,0,0
𡤠,女,,0,0
𡤡,女,,0,0
𡤢,女,luó,2,0
𡤣,女,,0,0
𡤤,女,,0,0
𡤥,女,,0,0
𡤦,女,,0,0
𡤧,女,,0,0
𡤨,女,,0,0
𡤩,女,,0,0
𡤪,女,,0,0
𡤫,女,qiā,1,0
𡤬,女,,0,0
𡤭,女,,0,0
𡤮,女,,0,0
𡤯,女,,0,0
𡤰,女,,0,0
𡤱,女,,0,0
𡤲,女,,0,0
𡤳,女,,0,0
𡤴,女,,0,0
𡤵,女,,0,0
𡤶,女,wān,1,0
𡤷,女,,0,0
𡤸,女,,0,0
𡤹,女,,0,0
𡤺,女,,0,0
𡤻,女,,0,0
𡤼,子,,0,0
𡤽,子,shǔ,3,0
𡤾,子,,0,0
𡤿,子,chèng,4,0
𡥀,子,,0,0
𡥁,子,yì,4,0
𡥂,子,,0,0
𡥃,子,,0,0
𡥄,子,,0,0
𡥅,子,,0,0
𡥆,子,hǎo,3,0
𡥇,子,,0,0
𡥈,子,jiào,4,0
𡥉,子,,0,0
𡥊,子,,0,0
𡥋,卜,huì,4,0
𡥌,子,,0,0
𡥍,子,xiào,4,0
𡥎,子,cí,2,0
𡥏,子,,0,0
𡥐,子,,0,0
𡥑,子,,0,0
𡥒,子,,0,0
𡥓,子,,0,0
𡥔,子,,0,0
𡥕,子,,0,0
𡥖,子,,0,0
𡥗,子,,0,0
𡥘,子,,0,0
𡥙,子,,0,0
𡥚,子,,0,0
𡥛,子,,0,0
𡥜,子,,0,0
𡥝,子,,0,0
𡥞,子,jì,4,0
𡥟,子,,0,0
𡥠,子,,0,0
𡥡,子,,0,0
𡥢,子,,0,0
𡥣,子,,0,0
𡥤,子,,0,0
𡥥,子,,0,0
𡥦,子,nǐ,3,0
𡥧,子,jìn,4,0
𡥨,子,nǐ,3,0
𡥩,子,tǐ,3,0
𡥪,子,,0,0
𡥫,子,,0,0
𡥬,子,,0,0
𡥭,子,,0,0
𡥮,子,,0,0
𡥯,子,,0,0
𡥰,子,,0,0
𡥱,子,,0,0
𡥲,子,,0,0
𡥳,子,,0,0
𡥴,子,,0,0
𡥵,子,,0,0
𡥶,子,jù,4,0
𡥷,子,,0,0
𡥸,子,mìng,4,0
𡥹,子,,0,0
𡥺,子,,0,0
𡥻,子,,0,0
𡥼,子,,0,0
𡥽,子,lí,2,0
𡥾,子,,0,0
𡥿,子,zhòng,4,0
𡦀,子,,0,0
𡦁,子,xù,4,0
𡦂,子,,0,0
𡦃,子,qióng,2,0
𡦄,子,fú,2,0
𡦅,子,,0,0
𡦆,子,bìn,4,0
𡦇,子,,0,0
𡦈,子,,0,0
𡦉,子,,0,0
𡦊,子,jì,4,0
𡦋,子,,0,0
𡦌,子,,0,0
𡦍,子,qí,2,0
𡦎,子,xì,4,0
𡦏,子,,0,0
𡦐,子,,0,0
𡦑,子,,0,0
𡦒,子,,0,0
𡦓,子,,0,0
𡦔,子,dèng,4,0
𡦕,子,ér,2,0
𡦖,子,,0,0
𡦗,子,,0,0
𡦘,子,,0,0
𡦙,子,,0,0
𡦚,子,,0,0
𡦛,子,shú,2,0
𡦜,子,tóng,2,0
𡦝,子,xiáo,2,0
𡦞,子,,0,0
𡦟,子,pí,2,0
𡦠,子,,0,0
𡦡,子,,0,0
𡦢,子,,0,0
𡦣,子,,0,0
𡦤,子,,0,0
𡦥,子,,0,0
𡦦,子,,0,0
𡦧,子,,0,0
𡦨,子,dǎn,3,0
𡦩,子,,0,0
𡦪,子,jí,2,0
𡦫,子,,0,0
𡦬,子,,0,0
𡦭,子,,0,0
𡦮,子,,0,0
𡦯,子,,0,0
𡦰,子,,0,0
𡦱,子,,0,0
𡦲,子,,0,0
𡦳,子,xiào,4,0
𡦴,子,,0,0
𡦵,子,,0,0
𡦶,子,,0,0
𡦷,子,cóng,2,0
𡦸,子,,0,0
𡦹,宀,,0,0
𡦺,宀,,0,0
𡦻,宀,bīn,1,0
𡦼,宀,rǒng,3,0
𡦽,宀,,0,0
𡦾,宀,,0,0
𡦿,宀,,0,0
𡧀,宀,,0,0
𡧁,宀,,0,0
𡧂,宀,,0,0
𡧃,宀,,0,0
𡧄,宀,,0,0
𡧅,宀,,0,0
𡧆,宀,,0,0
𡧇,宀,,0,0
𡧈,宀,,0,0
𡧉,宀,,0,0
𡧊,宀,,0,0
𡧋,宀,,0,0
𡧌,宀,,0,0
𡧍,宀,miàn,4,0
𡧎,宀,,0,0
𡧏,宀,,0,0
𡧐,宀,,0,0
𡧑,宀,,0,0
𡧒,宀,miàn,4,0
𡧓,宀,,0,0
𡧔,宀,shū,1,0
𡧕,宀,xiáo,2,0
𡧖,宀,bǎo,3,0
𡧗,宀,wà,4,0
𡧘,宀,,0,0
𡧙,宀,pào,4,0
𡧚,宀,,0,0
𡧛,宀,,0,0
𡧜,宀,,0,0
𡧝,宀,,0,0
𡧞,宀,,0,0
𡧟,宀,,0,0
𡧠,宀,,0,0
𡧡,宀,,0,0
𡧢,宀,,0,0
𡧣,宀,gǎi,3,0
𡧤,宀,,0,0
𡧥,宀,hū,1,0
𡧦,宀,héng,2,0
𡧧,宀,,0,0
𡧨,宀,zhú,2,0
𡧩,宀,guāi,1,0
𡧪,宀,,0,0
𡧫,宀,,0,0
𡧬,宀,,0,0
𡧭,宀,guì,4,0
𡧮,宀,,0,0
𡧯,宀,,0,0
𡧰,宀,,0,0
𡧱,宀,,0,0
𡧲,宀,,0,0
𡧳,宀,,0,0
𡧴,宀,,0,0
𡧵,宀,,0,0
𡧶,宀,,0,0
𡧷,宀,,0,0
𡧸,宀,,0,0
𡧹,宀,dài,4,0
𡧺,宀,,0,0
𡧻,宀,,0,0
𡧼,宀,bīn,1,0
𡧽,宀,huǎng,3,0
𡧾,宀,,0,0
𡧿,宀,,0,0
𡨀,宀,chá,2,0
𡨁,宀,,0,0
𡨂,宀,,0,0
𡨃,宀,,0,0
𡨄,宀,xià,4,0
𡨅,宀,jú,2,0
𡨆,宀,,0,0
𡨇,宀,yǎo,3,0
𡨈,宀,,0,0
𡨉,宀,,0,0
𡨊,宀,,0,0
𡨋,宀,,0,0
𡨌,宀,,0,0
𡨍,宀,,0,0
𡨎,宀,,0,0
𡨏,宀,,0,0
𡨐,宀,,0,0
𡨑,宀,,0,0
𡨒,宀,,0,0
𡨓,宀,,0,0
𡨔,宀,,0,0
𡨕,宀,,0,0
𡨖,宀,fěn,3,0
𡨗,宀,zào,4,0
𡨘,宀,,0,0
𡨙,宀,,0,0
𡨚,宀,,0,0
𡨛,宀,fēng,1,0
𡨜,宀,,0,0
𡨝,宀,,0,0
𡨞,宀,,0,0
𡨟,宀,,0,0
𡨠,宀,,0,0
𡨡,宀,,0,0
𡨢,宀,jū,1,0
𡨣,宀,yù,4,0
𡨤,宀,,0,0
𡨥,宀,,0,0
𡨦,宀,,0,0
𡨧,宀,,0,0
𡨨,宀,,0,0
𡨩,宀,hūn,1,0
𡨪,宀,,0,0
𡨫,宀,,0,0
𡨬,宀,,0,0
𡨭,宀,,0,0
𡨮,宀,,0,0
𡨯,宀,,0,0
𡨰,宀,,0,0
𡨱,宀,,0,0
𡨲,宀,jié,2,0
𡨳,宀,xiòng,4,0
𡨴,宀,,0,0
𡨵,宀,nài,4,0
𡨶,宀,,0,0
𡨷,宀,,0,0
𡨸,宀,,0,0
𡨹,宀,,0,0
𡨺,宀,,0,0
𡨻,宀,nǒu,3,0
𡨼,宀,,0,0
𡨽,宀,shěng,3,0
𡨾,宀,,0,0
𡨿,宀,yù,4,0
𡩀,宀,,0,0
𡩁,宀,,0,0
𡩂,宀,huán,2,0
𡩃,宀,gěng,3,0
𡩄,宀,wǎn,3,0
𡩅,宀,,0,0
𡩆,宀,tuó,2,0
𡩇,宀,qiāo,1,0
𡩈,宀,,0,0
𡩉,宀,,0,0
𡩊,宀,,0,0
𡩋,宀,,0,0
𡩌,宀,,0,0
𡩍,宀,,0,0
𡩎,宀,,0,0
𡩏,宀,,0,0
𡩐,宀,,0,0
𡩑,宀,,0,0
𡩒,宀,,0,0
𡩓,宀,,0,0
𡩔,宀,,0,0
𡩕,宀,,0,0
𡩖,宀,,0,0
𡩗,宀,,0,0
𡩘,宀,yìn,4,0
𡩙,宀,,0,0
𡩚,宀,jiā,1,0
𡩛,宀,,0,0
𡩜,宀,,0,0
𡩝,宀,,0,0
𡩞,宀,,0,0
𡩟,宀,,0,0
𡩠,宀,,0,0
𡩡,宀,suǒ,3,0
𡩢,宀,,0,0
𡩣,宀,jié,2,0
𡩤,宀,xī,1,0
𡩥,宀,wěng,3,0
𡩦,宀,,0,0
𡩧,宀,,0,0
𡩨,宀,,0,0
𡩩,宀,máng,2,0
𡩪,宀,,0,0
𡩫,宀,,0,0
𡩬,宀,,0,0
𡩭,宀,,0,0
𡩮,宀,,0,0
𡩯,宀,,0,0
𡩰,宀,,0,0
𡩱,宀,,0,0
𡩲,宀,,0,0
𡩳,宀,,0,0
𡩴,宀,,0,0
𡩵,宀,,0,0
𡩶,宀,yáng,2,0
𡩷,宀,,0,0
𡩸,宀,yáo,2,0
𡩹,宀,,0,0
𡩺,宀,,0,0
𡩻,宀,,0,0
𡩼,宀,,0,0
𡩽,宀,máng,2,0
𡩾,宀,ōu,1,0
𡩿,宀,,0,0
𡪀,宀,,0,0
𡪁,宀,án,2,0
𡪂,宀,,0,0
𡪃,宀,,0,0
𡪄,宀,,0,0
𡪅,宀,lòu,4,0
𡪆,宀,,0,0
𡪇,宀,,0,0
𡪈,宀,,0,0
𡪉,宀,,0,0
𡪊,宀,,0,0
𡪋,宀,,0,0
𡪌,宀,,0,0
𡪍,宀,,0,0
𡪎,宀,,0,0
𡪏,宀,,0,0
𡪐,宀,,0,0
𡪑,宀,è,4,0
𡪒,宀,zǐ,3,0
𡪓,宀,,0,0
𡪔,宀,,0,0
𡪕,宀,,0,0
𡪖,宀,,0,0
𡪗,宀,è,4,0
𡪘,宀,,0,0
𡪙,宀,àn,4,0
𡪚,宀,,0,0
𡪛,宀,,0,0
𡪜,宀,,0,0
𡪝,宀,,0,0
𡪞,又,huò,4,0
𡪟,宀,,0,0
𡪠,宀,céng,2,0
𡪡,宀,,0,0
𡪢,宀,,0,0
𡪣,宀,,0,0
𡪤,宀,,0,0
𡪥,宀,,0,0
𡪦,宀,,0,0
𡪧,宀,,0,0
𡪨,宀,,0,0
𡪩,宀,,0,0
𡪪,宀,,0,0
𡪫,宀,,0,0
𡪬,宀,,0,0
𡪭,宀,,0,0
𡪮,宀,,0,0
𡪯,宀,,0,0
𡪰,宀,xiòng,4,0
𡪱,宀,jì,4,0
𡪲,宀,,0,0
𡪳,宀,zuó,2,0
𡪴,宀,,0,0
𡪵,宀,qí,2,0
𡪶,宀,,0,0
𡪷,宀,,0,0
𡪸,宀,,0,0
𡪹,宀,,0,0
𡪺,宀,zhēng,1,0
𡪻,宀,,0,0
𡪼,宀,,0,0
𡪽,宀,,0,0
𡪾,宀,,0,0
𡪿,宀,,0,0
𡫀,宀,jī,1,0
𡫁,宀,qī,1,0
𡫂,宀,juǎn,3,0
𡫃,宀,níng,2,0
𡫄,宀,,0,0
𡫅,宀,,0,0
𡫆,宀,,0,0
𡫇,宀,,0,0
𡫈,宀,,0,0
𡫉,宀,,0,0
𡫊,宀,,0,0
𡫋,宀,,0,0
𡫌,宀,,0,0
𡫍,宀,,0,0
𡫎,宀,,0,0
𡫏,宀,,0,0
𡫐,宀,,0,0
𡫑,宀,,0,0
𡫒,宀,,0,0
𡫓,宀,,0,0
𡫔,宀,,0,0
𡫕,宀,,0,0
𡫖,宀,,0,0
𡫗,宀,,0,0
𡫘,宀,,0,0
𡫙,宀,,0,0
𡫚,宀,,0,0
𡫛,宀,,0,0
𡫜,宀,,0,0
𡫝,宀,,0,0
𡫞,宀,,0,0
𡫟,宀,sè,4,0
𡫠,宀,,0,0
𡫡,宀,,0,0
𡫢,宀,,0,0
𡫣,宀,,0,0
𡫤,宀,,0,0
𡫥,宀,hè,4,0
𡫦,宀,rǒng,3,0
𡫧,宀,qǐn,3,0
𡫨,宀,,0,0
𡫩,宀,,0,0
𡫪,宀,,0,0
𡫫,宀,,0,0
𡫬,宀,jū,1,0
𡫭,宀,,0,0
𡫮,宀,,0,0
𡫯,宀,lì,4,0
𡫰,宀,,0,0
𡫱,宀,,0,0
𡫲,宀,,0,0
𡫳,宀,,0,0
𡫴,宀,,0,0
𡫵,宀,shí,2,0
𡫶,宀,,0,0
𡫷,宀,,0,0
𡫸,宀,nì,4,0
𡫹,宀,xián,2,0
𡫺,宀,fū,1,0
𡫻,宀,,0,0
𡫼,宀,,0,0
𡫽,宀,rǔ,3,0
𡫾,宀,,0,0
𡫿,宀,,0,0
𡬀,宀,,0,0
𡬁,宀,xiòng,4,0
𡬂,宀,guì,4,0
𡬃,宀,,0,0
𡬄,宀,jì,4,0
𡬅,宀,,0,0
𡬆,宀,měng,3,0
𡬇,宀,fū,1,0
𡬈,宀,,0,0
𡬉,宀,sài,4,0
𡬊,宀,yù,4,0
𡬋,宀,jiào,4,0
𡬌,宀,mèng,4,0
𡬍,宀,lóng,2,0
𡬎,宀,qiāng,1,0
𡬏,宀,,0,0
𡬐,宀,mí,2,0
𡬑,宀,,0,0
𡬒,宀,,0,0
𡬓,宀,yí,2,0
𡬔,宀,,0,0
𡬕,宀,lóng,2,0
𡬖,宀,hān,1,0
𡬗,宀,nì,4,0
𡬘,宀,lào,4,0
𡬙,宀,sèng,4,0
𡬚,宀,,0,0
𡬛,宀,,0,0
𡬜,宀,lǐn,3,0
𡬝,寸,,0,0
𡬞,寸,yù,4,0
𡬟,寸,,0,0
𡬠,寸,,0,0
𡬡,寸,,0,0
𡬢,寸,,0,0
𡬣,寸,,0,0
𡬤,寸,,0,0
𡬥,寸,nuó,2,0
𡬦,寸,,0,0
𡬧,寸,,0,0
𡬨,寸,,0,0
𡬩,寸,,0,0
𡬪,寸,,0,0
𡬫,寸,wù,4,0
𡬬,寸,,0,0
𡬭,寸,,0,0
𡬮,寸,,0,0
𡬯,寸,biǎn,3,0
𡬰,寸,,0,0
𡬱,寸,,0,0
𡬲,寸,biǎn,3,0
𡬳,寸,xuān,1,0
𡬴,寸,,0,0
𡬵,寸,jiān,1,0
𡬶,寸,,0,0
𡬷,寸,,0,0
𡬸,寸,biǎn,3,0
𡬹,寸,,0,0
𡬺,寸,,0,0
𡬻,寸,,0,0
𡬼,寸,,0,0
𡬽,寸,,0,0
𡬾,寸,,0,0
𡬿,寸,,0,0
𡭀,寸,,0,0
𡭁,寸,,0,0
𡭂,寸,dé,2,0
𡭃,寸,,0,0
𡭄,寸,,0,0
𡭅,寸,,0,0
𡭆,寸,,0,0
𡭇,寸,zhuān,1,0
𡭈,寸,,0,0
𡭉,寸,,0,0
𡭊,寸,,0,0
𡭋,寸,rǒng,3,0
𡭌,寸,,0,0
𡭍,寸,,0,0
𡭎,寸,,0,0
𡭏,寸,,0,0
𡭐,寸,shuàn,4,0
𡭑,寸,,0,0
𡭒,寸,,0,0
𡭓,寸,,0,0
𡭔,小,,0,0
𡭕,小,,0,0
𡭖,小,,0,0
𡭗,小,,0,0
𡭘,小,jiā,1,0
𡭙,小,,0,0
𡭚,小,,0,0
𡭛,小,huǐ,3,0
𡭜,小,,0,0
𡭝,小,,0,0
𡭞,小,zhān,1,0
𡭟,小,,0,0
𡭠,小,,0,0
𡭡,小,,0,0
𡭢,小,bài,4,0
𡭣,小,liè,4,0
𡭤,小,,0,0
𡭥,小,xiē,1,0
𡭦,小,,0,0
𡭧,小,,0,0
𡭨,小,,0,0
𡭩,小,,0,0
𡭪,小,,0,0
𡭫,小,,0,0
𡭬,小,,0,0
𡭭,小,jiǎn,3,0
𡭮,小,shǒu,3,0
𡭯,小,,0,0
𡭰,小,,0,0
𡭱,小,,0,0
𡭲,小,,0,0
𡭳,小,kào,4,0
𡭴,小,,0,0
𡭵,小,,0,0
𡭶,小,,0,0
𡭷,小,guān,1,0
𡭸,小,luàn,4,0
𡭹,小,,0,0
𡭺,小,,0,0
𡭻,小,,0,0
𡭼,小,,0,0
𡭽,小,,0,0
𡭾,小,nǒu,3,0
𡭿,小,chǎng,3,0
𡮀,小,,0,0
𡮁,小,,0,0
𡮂,小,,0,0
𡮃,小,,0,0
𡮄,小,,0,0
𡮅,小,,0,0
𡮆,小,,0,0
𡮇,小,,0,0
𡮈,小,,0,0
𡮉,小,,0,0
𡮊,小,,0,0
𡮋,小,,0,0
𡮌,小,,0,0
𡮍,小,,0,0
𡮎,小,liáng,2,0
𡮏,小,,0,0
𡮐,小,,0,0
𡮑,小,,0,0
𡮒,小,,0,0
𡮓,小,,0,0
𡮔,小,,0,0
𡮕,小,,0,0
𡮖,小,,0,0
𡮗,小,,0,0
𡮘,小,,0,0
𡮙,小,nài,4,0
𡮚,小,rǔ,3,0
𡮛,小,,0,0
𡮜,小,,0,0
𡮝,小,,0,0
𡮞,小,zhì,4,0
𡮟,小,,0,0
𡮠,小,,0,0
𡮡,小,,0,0
𡮢,小,,0,0
𡮣,小,,0,0
𡮤,小,,0,0
𡮥,小,,0,0
𡮦,小,cáo,2,0
𡮧,小,,0,0
𡮨,小,,0,0
𡮩,小,,0,0
𡮪,小,,0,0
𡮫,小,,0,0
𡮬,小,,0,0
𡮭,小,,0,0
𡮮,小,,0,0
𡮯,小,,0,0
𡮰,小,lì,4,0
𡮱,小,,0,0
𡮲,小,,0,0
𡮳,小,,0,0
𡮴,小,,0,0
𡮵,小,,0,0
𡮶,小,,0,0
𡮷,小,,0,0
𡮸,小,,0,0
𡮹,小,,0,0
𡮺,小,,0,0
𡮻,小,lán,2,0
𡮼,小,,0,0
𡮽,小,,0,0
𡮾,小,,0,0
𡮿,小,chān,1,0
𡯀,小,,0,0
𡯁,尢,wāng,1,0
𡯂,尢,,0,0
𡯃,尢,,0,0
𡯄,尢,lì,4,0
𡯅,尢,,0,0
𡯆,尢,,0,0
𡯇,尢,wù,4,0
𡯈,尢,páo,2,0
𡯉,尢,yòu,4,0
𡯊,尢,,0,0
𡯋,尢,gān,1,0
𡯌,尢,,0,0
𡯍,尢,,0,0
𡯎,尢,,0,0
𡯏,尢,ān,1,0
𡯐,尢,xiū,1,0
𡯑,尢,shuǐ,3,0
𡯒,尢,ruǐ,3,0
𡯓,尢,,0,0
𡯔,尢,,0,0
𡯕,尢,,0,0
𡯖,尢,,0,0
𡯗,尢,,0,0
𡯘,尢,bǎn,3,0
𡯙,尢,yóu,2,0
𡯚,尢,,0,0
𡯛,尢,,0,0
𡯜,尢,,0,0
𡯝,尢,,0,0
𡯞,尢,,0,0
𡯟,尢,,0,0
𡯠,尢,,0,0
𡯡,尢,,0,0
𡯢,尢,huó,2,0
𡯣,尢,,0,0
𡯤,尢,,0,0
𡯥,虫,huī,1,0
𡯦,尢,,0,0
𡯧,尢,,0,0
𡯨,尢,zuò,4,0
𡯩,尢,xiāo,1,0
𡯪,尢,,0,0
𡯫,尢,mián,2,0
𡯬,尢,,0,0
𡯭,尢,,0,0
𡯮,尢,,0,0
𡯯,尢,,0,0
𡯰,尢,gà,4,0
𡯱,尢,yuǎn,3,0
𡯲,尢,,0,0
𡯳,尢,bò,4,0
𡯴,尢,chào,4,0
𡯵,尢,tuǐ,3,0
𡯶,尢,,0,0
𡯷,尢,bò,4,0
𡯸,尢,,0,0
𡯹,尢,,0,0
𡯺,尢,,0,0
𡯻,尢,,0,0
𡯼,尢,,0,0
𡯽,尢,gà,4,0
𡯾,尢,,0,0
𡯿,尢,tiāo,1,0
𡰀,尢,ná,2,0
𡰁,尢,,0,0
𡰂,尢,,0,0
𡰃,尢,,0,0
𡰄,尢,,0,0
𡰅,尢,hú,2,0
𡰆,尢,niè,4,0
𡰇,尢,,0,0
𡰈,尢,,0,0
𡰉,尢,,0,0
𡰊,尢,,0,0
𡰋,尢,huí,2,0
𡰌,尢,lǒu,3,0
𡰍,尢,,0,0
𡰎,尢,tí,2,0
𡰏,尢,,0,0
𡰐,尢,qiào,4,0
𡰑,尢,qiáo,2,0
𡰒,尢,zhǒng,3,0
𡰓,尢,,0,0
𡰔,尢,,0,0
𡰕,尢,,0,0
𡰖,尢,dī,1,0
𡰗,尢,,0,0
𡰘,尢,,0,0
𡰙,尢,,0,0
𡰚,尢,lín,2,0
𡰛,尢,,0,0
𡰜,尢,,0,0
𡰝,尢,quán,2,0
𡰞,尢,zhuān,1,0
𡰟,尢,,0,0
𡰠,尢,léi,2,0
𡰡,尢,,0,0
𡰢,尢,xié,2,0
𡰣,尸,,0,0
𡰤,尸,,0,0
𡰥,尸,rén,2,0
𡰦,尸,,0,0
𡰧,尸,,0,0
𡰨,尸,dāng,1,0
𡰩,尸,,0,0
𡰪,尸,dū,1,0
𡰫,尸,niǎn,3,0
𡰬,尸,,0,0
𡰭,尸,,0,0
𡰮,尸,,0,0
𡰯,尸,shǐ,3,0
𡰰,尸,,0,0
𡰱,尸,,0,0
𡰲,尸,xián,2,0
𡰳,尸,,0,0
𡰴,尸,,0,0
𡰵,尸,,0,0
𡰶,尸,,0,0
𡰷,尸,,0,0
𡰸,尸,,0,0
𡰹,尸,zhí,2,0
𡰺,尸,,0,0
𡰻,尸,,0,0
𡰼,尸,,0,0
𡰽,尸,ài,4,0
𡰾,尸,cī,1,0
𡰿,尸,pú,2,0
𡱀,尸,,0,0
𡱁,尸,shǐ,3,0
𡱂,尸,,0,0
𡱃,尸,,0,0
𡱄,尸,,0,0
𡱅,尸,qū,1,0
𡱆,尸,shǔ,3,0
𡱇,尸,diān,1,0
𡱈,尸,,0,0
𡱉,尸,xiǎo,3,0
𡱊,尸,shuǐ,3,0
𡱋,尸,,0,0
𡱌,尸,huán,2,0
𡱍,尸,,0,0
𡱎,尸,,0,0
𡱏,尸,,0,0
𡱐,尸,yí,2,0
𡱑,尸,juān,1,0
𡱒,尸,,0,0
𡱓,尸,,0,0
𡱔,尸,zhǐ,3,0
𡱕,尸,,0,0
𡱖,尸,,0,0
𡱗,尸,,0,0
𡱘,尸,,0,0
𡱙,尸,,0,0
𡱚,尸,,0,0
𡱛,尸,,0,0
𡱜,尸,zhào,4,0
𡱝,尸,,0,0
𡱞,尸,,0,0
𡱟,尸,,0,0
𡱠,尸,,0,0
𡱡,尸,,0,0
𡱢,尸,,0,0
𡱣,尸,xù,4,0
𡱤,尸,,0,0
𡱥,尸,,0,0
𡱦,尸,,0,0
𡱧,尸,,0,0
𡱨,尸,,0,0
𡱩,尸,,0,0
𡱪,尸,,0,0
𡱫,尸,,0,0
𡱬,尸,,0,0
𡱭,尸,,0,0
𡱮,尸,,0,0
𡱯,尸,lòng,4,0
𡱰,尸,,0,0
𡱱,尸,zhù,4,0
𡱲,尸,,0,0
𡱳,尸,suǒ,3,0
𡱴,尸,,0,0
𡱵,尸,,0,0
𡱶,尸,,0,0
𡱷,尸,dié,2,0
𡱸,尸,,0,0
𡱹,尸,,0,0
𡱺,尸,qú,2,0
𡱻,尸,,0,0
𡱼,尸,kè,4,0
𡱽,尸,hū,1,0
𡱾,尸,jū,1,0
𡱿,尸,,0,0
𡲀,尸,qǐng,3,0
𡲁,尸,,0,0
𡲂,尸,,0,0
𡲃,尸,,0,0
𡲄,尸,,0,0
𡲅,尸,,0,0
𡲆,尸,,0,0
𡲇,尸,,0,0
𡲈,尸,,0,0
𡲉,尸,,0,0
𡲊,尸,,0,0
𡲋,尸,,0,0
𡲌,尸,,0,0
𡲍,尸,bīng,1,0
𡲎,尸,,0,0
𡲏,尸,,0,0
𡲐,尸,,0,0
𡲑,尸,,0,0
𡲒,尸,,0,0
𡲓,尸,,0,0
𡲔,尸,,0,0
𡲕,尸,tì,4,0
𡲖,尸,,0,0
𡲗,尸,jué,2,0
𡲘,尸,,0,0
𡲙,尸,,0,0
𡲚,尸,qiú,2,0
𡲛,尸,,0,0
𡲜,尸,,0,0
𡲝,尸,,0,0
𡲞,尸,,0,0
𡲟,尸,,0,0
𡲠,尸,,0,0
𡲡,尸,,0,0
𡲢,尸,,0,0
𡲣,尸,jiàng,4,0
𡲤,尸,,0,0
𡲥,尸,,0,0
𡲦,尸,,0,0
𡲧,尸,,0,0
𡲨,尸,,0,0
𡲩,尸,,0,0
𡲪,尸,yùn,4,0
𡲫,尸,,0,0
𡲬,尸,,0,0
𡲭,尸,mèi,4,0
𡲮,尸,pī,1,0
𡲯,尸,,0,0
𡲰,尸,qú,2,0
𡲱,尸,,0,0
𡲲,尸,,0,0
𡲳,尸,,0,0
𡲴,尸,,0,0
𡲵,尸,,0,0
𡲶,尸,,0,0
𡲷,尸,,0,0
𡲸,尸,,0,0
𡲹,尸,,0,0
𡲺,尸,,0,0
𡲻,尸,,0,0
𡲼,尸,mì,4,0
𡲽,尸,,0,0
𡲾,尸,,0,0
𡲿,尸,tì,4,0
𡳀,尸,,0,0
𡳁,尸,,0,0
𡳂,尸,kài,4,0
𡳃,尸,,0,0
𡳄,尸,bǐ,3,0
𡳅,尸,,0,0
𡳆,尸,qū,1,0
𡳇,尸,,0,0
𡳈,尸,,0,0
𡳉,尸,,0,0
𡳊,尸,,0,0
𡳋,尸,,0,0
𡳌,尸,,0,0
𡳍,尸,,0,0
𡳎,尸,,0,0
𡳏,尸,tiāo,1,0
𡳐,尸,,0,0
𡳑,尸,chù,4,0
𡳒,尸,,0,0
𡳓,尸,,0,0
𡳔,尸,,0,0
𡳕,尸,,0,0
𡳖,尸,,0,0
𡳗,尸,,0,0
𡳘,尸,jú,2,0
𡳙,尸,,0,0
𡳚,尸,xī,1,0
𡳛,尸,,0,0
𡳜,尸,,0,0
𡳝,尸,,0,0
𡳞,尸,lìn,4,0
𡳟,尸,,0,0
𡳠,尸,,0,0
𡳡,尸,,0,0
𡳢,尸,,0,0
𡳣,尸,,0,0
𡳤,尸,,0,0
𡳥,尸,,0,0
𡳦,尸,,0,0
𡳧,尸,,0,0
𡳨,尸,,0,0
𡳩,尸,,0,0
𡳪,尸,,0,0
𡳫,尸,,0,0
𡳬,尸,,0,0
𡳭,尸,chǐ,3,0
𡳮,尸,jī,1,0
𡳯,尸,,0,0
𡳰,尸,,0,0
𡳱,尸,,0,0
𡳲,尸,,0,0
𡳳,尸,,0,0
𡳴,尸,lú,2,0
𡳵,尸,,0,0
𡳶,尸,,0,0
𡳷,尸,,0,0
𡳸,尸,lì,4,0
𡳹,尸,,0,0
𡳺,尸,,0,0
𡳻,尸,,0,0
𡳼,尸,,0,0
𡳽,尸,,0,0
𡳾,屮,jué,2,0
𡳿,屮,,0,0
𡴀,屮,,0,0
𡴁,屮,,0,0
𡴂,屮,,0,0
𡴃,屮,,0,0
𡴄,屮,,0,0
𡴅,屮,zhū,1,0
𡴆,屮,lù,4,0
𡴇,屮,,0,0
𡴈,屮,,0,0
𡴉,屮,,0,0
𡴊,屮,,0,0
𡴋,屮,,0,0
𡴌,屮,,0,0
𡴍,屮,,0,0
𡴎,屮,niè,4,0
𡴏,屮,,0,0
𡴐,屮,,0,0
𡴑,屮,,0,0
𡴒,屮,,0,0
𡴓,屮,,0,0
𡴔,屮,quán,2,0
𡴕,屮,,0,0
𡴖,屮,,0,0
𡴗,屮,,0,0
𡴘,屮,,0,0
𡴙,屮,,0,0
𡴚,屮,,0,0
𡴛,屮,,0,0
𡴜,屮,,0,0
𡴝,屮,,0,0
𡴞,屮,,0,0
𡴟,屮,,0,0
𡴠,屮,,0,0
𡴡,屮,,0,0
𡴢,屮,,0,0
𡴣,屮,,0,0
𡴤,屮,,0,0
𡴥,屮,,0,0
𡴦,屮,,0,0
𡴧,屮,,0,0
𡴨,屮,,0,0
𡴩,屮,,0,0
𡴪,屮,,0,0
𡴫,屮,,0,0
𡴬,屮,,0,0
𡴭,山,yà,4,0
𡴮,山,,0,0
𡴯,山,è,4,0
𡴰,山,,0,0
𡴱,山,hù,4,0
𡴲,山,,0,0
𡴳,山,,0,0
𡴴,山,,0,0
𡴵,山,,0,0
𡴶,山,,0,0
𡴷,山,,0,0
𡴸,山,,0,0
𡴹,山,,0,0
𡴺,山,,0,0
𡴻,山,,0,0
𡴼,山,,0,0
𡴽,山,,0,0
𡴾,山,,0,0
𡴿,山,,0,0
𡵀,山,máng,2,0
𡵁,山,,0,0
𡵂,山,,0,0
𡵃,山,,0,0
𡵄,山,,0,0
𡵅,山,,0,0
𡵆,山,,0,0
𡵇,山,,0,0
𡵈,山,,0,0
𡵉,山,wù,4,0
𡵊,山,,0,0
𡵋,山,,0,0
𡵌,山,chā,1,0
𡵍,山,,0,0
𡵎,山,,0,0
𡵏,山,,0,0
𡵐,山,,0,0
𡵑,山,qīn,1,0
𡵒,山,jié,2,0
𡵓,山,hóng,2,0
𡵔,山,,0,0
𡵕,山,dān,1,0
𡵖,山,ěn,3,0
𡵗,山,zè,4,0
𡵘,山,hù,4,0
𡵙,山,àng,4,0
𡵚,山,jiè,4,0
𡵛,山,fù,4,0
𡵜,山,yòng,4,0
𡵝,山,zōng,1,0
𡵞,山,fēng,1,0
𡵟,山,,0,0
𡵠,山,,0,0
𡵡,山,,0,0
𡵢,山,,0,0
𡵣,山,,0,0
𡵤,山,,0,0
𡵥,山,,0,0
𡵦,山,,0,0
𡵧,山,,0,0
𡵨,山,,0,0
𡵩,山,,0,0
𡵪,山,,0,0
𡵫,山,,0,0
𡵬,山,mù,4,0
𡵭,山,,0,0
𡵮,山,,0,0
𡵯,山,,0,0
𡵰,山,,0,0
𡵱,山,,0,0
𡵲,山,,0,0
𡵳,山,,0,0
𡵴,山,,0,0
𡵵,山,,0,0
𡵶,山,sè,4,0
𡵷,山,cóng,2,0
𡵸,山,,0,0
𡵹,山,,0,0
𡵺,山,,0,0
𡵻,山,kāng,1,0
𡵼,山,,0,0
𡵽,山,,0,0
𡵾,山,,0,0
𡵿,山,,0,0
𡶀,山,,0,0
𡶁,山,,0,0
𡶂,山,yào,4,0
𡶃,山,ài,4,0
𡶄,山,bāo,1,0
𡶅,山,,0,0
𡶆,山,pǒ,3,0
𡶇,山,,0,0
𡶈,山,shǐ,3,0
𡶉,山,fàn,4,0
𡶊,山,,0,0
𡶋,山,jú,2,0
𡶌,山,pí,2,0
𡶍,山,,0,0
𡶎,山,wèi,4,0
𡶏,山,kū,1,0
𡶐,山,qié,2,0
𡶑,山,gān,1,0
𡶒,山,,0,0
𡶓,山,,0,0
𡶔,山,,0,0
𡶕,山,,0,0
𡶖,山,,0,0
𡶗,山,,0,0
𡶘,山,,0,0
𡶙,山,,0,0
𡶚,山,,0,0
𡶛,山,,0,0
𡶜,山,,0,0
𡶝,山,,0,0
𡶞,山,,0,0
𡶟,山,,0,0
𡶠,山,,0,0
𡶡,山,,0,0
𡶢,山,kuàng,4,0
𡶣,山,suì,4,0
𡶤,用,bēng,1,0
𡶥,山,jiā,1,0
𡶦,山,yà,4,0
𡶧,山,,0,0
𡶨,山,,0,0
𡶩,山,,0,0
𡶪,山,kàn,4,0
𡶫,山,niè,4,0
𡶬,山,,0,0
𡶭,山,xíng,2,0
𡶮,山,,0,0
𡶯,山,xì,4,0
𡶰,山,,0,0
𡶱,山,lìn,4,0
𡶲,山,duǒ,3,0
𡶳,山,,0,0
𡶴,山,chǎn,3,0
𡶵,山,,0,0
𡶶,山,,0,0
𡶷,山,,0,0
𡶸,山,,0,0
𡶹,山,,0,0
𡶺,山,,0,0
𡶻,山,,0,0
𡶼,山,,0,0
𡶽,山,,0,0
𡶾,山,,0,0
𡶿,山,,0,0
𡷀,山,,0,0
𡷁,山,,0,0
𡷂,山,,0,0
𡷃,山,,0,0
𡷄,山,,0,0
𡷅,山,,0,0
𡷆,山,,0,0
𡷇,山,,0,0
𡷈,山,shì,4,0
𡷉,山,,0,0
𡷊,山,,0,0
𡷋,山,duì,4,0
𡷌,山,,0,0
𡷍,山,jiāng,1,0
𡷎,山,yǔ,3,0
𡷏,山,lù,4,0
𡷐,山,ěn,3,0
𡷑,山,,0,0
𡷒,山,,0,0
𡷓,山,gǔ,3,0
𡷔,山,,0,0
𡷕,山,wěi,3,0
𡷖,山,chē,1,0
𡷗,山,huàn,4,0
𡷘,山,bié,2,0
𡷙,山,,0,0
𡷚,山,,0,0
𡷛,山,hàn,4,0
𡷜,山,tuí,2,0
𡷝,山,nà,4,0
𡷞,山,qǐ,3,0
𡷟,山,,0,0
𡷠,山,tóu,2,0
𡷡,山,yuān,1,0
𡷢,山,wáng,2,0
𡷣,山,,0,0
𡷤,山,wú,2,0
𡷥,山,gào,4,0
𡷦,山,,0,0
𡷧,山,,0,0
𡷨,山,kēng,1,0
𡷩,山,,0,0
𡷪,山,yí,2,0
𡷫,山,,0,0
𡷬,山,,0,0
𡷭,山,,0,0
𡷮,山,,0,0
𡷯,山,,0,0
𡷰,山,,0,0
𡷱,山,,0,0
𡷲,山,,0,0
𡷳,山,,0,0
𡷴,山,,0,0
𡷵,山,,0,0
𡷶,山,,0,0
𡷷,山,,0,0
𡷸,山,xiāo,1,0
𡷹,山,,0,0
𡷺,山,guǐ,3,0
𡷻,山,yà,4,0
𡷼,山,suì,4,0
𡷽,山,sǒng,3,0
𡷾,山,,0,0
𡷿,山,zhuó,2,0
𡸀,山,,0,0
𡸁,山,,0,0
𡸂,山,tū,1,0
𡸃,山,xiǎn,3,0
𡸄,山,,0,0
𡸅,山,,0,0
𡸆,山,,0,0
𡸇,山,,0,0
𡸈,山,zè,4,0
𡸉,山,lì,4,0
𡸊,山,,0,0
𡸋,山,,0,0
𡸌,山,zhù,4,0
𡸍,山,,0,0
𡸎,山,jié,2,0
𡸏,山,,0,0
𡸐,山,,0,0
𡸑,山,tì,4,0
𡸒,山,,0,0
𡸓,山,,0,0
𡸔,山,xié,2,0
𡸕,山,qióng,2,0
𡸖,山,,0,0
𡸗,山,yà,4,0
𡸘,山,jū,1,0
𡸙,山,,0,0
𡸚,山,,0,0
𡸛,山,yín,2,0
𡸜,山,zhí,2,0
𡸝,山,,0,0
𡸞,山,kǎn,3,0
𡸟,山,zī,1,0
𡸠,山,,0,0
𡸡,山,kē,1,0
𡸢,山,,0,0
𡸣,山,niè,4,0
𡸤,山,qiáng,2,0
𡸥,山,wǎn,3,0
𡸦,山,zé,2,0
𡸧,山,,0,0
𡸨,山,jū,1,0
𡸩,山,,0,0
𡸪,山,zì,4,0
𡸫,山,,0,0
𡸬,山,,0,0
𡸭,山,,0,0
𡸮,山,,0,0
𡸯,山,,0,0
𡸰,山,,0,0
𡸱,山,,0,0
𡸲,山,,0,0
𡸳,山,,0,0
𡸴,山,,0,0
𡸵,山,,0,0
𡸶,山,,0,0
𡸷,山,,0,0
𡸸,山,,0,0
𡸹,山,,0,0
𡸺,山,,0,0
𡸻,山,,0,0
𡸼,山,,0,0
𡸽,山,,0,0
𡸾,山,,0,0
𡸿,山,,0,0
𡹀,山,,0,0
𡹁,山,,0,0
𡹂,山,,0,0
𡹃,山,,0,0
𡹄,山,yà,4,0
𡹅,山,,0,0
𡹆,山,,0,0
𡹇,山,lín,2,0
𡹈,山,,0,0
𡹉,山,qí,2,0
𡹊,山,,0,0
𡹋,山,,0,0
𡹌,山,,0,0
𡹍,山,,0,0
𡹎,山,huí,2,0
𡹏,山,,0,0
𡹐,山,,0,0
𡹑,山,,0,0
𡹒,山,,0,0
𡹓,山,qì,4,0
𡹔,山,,0,0
𡹕,山,yáng,2,0
𡹖,山,suì,4,0
𡹗,山,,0,0
𡹘,山,qǐ,3,0
𡹙,山,guī,1,0
𡹚,山,,0,0
𡹛,山,,0,0
𡹜,山,,0,0
𡹝,山,,0,0
𡹞,山,,0,0
𡹟,山,,0,0
𡹠,山,,0,0
𡹡,山,,0,0
𡹢,山,qìn,4,0
𡹣,山,ē,1,0
𡹤,山,,0,0
𡹥,山,zuò,4,0
𡹦,山,,0,0
𡹧,山,,0,0
𡹨,山,zè,4,0
𡹩,山,qì,4,0
𡹪,山,jí,2,0
𡹫,山,,0,0
𡹬,山,tuó,2,0
𡹭,山,dié,2,0
𡹮,山,,0,0
𡹯,山,huì,4,0
𡹰,山,máo,2,0
𡹱,山,,0,0
𡹲,山,xǔ,3,0
𡹳,山,,0,0
𡹴,山,,0,0
𡹵,山,hóu,2,0
𡹶,山,yǎn,3,0
𡹷,山,xiáng,2,0
𡹸,山,cōng,1,0
𡹹,山,hú,2,0
𡹺,山,,0,0
𡹻,山,,0,0
𡹼,山,àn,4,0
𡹽,山,,0,0
𡹾,山,bǐng,3,0
𡹿,山,,0,0
𡺀,山,,0,0
𡺁,山,,0,0
𡺂,山,,0,0
𡺃,山,qiāng,1,0
𡺄,山,,0,0
𡺅,山,,0,0
𡺆,山,,0,0
𡺇,山,duǒ,3,0
𡺈,山,,0,0
𡺉,山,,0,0
𡺊,山,,0,0
𡺋,山,,0,0
𡺌,山,,0,0
𡺍,山,,0,0
𡺎,山,,0,0
𡺏,山,,0,0
𡺐,山,zhǔ,3,0
𡺑,山,dié,2,0
𡺒,山,yōu,1,0
𡺓,山,qǐ,3,0
𡺔,山,shí,2,0
𡺕,山,xūn,1,0
𡺖,山,yōu,1,0
𡺗,山,kān,1,0
𡺘,山,qiǎo,3,0
𡺙,山,,0,0
𡺚,山,,0,0
𡺛,山,qiāng,1,0
𡺜,山,pén,2,0
𡺝,山,,0,0
𡺞,山,,0,0
𡺟,山,quán,2,0
𡺠,山,,0,0
𡺡,山,yíng,2,0
𡺢,山,,0,0
𡺣,山,,0,0
𡺤,山,,0,0
𡺥,山,,0,0
𡺦,山,,0,0
𡺧,山,shā,1,0
𡺨,山,,0,0
𡺩,山,,0,0
𡺪,山,,0,0
𡺫,山,tāo,1,0
𡺬,山,,0,0
𡺭,山,hòng,4,0
𡺮,山,pǐ,3,0
𡺯,山,yáo,2,0
𡺰,山,,0,0
𡺱,山,,0,0
𡺲,山,,0,0
𡺳,山,,0,0
𡺴,山,tú,2,0
𡺵,山,chái,2,0
𡺶,山,,0,0
𡺷,山,xià,4,0
𡺸,山,qí,2,0
𡺹,山,,0,0
𡺺,山,qióng,2,0
𡺻,山,,0,0
𡺼,山,,0,0
𡺽,山,jìn,4,0
𡺾,山,,0,0
𡺿,山,,0,0
𡻀,山,,0,0
𡻁,山,,0,0
𡻂,山,,0,0
𡻃,山,,0,0
𡻄,山,,0,0
𡻅,山,,0,0
𡻆,山,,0,0
𡻇,山,,0,0
𡻈,山,zhēn,1,0
𡻉,山,,0,0
𡻊,山,,0,0
𡻋,山,,0,0
𡻌,山,zhū,1,0
𡻍,山,,0,0
𡻎,山,xī,1,0
𡻏,山,,0,0
𡻐,山,wēng,1,0
𡻑,山,zhǒng,3,0
𡻒,山,,0,0
𡻓,山,,0,0
𡻔,山,,0,0
𡻕,山,suì,4,0
𡻖,山,,0,0
𡻗,山,,0,0
𡻘,山,kē,1,0
𡻙,山,kuò,4,0
𡻚,山,kǎng,3,0
𡻛,山,,0,0
𡻜,山,,0,0
𡻝,山,cháo,2,0
𡻞,山,bì,4,0
𡻟,山,mò,4,0
𡻠,山,zhù,4,0
𡻡,山,hàn,4,0
𡻢,山,yǔ,3,0
𡻣,山,yí,2,0
𡻤,山,má,2,0
𡻥,山,,0,0
𡻦,山,,0,0
𡻧,山,qì,4,0
𡻨,山,gùn,4,0
𡻩,山,màn,4,0
𡻪,山,liáo,2,0
𡻫,山,lín,2,0
𡻬,山,zú,2,0
𡻭,山,lěi,3,0
𡻮,山,hù,4,0
𡻯,山,chuǎng,3,0
𡻰,山,qì,4,0
𡻱,山,léi,2,0
𡻲,山,,0,0
𡻳,山,,0,0
𡻴,山,,0,0
𡻵,山,,0,0
𡻶,山,,0,0
𡻷,山,,0,0
𡻸,山,,0,0
𡻹,山,,0,0
𡻺,山,,0,0
𡻻,山,,0,0
𡻼,山,,0,0
𡻽,山,,0,0
𡻾,山,,0,0
𡻿,山,,0,0
𡼀,山,,0,0
𡼁,山,chī,1,0
𡼂,山,,0,0
𡼃,山,pó,2,0
𡼄,山,dié,2,0
𡼅,山,,0,0
𡼆,山,,0,0
𡼇,山,,0,0
𡼈,山,,0,0
𡼉,山,,0,0
𡼊,山,lěi,3,0
𡼋,山,,0,0
𡼌,山,,0,0
𡼍,山,,0,0
𡼎,山,yǐ,3,0
𡼏,山,,0,0
𡼐,山,,0,0
𡼑,山,,0,0
𡼒,山,,0,0
𡼓,山,diàn,4,0
𡼔,山,,0,0
𡼕,山,,0,0
𡼖,山,dūn,1,0
𡼗,山,gāo,1,0
𡼘,山,hū,1,0
𡼙,山,,0,0
𡼚,山,xiāo,1,0
𡼛,山,gá,2,0
𡼜,山,pēng,1,0
𡼝,山,,0,0
𡼞,山,,0,0
𡼟,山,,0,0
𡼠,山,,0,0
𡼡,山,,0,0
𡼢,山,,0,0
𡼣,山,,0,0
𡼤,山,,0,0
𡼥,山,,0,0
𡼦,山,,0,0
𡼧,山,,0,0
𡼨,山,,0,0
𡼩,山,,0,0
𡼪,山,,0,0
𡼫,山,,0,0
𡼬,山,shěn,3,0
𡼭,山,,0,0
𡼮,山,,0,0
𡼯,山,,0,0
𡼰,山,,0,0
𡼱,山,wéi,2,0
𡼲,山,,0,0
𡼳,山,,0,0
𡼴,山,,0,0
𡼵,山,,0,0
𡼶,山,,0,0
𡼷,山,,0,0
𡼸,山,,0,0
𡼹,山,,0,0
𡼺,山,,0,0
𡼻,山,duì,4,0
𡼼,山,cháo,2,0
𡼽,山,yǐn,3,0
𡼾,山,kuài,4,0
𡼿,山,kū,1,0
𡽀,山,,0,0
𡽁,山,zuì,4,0
𡽂,山,gǔ,3,0
𡽃,山,,0,0
𡽄,山,,0,0
𡽅,山,yùn,4,0
𡽆,山,zhì,4,0
𡽇,山,,0,0
𡽈,山,,0,0
𡽉,山,jì,4,0
𡽊,山,chēng,1,0
𡽋,山,,0,0
𡽌,山,,0,0
𡽍,山,,0,0
𡽎,山,,0,0
𡽏,山,,0,0
𡽐,山,,0,0
𡽑,山,,0,0
𡽒,山,,0,0
𡽓,山,,0,0
𡽔,山,,0,0
𡽕,山,,0,0
𡽖,山,xiè,4,0
𡽗,山,xiǎn,3,0
𡽘,山,,0,0
𡽙,山,,0,0
𡽚,山,,0,0
𡽛,山,zuǐ,3,0
𡽜,山,án,2,0
𡽝,山,hāo,1,0
𡽞,山,,0,0
𡽟,山,,0,0
𡽠,山,pǒ,3,0
𡽡,山,,0,0
𡽢,山,dí,2,0
𡽣,山,yè,4,0
𡽤,山,,0,0
𡽥,山,,0,0
𡽦,山,,0,0
𡽧,山,náo,2,0
𡽨,山,,0,0
𡽩,山,,0,0
𡽪,山,,0,0
𡽫,山,,0,0
𡽬,山,,0,0
𡽭,山,,0,0
𡽮,山,,0,0
𡽯,山,,0,0
𡽰,山,,0,0
𡽱,山,jié,2,0
𡽲,山,bàng,4,0
𡽳,山,lǎn,3,0
𡽴,山,cáng,2,0
𡽵,山,,0,0
𡽶,山,bì,4,0
𡽷,山,,0,0
𡽸,山,,0,0
𡽹,山,,0,0
𡽺,山,,0,0
𡽻,山,zhǎn,3,0
𡽼,山,qì,4,0
𡽽,山,,0,0
𡽾,山,,0,0
𡽿,山,,0,0
𡾀,山,,0,0
𡾁,山,,0,0
𡾂,山,náo,2,0
𡾃,山,,0,0
𡾄,山,,0,0
𡾅,山,lǜ,4,0
𡾆,山,,0,0
𡾇,山,kuàng,4,0
𡾈,山,,0,0
𡾉,山,mó,2,0
𡾊,山,,0,0
𡾋,山,lěi,3,0
𡾌,山,páo,2,0
𡾍,山,,0,0
𡾎,山,,0,0
𡾏,山,,0,0
𡾐,山,,0,0
𡾑,山,,0,0
𡾒,山,lì,4,0
𡾓,山,céng,2,0
𡾔,山,,0,0
𡾕,山,dàng,4,0
𡾖,山,lěi,3,0
𡾗,大,,0,0
𡾘,山,,0,0
𡾙,山,è,4,0
𡾚,山,,0,0
𡾛,山,bèng,4,0
𡾜,山,jué,2,0
𡾝,山,,0,0
𡾞,山,,0,0
𡾟,山,,0,0
𡾠,山,,0,0
𡾡,山,,0,0
𡾢,山,,0,0
𡾣,山,,0,0
𡾤,山,,0,0
𡾥,山,xuán,2,0
𡾦,山,niè,4,0
𡾧,山,,0,0
𡾨,山,hài,4,0
𡾩,山,,0,0
𡾪,山,,0,0
𡾫,山,,0,0
𡾬,山,,0,0
𡾭,山,,0,0
𡾮,山,xiǎn,3,0
𡾯,山,,0,0
𡾰,山,jiǎn,3,0
𡾱,山,mí,2,0
𡾲,山,niè,4,0
𡾳,山,,0,0
𡾴,山,,0,0
𡾵,山,,0,0
𡾶,山,,0,0
𡾷,山,,0,0
𡾸,山,,0,0
𡾹,山,,0,0
𡾺,山,,0,0
𡾻,山,cáng,2,0
𡾼,山,sǒng,3,0
𡾽,山,zēng,1,0
𡾾,山,yì,4,0
𡾿,山,,0,0
𡿀,山,,0,0
𡿁,山,,0,0
𡿂,山,chóng,2,0
𡿃,山,,0,0
𡿄,山,cáng,2,0
𡿅,山,,0,0
𡿆,山,,0,0
𡿇,山,,0,0
𡿈,山,,0,0
𡿉,山,lěi,3,0
𡿊,山,nuó,2,0
𡿋,山,lì,4,0
𡿌,山,,0,0
𡿍,山,,0,0
𡿎,山,lí,2,0
𡿏,山,luó,2,0
𡿐,山,,0,0
𡿑,山,,0,0
𡿒,山,,0,0
𡿓,山,tǎng,3,0
𡿔,山,,0,0
𡿕,山,,0,0
𡿖,山,niè,4,0
𡿗,山,niè,4,0
𡿘,山,,0,0
𡿙,山,jī,1,0
𡿚,山,,0,0
𡿛,山,lěi,3,0
𡿜,山,,0,0
𡿝,山,nàng,4,0
𡿞,山,,0,0
𡿟,山,,0,0
𡿠,山,lín,2,0
𡿡,山,líng,2,0
𡿢,山,,0,0
𡿣,山,,0,0
𡿤,山,xián,2,0
𡿥,山,yù,4,0
𡿦,巛,,0,0
𡿧,巛,zāi,1,0
𡿨,巛,quǎn,3,0
𡿩,巛,liè,4,0
𡿪,巛,,0,0
𡿫,巛,,0,0
𡿬,巛,,0,0
𡿭,巛,,0,0
𡿮,巛,,0,0
𡿯,巛,yù,4,0
𡿰,巛,huāng,1,0
𡿱,巛,,0,0
𡿲,巛,,0,0
𡿳,巛,,0,0
𡿴,巛,,0,0
𡿵,巛,,0,0
𡿶,巛,,0,0
𡿷,巛,,0,0
𡿸,巛,,0,0
𡿹,巛,,0,0
𡿺,巛,nǎo,3,0
𡿻,巛,,0,0
𡿼,巛,xùn,4,0
𡿽,巛,,0,0
𡿾,巛,jú,2,0
𡿿,巛,huò,4,0
𢀀,巛,,0,0
𢀁,巛,yì,4,0
𢀂,巛,,0,0
𢀃,巛,,0,0
𢀄,巛,,0,0
𢀅,巛,,0,0
𢀆,巛,,0,0
𢀇,巛,,0,0
𢀈,巛,,0,0
𢀉,巛,,0,0
𢀊,巛,xī,1,0
𢀋,巛,sè,4,0
𢀌,巛,jiǎo,3,0
𢀍,巛,yōng,1,0
𢀎,巛,,0,0
𢀏,巛,,0,0
𢀐,巛,,0,0
𢀑,工,,0,0
𢀒,工,,0,0
𢀓,工,,0,0
𢀔,工,,0,0
𢀕,工,shī,1,0
𢀖,工,jīng,1,0
𢀗,工,wàn,4,0
𢀘,工,yě,3,0
𢀙,工,jiū,1,0
𢀚,工,,0,0
𢀛,工,,0,0
𢀜,工,gǒng,3,0
𢀝,工,,0,0
𢀞,工,,0,0
𢀟,工,,0,0
𢀠,工,,0,0
𢀡,工,huī,1,0
𢀢,工,,0,0
𢀣,工,,0,0
𢀤,工,,0,0
𢀥,工,,0,0
𢀦,工,,0,0
𢀧,工,,0,0
𢀨,工,,0,0
𢀩,工,,0,0
𢀪,工,ěr,3,0
𢀫,工,,0,0
𢀬,工,,0,0
𢀭,工,,0,0
𢀮,工,,0,0
𢀯,工,,0,0
𢀰,工,,0,0
𢀱,工,,0,0
𢀲,工,,0,0
𢀳,己,,0,0
𢀴,己,,0,0
𢀵,己,hàn,4,0
𢀶,己,,0,0
𢀷,己,,0,0
𢀸,己,,0,0
𢀹,己,,0,0
𢀺,己,,0,0
𢀻,己,,0,0
𢀼,己,fú,2,0
𢀽,己,,0,0
𢀾,己,,0,0
𢀿,己,,0,0
𢁀,己,fú,2,0
𢁁,己,zhuó,2,0
𢁂,己,jī,1,0
𢁃,己,,0,0
𢁄,己,,0,0
𢁅,己,,0,0
𢁆,己,,0,0
𢁇,己,,0,0
𢁈,己,,0,0
𢁉,己,,0,0
𢁊,己,,0,0
𢁋,己,,0,0
𢁌,己,,0,0
𢁍,己,,0,0
𢁎,己,,0,0
𢁏,己,bāng,1,0
𢁐,己,,0,0
𢁑,己,,0,0
𢁒,巾,qí,2,0
𢁓,巾,shǐ,3,0
𢁔,巾,,0,0
𢁕,巾,diǎo,3,0
𢁖,巾,pèi,4,0
𢁗,巾,xiǎn,3,0
𢁘,巾,sān,1,0
𢁙,巾,,0,0
𢁚,巾,,0,0
𢁛,巾,,0,0
𢁜,巾,,0,0
𢁝,巾,cháng,2,0
𢁞,巾,yuē,1,0
𢁟,巾,,0,0
𢁠,巾,gōng,1,0
𢁡,巾,,0,0
𢁢,巾,wū,1,0
𢁣,巾,,0,0
𢁤,巾,fēn,1,0
𢁥,巾,,0,0
𢁦,巾,,0,0
𢁧,巾,chǎn,3,0
𢁨,巾,,0,0
𢁩,巾,nèi,4,0
𢁪,巾,jué,2,0
𢁫,巾,,0,0
𢁬,巾,zhǎo,3,0
𢁭,巾,,0,0
𢁮,巾,qián,2,0
𢁯,巾,,0,0
𢁰,巾,,0,0
𢁱,巾,ǎo,3,0
𢁲,巾,,0,0
𢁳,巾,,0,0
𢁴,巾,,0,0
𢁵,巾,,0,0
𢁶,巾,wǎng,3,0
𢁷,巾,zhōng,1,0
𢁸,巾,,0,0
𢁹,巾,huāng,1,0
𢁺,巾,,0,0
𢁻,巾,bù,4,0
𢁼,巾,zhǔ,3,0
𢁽,巾,bì,4,0
𢁾,巾,chāo,1,0
𢁿,巾,zhēng,1,0
𢂀,巾,fú,2,0
𢂁,巾,kōu,1,0
𢂂,巾,,0,0
𢂃,巾,zuó,2,0
𢂄,巾,xuàn,4,0
𢂅,巾,,0,0
𢂆,巾,fù,4,0
𢂇,巾,,0,0
𢂈,巾,,0,0
𢂉,巾,,0,0
𢂊,巾,yǎo,3,0
𢂋,巾,,0,0
𢂌,巾,,0,0
𢂍,巾,bō,1,0
𢂎,巾,,0,0
𢂏,巾,bèi,4,0
𢂐,巾,xié,2,0
𢂑,巾,shì,4,0
𢂒,巾,yí,2,0
𢂓,巾,,0,0
𢂔,巾,hóng,2,0
𢂕,巾,cuì,4,0
𢂖,巾,,0,0
𢂗,巾,yì,4,0
𢂘,巾,zhuān,1,0
𢂙,巾,,0,0
𢂚,巾,,0,0
𢂛,巾,,0,0
𢂜,巾,,0,0
𢂝,巾,chì,4,0
𢂞,巾,,0,0
𢂟,巾,,0,0
𢂠,巾,,0,0
𢂡,巾,,0,0
𢂢,巾,,0,0
𢂣,巾,,0,0
𢂤,巾,pō,1,0
𢂥,巾,,0,0
𢂦,巾,,0,0
𢂧,巾,,0,0
𢂨,巾,yín,2,0
𢂩,巾,,0,0
𢂪,巾,,0,0
𢂫,巾,,0,0
𢂬,巾,,0,0
𢂭,巾,,0,0
𢂮,巾,,0,0
𢂯,巾,,0,0
𢂰,巾,,0,0
𢂱,巾,yuàn,4,0
𢂲,巾,,0,0
𢂳,巾,,0,0
𢂴,巾,,0,0
𢂵,巾,,0,0
𢂶,巾,jiōng,1,0
𢂷,巾,,0,0
𢂸,巾,,0,0
𢂹,巾,mào,4,0
𢂺,巾,qiàn,4,0
𢂻,巾,,0,0
𢂼,巾,yì,4,0
𢂽,巾,,0,0
𢂾,巾,,0,0
𢂿,巾,,0,0
𢃀,巾,wú,2,0
𢃁,巾,,0,0
𢃂,巾,,0,0
𢃃,巾,,0,0
𢃄,巾,,0,0
𢃅,巾,,0,0
𢃆,巾,,0,0
𢃇,巾,,0,0
𢃈,巾,,0,0
𢃉,巾,,0,0
𢃊,巾,,0,0
𢃋,巾,,0,0
𢃌,巾,,0,0
𢃍,巾,bēi,1,0
𢃎,巾,huò,4,0
𢃏,巾,cóng,2,0
𢃐,巾,kōng,1,0
𢃑,巾,,0,0
𢃒,巾,,0,0
𢃓,巾,,0,0
𢃔,巾,,0,0
𢃕,巾,tà,4,0
𢃖,巾,,0,0
𢃗,巾,hàn,4,0
𢃘,巾,qiàn,4,0
𢃙,巾,,0,0
𢃚,巾,,0,0
𢃛,巾,,0,0
𢃜,巾,zhí,2,0
𢃝,巾,,0,0
𢃞,巾,,0,0
𢃟,巾,,0,0
𢃠,巾,,0,0
𢃡,巾,,0,0
𢃢,巾,sè,4,0
𢃣,巾,,0,0
𢃤,巾,,0,0
𢃥,巾,qiān,1,0
𢃦,巾,guǒ,3,0
𢃧,巾,,0,0
𢃨,巾,,0,0
𢃩,巾,gǔn,3,0
𢃪,巾,,0,0
𢃫,巾,,0,0
𢃬,巾,jiān,1,0
𢃭,巾,zhōng,1,0
𢃮,巾,miǎn,3,0
𢃯,巾,guǐ,3,0
𢃰,巾,shì,4,0
𢃱,巾,móu,2,0
𢃲,巾,è,4,0
𢃳,巾,bǎ,3,0
𢃴,巾,là,4,0
𢃵,巾,,0,0
𢃶,巾,,0,0
𢃷,巾,,0,0
𢃸,巾,zhòu,4,0
𢃹,巾,,0,0
𢃺,巾,jí,2,0
𢃻,巾,,0,0
𢃼,巾,,0,0
𢃽,巾,,0,0
𢃾,巾,,0,0
𢃿,巾,,0,0
𢄀,巾,zǎo,3,0
𢄁,巾,,0,0
𢄂,巾,,0,0
𢄃,巾,,0,0
𢄄,巾,zhā,1,0
𢄅,巾,yì,4,0
𢄆,巾,,0,0
𢄇,巾,gǒu,3,0
𢄈,巾,,0,0
𢄉,巾,,0,0
𢄊,巾,guī,1,0
𢄋,巾,yīng,1,0
𢄌,巾,shǎi,3,0
𢄍,巾,hé,2,0
𢄎,巾,bàng,4,0
𢄏,巾,mò,4,0
𢄐,巾,méng,2,0
𢄑,巾,,0,0
𢄒,巾,,0,0
𢄓,巾,wù,4,0
𢄔,巾,dài,4,0
𢄕,巾,,0,0
𢄖,巾,,0,0
𢄗,巾,jiǒng,3,0
𢄘,巾,,0,0
𢄙,巾,,0,0
𢄚,巾,,0,0
𢄛,巾,,0,0
𢄜,巾,hàn,4,0
𢄝,巾,,0,0
𢄞,巾,,0,0
𢄟,巾,tōng,1,0
𢄠,巾,kōu,1,0
𢄡,巾,lí,2,0
𢄢,巾,zhì,4,0
𢄣,巾,huì,4,0
𢄤,巾,zǎn,3,0
𢄥,巾,,0,0
𢄦,巾,diǎo,3,0
𢄧,巾,cù,4,0
𢄨,巾,,0,0
𢄩,巾,,0,0
𢄪,巾,,0,0
𢄫,巾,,0,0
𢄬,巾,,0,0
𢄭,巾,,0,0
𢄮,巾,,0,0
𢄯,巾,,0,0
𢄰,巾,,0,0
𢄱,巾,zhì,4,0
𢄲,巾,,0,0
𢄳,巾,kuǎ,3,0
𢄴,巾,,0,0
𢄵,巾,xiàng,4,0
𢄶,巾,huà,4,0
𢄷,巾,liáo,2,0
𢄸,巾,cuì,4,0
𢄹,巾,qiāo,1,0
𢄺,巾,jiǎo,3,0
𢄻,巾,,0,0
𢄼,巾,xū,1,0
𢄽,巾,èr,4,0
𢄾,巾,,0,0
𢄿,巾,tuō,1,0
𢅀,巾,tán,2,0
𢅁,巾,zhì,4,0
𢅂,巾,,0,0
𢅃,巾,,0,0
𢅄,巾,,0,0
𢅅,巾,,0,0
𢅆,巾,,0,0
𢅇,巾,,0,0
𢅈,巾,nǎo,3,0
𢅉,巾,mào,4,0
𢅊,巾,dì,4,0
𢅋,巾,céng,2,0
𢅌,巾,,0,0
𢅍,巾,,0,0
𢅎,巾,jiǎo,3,0
𢅏,巾,lián,2,0
𢅐,巾,,0,0
𢅑,巾,shā,1,0
𢅒,巾,dàn,4,0
𢅓,巾,,0,0
𢅔,巾,,0,0
𢅕,巾,suì,4,0
𢅖,巾,lián,2,0
𢅗,巾,guò,4,0
𢅘,巾,,0,0
𢅙,巾,,0,0
𢅚,巾,biǎo,3,0
𢅛,巾,,0,0
𢅜,巾,cì,4,0
𢅝,巾,diàn,4,0
𢅞,巾,lǜ,4,0
𢅟,巾,nǐ,3,0
𢅠,巾,yǎn,3,0
𢅡,巾,lán,2,0
𢅢,巾,,0,0
𢅣,巾,,0,0
𢅤,巾,gài,4,0
𢅥,巾,chú,2,0
𢅦,巾,,0,0
𢅧,巾,,0,0
𢅨,巾,,0,0
𢅩,巾,bì,4,0
𢅪,巾,zú,2,0
𢅫,巾,huì,4,0
𢅬,巾,,0,0
𢅭,巾,lǎi,3,0
𢅮,巾,xián,2,0
𢅯,巾,fèn,4,0
𢅰,巾,hè,4,0
𢅱,巾,,0,0
𢅲,巾,,0,0
𢅳,巾,,0,0
𢅴,巾,,0,0
𢅵,巾,,0,0
𢅶,巾,,0,0
𢅷,巾,,0,0
𢅸,巾,,0,0
𢅹,巾,yào,4,0
𢅺,巾,zhǎn,3,0
𢅻,巾,,0,0
𢅼,巾,néi,2,0
𢅽,巾,,0,0
𢅾,巾,luǒ,3,0
𢅿,巾,,0,0
𢆀,巾,yuán,2,0
𢆁,巾,,0,0
𢆂,巾,néng,2,0
𢆃,巾,,0,0
𢆄,巾,,0,0
𢆅,巾,,0,0
𢆆,巾,,0,0
𢆇,巾,,0,0
𢆈,巾,,0,0
𢆉,干,rěn,3,0
𢆊,干,,0,0
𢆋,干,,0,0
𢆌,干,,0,0
𢆍,干,,0,0
𢆎,干,,0,0
𢆏,干,,0,0
𢆐,干,,0,0
𢆑,干,,0,0
𢆒,干,,0,0
𢆓,干,,0,0
𢆔,干,,0,0
𢆕,干,,0,0
𢆖,干,,0,0
𢆗,干,,0,0
𢆘,干,,0,0
𢆙,干,,0,0
𢆚,干,,0,0
𢆛,干,,0,0
𢆜,干,gé,2,0
𢆝,干,,0,0
𢆞,干,jiǎn,3,0
𢆟,干,píng,2,0
𢆠,干,,0,0
𢆡,乙,,0,0
𢆢,干,,0,0
𢆣,夕,biè,4,0
𢆤,干,,0,0
𢆥,干,,0,0
𢆦,干,jiàn,4,0
𢆧,干,,0,0
𢆨,干,,0,0
𢆩,干,bìng,4,0
𢆪,干,,0,0
𢆫,干,,0,0
𢆬,干,,0,0
𢆭,干,,0,0
𢆮,干,,0,0
𢆯,幺,mì,4,0
𢆰,幺,hù,4,0
𢆱,幺,,0,0
𢆲,幺,,0,0
𢆳,幺,,0,0
𢆴,幺,diǎo,3,0
𢆵,幺,,0,0
𢆶,幺,yōu,1,0
𢆷,幺,yāo,1,0
𢆸,幺,bēng,1,0
𢆹,幺,,0,0
𢆺,幺,chén,2,0
𢆻,幺,jī,1,0
𢆼,幺,,0,0
𢆽,幺,yāo,1,0
𢆾,幺,,0,0
𢆿,幺,,0,0
𢇀,尸,,0,0
𢇁,幺,,0,0
𢇂,幺,,0,0
𢇃,幺,,0,0
𢇄,幺,,0,0
𢇅,幺,,0,0
𢇆,幺,,0,0
𢇇,幺,guān,1,0
𢇈,幺,yàn,4,0
𢇉,幺,,0,0
𢇊,幺,,0,0
𢇋,幺,,0,0
𢇌,幺,,0,0
𢇍,幺,,0,0
𢇎,幺,,0,0
𢇏,幺,,0,0
𢇐,幺,,0,0
𢇑,幺,,0,0
𢇒,幺,,0,0
𢇓,幺,,0,0
𢇔,小,,0,0
𢇕,凵,chǐ,3,0
𢇖,幺,,0,0
𢇗,广,shà,4,0
𢇘,广,yǎn,3,0
𢇙,广,yì,4,0
𢇚,广,yì,4,0
𢇛,广,chè,4,0
𢇜,广,,0,0
𢇝,广,,0,0
𢇞,广,hàn,4,0
𢇟,广,huāng,1,0
𢇠,广,,0,0
𢇡,广,,0,0
𢇢,广,,0,0
𢇣,广,,0,0
𢇤,广,shuì,4,0
𢇥,广,suì,4,0
𢇦,广,rén,2,0
𢇧,广,tán,2,0
𢇨,广,zhǐ,3,0
𢇩,广,,0,0
𢇪,广,fàn,4,0
𢇫,广,fěng,3,0
𢇬,广,,0,0
𢇭,广,,0,0
𢇮,广,,0,0
𢇯,广,,0,0
𢇰,广,tán,2,0
𢇱,广,,0,0
𢇲,广,mí,2,0
𢇳,广,pí,2,0
𢇴,广,bù,4,0
𢇵,广,nà,4,0
𢇶,广,tián,2,0
𢇷,广,bá,2,0
𢇸,广,yì,4,0
𢇹,广,,0,0
𢇺,广,,0,0
𢇻,广,,0,0
𢇼,广,,0,0
𢇽,广,,0,0
𢇾,广,,0,0
𢇿,广,,0,0
𢈀,广,,0,0
𢈁,广,,0,0
𢈂,广,yǎn,3,0
𢈃,广,,0,0
𢈄,广,tiāo,1,0
𢈅,广,,0,0
𢈆,广,yáo,2,0
𢈇,广,shěn,3,0
𢈈,广,kē,1,0
𢈉,广,tóng,2,0
𢈊,广,,0,0
𢈋,广,xuǎn,3,0
𢈌,广,,0,0
𢈍,广,,0,0
𢈎,广,,0,0
𢈏,广,,0,0
𢈐,广,,0,0
𢈑,广,,0,0
𢈒,广,,0,0
𢈓,广,yòu,4,0
𢈔,广,,0,0
𢈕,广,bài,4,0
𢈖,广,,0,0
𢈗,广,,0,0
𢈘,广,,0,0
𢈙,广,xiá,2,0
𢈚,广,lǚ,3,0
𢈛,广,kùn,4,0
𢈜,广,zāng,1,0
𢈝,广,qiú,2,0
𢈞,广,,0,0
𢈟,广,,0,0
𢈠,广,cù,4,0
𢈡,广,zuī,1,0
𢈢,广,lǒu,3,0
𢈣,广,,0,0
𢈤,广,xiá,2,0
𢈥,广,,0,0
𢈦,广,,0,0
𢈧,广,,0,0
𢈨,广,,0,0
𢈩,广,,0,0
𢈪,广,,0,0
𢈫,广,,0,0
𢈬,广,,0,0
𢈭,广,,0,0
𢈮,广,,0,0
𢈯,广,shēn,1,0
𢈰,广,,0,0
𢈱,广,,0,0
𢈲,子,pú,2,0
𢈳,广,,0,0
𢈴,广,jīng,1,0
𢈵,广,qiāng,1,0
𢈶,广,yì,4,0
𢈷,广,,0,0
𢈸,广,niè,4,0
𢈹,广,duī,1,0
𢈺,广,,0,0
𢈻,广,jié,2,0
𢈼,广,suì,4,0
𢈽,广,zhàn,4,0
𢈾,广,cōu,1,0
𢈿,广,,0,0
𢉀,广,,0,0
𢉁,广,bēng,1,0
𢉂,广,guān,1,0
𢉃,广,shě,3,0
𢉄,广,,0,0
𢉅,广,jìn,4,0
𢉆,广,dì,4,0
𢉇,广,,0,0
𢉈,广,,0,0
𢉉,广,,0,0
𢉊,广,,0,0
𢉋,广,,0,0
𢉌,广,,0,0
𢉍,广,,0,0
𢉎,广,,0,0
𢉏,广,,0,0
𢉐,广,,0,0
𢉑,广,dān,1,0
𢉒,广,,0,0
𢉓,广,nǎi,3,0
𢉔,广,,0,0
𢉕,广,nóu,2,0
𢉖,鹿,,0,0
𢉗,广,jí,2,0
𢉘,广,yán,2,0
𢉙,广,,0,0
𢉚,广,nòu,4,0
𢉛,广,,0,0
𢉜,广,dù,4,0
𢉝,广,wèi,4,0
𢉞,广,piān,1,0
𢉟,广,,0,0
𢉠,广,,0,0
𢉡,广,,0,0
𢉢,广,hú,2,0
𢉣,广,,0,0
𢉤,广,jià,4,0
𢉥,广,yè,4,0
𢉦,广,jǔn,3,0
𢉧,广,lán,2,0
𢉨,广,là,4,0
𢉩,广,yīn,1,0
𢉪,广,,0,0
𢉫,广,,0,0
𢉬,广,,0,0
𢉭,广,tuí,2,0
𢉮,广,,0,0
𢉯,广,,0,0
𢉰,广,,0,0
𢉱,广,,0,0
𢉲,广,,0,0
𢉳,广,,0,0
𢉴,广,,0,0
𢉵,广,nǎo,3,0
𢉶,广,,0,0
𢉷,广,,0,0
𢉸,广,,0,0
𢉹,广,,0,0
𢉺,广,zǔ,3,0
𢉻,广,,0,0
𢉼,广,,0,0
𢉽,广,,0,0
𢉾,广,,0,0
𢉿,广,mà,4,0
𢊀,广,sī,1,0
𢊁,广,zhì,4,0
𢊂,广,,0,0
𢊃,广,,0,0
𢊄,广,huī,1,0
𢊅,广,zhuì,4,0
𢊆,广,,0,0
𢊇,广,huì,4,0
𢊈,广,,0,0
𢊉,广,,0,0
𢊊,广,,0,0
𢊋,广,,0,0
𢊌,广,,0,0
𢊍,广,chú,2,0
𢊎,广,,0,0
𢊏,广,chè,4,0
𢊐,广,,0,0
𢊑,广,,0,0
𢊒,广,xiū,1,0
𢊓,广,lán,2,0
𢊔,广,,0,0
𢊕,广,cōng,1,0
𢊖,广,shèn,4,0
𢊗,广,mò,4,0
𢊘,广,yī,1,0
𢊙,广,yáo,2,0
𢊚,广,xǐ,3,0
𢊛,广,zuǐ,3,0
𢊜,广,bìng,4,0
𢊝,广,,0,0
𢊞,广,,0,0
𢊟,广,,0,0
𢊠,广,,0,0
𢊡,广,,0,0
𢊢,广,,0,0
𢊣,广,,0,0
𢊤,广,,0,0
𢊥,广,,0,0
𢊦,广,,0,0
𢊧,广,yú,2,0
𢊨,广,,0,0
𢊩,广,lù,4,0
𢊪,广,,0,0
𢊫,广,,0,0
𢊬,广,,0,0
𢊭,广,,0,0
𢊮,广,tuí,2,0
𢊯,广,wěi,3,0
𢊰,广,,0,0
𢊱,广,fén,2,0
𢊲,广,shěn,3,0
𢊳,广,,0,0
𢊴,广,,0,0
𢊵,广,,0,0
𢊶,广,,0,0
𢊷,广,,0,0
𢊸,广,,0,0
𢊹,广,,0,0
𢊺,广,,0,0
𢊻,广,liáo,2,0
𢊼,广,,0,0
𢊽,广,,0,0
𢊾,广,,0,0
𢊿,广,,0,0
𢋀,广,,0,0
𢋁,广,,0,0
𢋂,广,shǔ,3,0
𢋃,广,dǎn,3,0
𢋄,广,juǎn,3,0
𢋅,广,yú,2,0
𢋆,广,xìn,4,0
𢋇,广,yáo,2,0
𢋈,广,sū,1,0
𢋉,广,,0,0
𢋊,广,,0,0
𢋋,广,,0,0
𢋌,广,,0,0
𢋍,广,,0,0
𢋎,广,,0,0
𢋏,广,,0,0
𢋐,广,,0,0
𢋑,广,,0,0
𢋒,广,huó,2,0
𢋓,广,,0,0
𢋔,广,qiān,1,0
𢋕,广,,0,0
𢋖,广,,0,0
𢋗,广,,0,0
𢋘,广,,0,0
𢋙,广,,0,0
𢋚,广,má,2,0
𢋛,广,,0,0
𢋜,虫,,0,0
𢋝,广,kǎi,3,0
𢋞,广,,0,0
𢋟,广,,0,0
𢋠,广,,0,0
𢋡,广,lǔ,3,0
𢋢,广,,0,0
𢋣,广,yōu,1,0
𢋤,广,,0,0
𢋥,广,,0,0
𢋦,广,,0,0
𢋧,广,,0,0
𢋨,广,,0,0
𢋩,广,,0,0
𢋪,广,,0,0
𢋫,广,,0,0
𢋬,广,,0,0
𢋭,广,,0,0
𢋮,广,xiàn,4,0
𢋯,广,,0,0
𢋰,广,,0,0
𢋱,广,,0,0
𢋲,广,,0,0
𢋳,广,,0,0
𢋴,广,,0,0
𢋵,广,,0,0
𢋶,广,,0,0
𢋷,广,,0,0
𢋸,广,,0,0
𢋹,广,wú,2,0
𢋺,广,,0,0
𢋻,广,yǐn,3,0
𢋼,广,xī,1,0
𢋽,广,,0,0
𢋾,广,,0,0
𢋿,广,zhāi,1,0
𢌀,广,xiè,4,0
𢌁,广,,0,0
𢌂,广,,0,0
𢌃,广,,0,0
𢌄,广,qú,2,0
𢌅,广,,0,0
𢌆,广,,0,0
𢌇,水,,0,0
𢌈,广,lí,2,0
𢌉,广,,0,0
𢌊,广,,0,0
𢌌,广,,0,0
𢌍,广,qiān,1,0
𢌎,广,,0,0
𢌏,广,,0,0
𢌐,广,,0,0
𢌑,广,,0,0
𢌒,广,,0,0
𢌓,广,,0,0
𢌔,广,líng,2,0
𢌕,广,luán,2,0
𢌖,广,,0,0
𢌗,廴,,0,0
𢌘,廴,,0,0
𢌙,廴,,0,0
𢌚,廴,chān,1,0
𢌛,廴,,0,0
𢌜,廴,,0,0
𢌝,廴,,0,0
𢌞,廴,,0,0
𢌟,廴,,0,0
𢌠,廴,,0,0
𢌡,廴,,0,0
𢌢,廴,,0,0
𢌣,廴,,0,0
𢌤,廴,,0,0
𢌥,廴,,0,0
𢌦,廴,zhèng,4,0
𢌧,廴,,0,0
𢌨,廴,yán,2,0
𢌩,廴,,0,0
𢌪,廴,,0,0
𢌫,廴,,0,0
𢌬,廾,,0,0
𢌭,廾,,0,0
𢌮,廾,,0,0
𢌯,廾,,0,0
𢌰,廾,,0,0
𢌱,廾,,0,0
𢌲,廾,yìn,4,0
𢌳,廾,kuí,2,0
𢌴,廾,,0,0
𢌵,廾,,0,0
𢌶,廾,,0,0
𢌷,廾,qū,1,0
𢌸,廾,,0,0
𢌹,廾,fú,2,0
𢌺,廾,,0,0
𢌻,廾,yù,4,0
𢌼,廾,,0,0
𢌽,廾,,0,0
𢌾,廾,,0,0
𢌿,廾,,0,0
𢍀,廾,,0,0
𢍁,廾,qí,2,0
𢍂,廾,,0,0
𢍃,廾,,0,0
𢍄,廾,,0,0
𢍅,廾,,0,0
𢍆,廾,qì,4,0
𢍇,廾,jì,4,0
𢍈,廾,yuān,1,0
𢍉,廾,,0,0
𢍊,廾,,0,0
𢍋,廾,,0,0
𢍌,廾,,0,0
𢍍,廾,,0,0
𢍎,廾,gào,4,0
𢍏,廾,juàn,4,0
𢍐,廾,,0,0
𢍑,廾,qí,2,0
𢍒,廾,,0,0
𢍓,廾,gǎi,3,0
𢍔,廾,,0,0
𢍕,廾,quàn,4,0
𢍖,廾,,0,0
𢍗,廾,,0,0
𢍘,廾,,0,0
𢍙,廾,,0,0
𢍚,廾,wèi,4,0
𢍛,廾,,0,0
𢍜,廾,,0,0
𢍝,廾,,0,0
𢍞,廾,,0,0
𢍟,廾,,0,0
𢍠,廾,,0,0
𢍡,廾,,0,0
𢍢,廾,,0,0
𢍣,廾,,0,0
𢍤,廾,,0,0
𢍥,廾,,0,0
𢍦,廾,,0,0
𢍧,廾,zhì,4,0
𢍨,廾,,0,0
𢍩,廾,,0,0
𢍪,廾,,0,0
𢍫,廾,jiǎn,3,0
𢍬,廾,,0,0
𢍭,凵,sì,4,0
𢍮,廾,,0,0
𢍯,廾,,0,0
𢍰,廾,yì,4,0
𢍱,廾,qiān,1,0
𢍲,廾,,0,0
𢍳,廾,,0,0
𢍴,廾,,0,0
𢍵,廾,,0,0
𢍶,廾,,0,0
𢍷,廾,,0,0
𢍸,廾,,0,0
𢍹,廾,,0,0
𢍺,弋,,0,0
𢍻,弋,,0,0
𢍼,弋,lì,4,0
𢍽,弋,,0,0
𢍾,弋,,0,0
𢍿,弋,zāng,1,0
𢎀,弋,yì,4,0
𢎁,弋,,0,0
𢎂,弋,cái,2,0
𢎃,弋,yì,4,0
𢎄,弋,gē,1,0
𢎅,弋,,0,0
𢎆,弋,dié,2,0
𢎇,弋,,0,0
𢎈,弋,zhī,1,0
𢎉,弋,yì,4,0
𢎊,弋,,0,0
𢎋,弋,zāi,1,0
𢎌,弋,dài,4,0
𢎍,弋,,0,0
𢎎,弋,sù,4,0
𢎏,弋,,0,0
𢎐,弋,,0,0
𢎑,弋,,0,0
𢎒,弋,,0,0
𢎓,弋,,0,0
𢎔,弋,jié,2,0
𢎕,弋,chèn,4,0
𢎖,弋,qú,2,0
𢎗,弓,,0,0
𢎘,弓,hàn,4,0
𢎙,弓,xián,2,0
𢎚,弓,,0,0
𢎛,弓,,0,0
𢎜,弓,,0,0
𢎝,弓,,0,0
𢎞,弓,,0,0
𢎟,弓,,0,0
𢎠,弓,quán,2,0
𢎡,弓,jié,2,0
𢎢,弓,,0,0
𢎣,弓,,0,0
𢎤,弓,,0,0
𢎥,弓,juàn,4,0
𢎦,弓,,0,0
𢎧,弓,,0,0
𢎨,弓,,0,0
𢎩,弓,,0,0
𢎪,弓,dàn,4,0
𢎫,弓,,0,0
𢎬,弓,,0,0
𢎭,弓,jīn,1,0
𢎮,弓,,0,0
𢎯,弓,,0,0
𢎰,弓,,0,0
𢎱,弓,,0,0
𢎲,弓,,0,0
𢎳,弓,,0,0
𢎴,弓,bīng,1,0
𢎵,弓,hú,2,0
𢎶,弓,,0,0
𢎷,弓,,0,0
𢎸,弓,,0,0
𢎹,弓,jué,2,0
𢎺,弓,,0,0
𢎻,弓,yú,2,0
𢎼,弓,,0,0
𢎽,弓,,0,0
𢎾,弓,,0,0
𢎿,弓,,0,0
𢏀,弓,,0,0
𢏁,弓,,0,0
𢏂,弓,,0,0
𢏃,弓,lǐ,3,0
𢏄,弓,qiáng,2,0
𢏅,弓,shuǐ,3,0
𢏆,弓,kū,1,0
𢏇,弓,,0,0
𢏈,弓,zhěn,3,0
𢏉,弓,,0,0
𢏊,弓,,0,0
𢏋,弓,,0,0
𢏌,弓,,0,0
𢏍,弓,fú,2,0
𢏎,弓,shēn,1,0
𢏏,弓,,0,0
𢏐,弓,,0,0
𢏑,弓,,0,0
𢏒,弓,chuí,2,0
𢏓,弓,,0,0
𢏔,弓,,0,0
𢏕,弓,tóng,2,0
𢏖,弓,,0,0
𢏗,弓,yì,4,0
𢏘,弓,,0,0
𢏙,弓,yáng,2,0
𢏚,弓,,0,0
𢏛,弓,,0,0
𢏜,弓,tuó,2,0
𢏝,弓,zhōu,1,0
𢏞,弓,jí,2,0
𢏟,弓,,0,0
𢏠,弓,,0,0
𢏡,弓,,0,0
𢏢,弓,,0,0
𢏣,弓,,0,0
𢏤,弓,xùn,4,0
𢏥,弓,,0,0
𢏦,弓,shěn,3,0
𢏧,弓,xuān,1,0
𢏨,弓,,0,0
𢏩,弓,,0,0
𢏪,弓,,0,0
𢏫,弓,,0,0
𢏬,弓,,0,0
𢏭,弓,liú,2,0
𢏮,弓,yuān,1,0
𢏯,弓,hú,2,0
𢏰,弓,zhèng,4,0
𢏱,弓,,0,0
𢏲,弓,,0,0
𢏳,弓,pēng,1,0
𢏴,弓,,0,0
𢏵,弓,,0,0
𢏶,弓,,0,0
𢏷,弓,jué,2,0
𢏸,弓,,0,0
𢏹,弓,,0,0
𢏺,弓,,0,0
𢏻,弓,,0,0
𢏼,弓,,0,0
𢏽,弓,,0,0
𢏾,弓,,0,0
𢏿,弓,,0,0
𢐀,弓,,0,0
𢐁,弓,,0,0
𢐂,弓,zhì,4,0
𢐃,弓,piān,1,0
𢐄,弓,yuàn,4,0
𢐅,弓,,0,0
𢐆,弓,jiān,1,0
𢐇,弓,,0,0
𢐈,弓,,0,0
𢐉,弓,,0,0
𢐊,弓,páng,2,0
𢐋,弓,,0,0
𢐌,弓,,0,0
𢐍,弓,,0,0
𢐎,弓,zhuàn,4,0
𢐏,弓,,0,0
𢐐,弓,xián,2,0
𢐑,弓,,0,0
𢐒,弓,bēng,1,0
𢐓,弓,,0,0
𢐔,弓,cōng,1,0
𢐕,弓,,0,0
𢐖,弓,mò,4,0
𢐗,弓,,0,0
𢐘,弓,,0,0
𢐙,弓,,0,0
𢐚,弓,guó,2,0
𢐛,弓,,0,0
𢐜,弓,,0,0
𢐝,弓,,0,0
𢐞,弓,chéng,2,0
𢐟,弓,qiāo,1,0
𢐠,弓,,0,0
𢐡,弓,,0,0
𢐢,弓,,0,0
𢐣,弓,,0,0
𢐤,弓,,0,0
𢐥,弓,,0,0
𢐦,弓,bì,4,0
𢐧,弓,,0,0
𢐨,弓,,0,0
𢐩,弓,qiǎng,3,0
𢐪,弓,,0,0
𢐫,米,zhōu,1,0
𢐬,弓,,0,0
𢐭,弓,,0,0
𢐮,弓,,0,0
𢐯,弓,,0,0
𢐰,弓,,0,0
𢐱,弓,,0,0
𢐲,弓,fán,2,0
𢐳,弓,biē,1,0
𢐴,弓,,0,0
𢐵,弓,,0,0
𢐶,弓,,0,0
𢐷,弓,,0,0
𢐸,弓,,0,0
𢐹,弓,,0,0
𢐺,弓,,0,0
𢐻,弓,,0,0
𢐼,弓,,0,0
𢐽,弓,,0,0
𢐾,弓,bó,2,0
𢐿,弓,rǒng,3,0
𢑀,弓,,0,0
𢑁,弓,,0,0
𢑂,弓,,0,0
𢑃,弓,,0,0
𢑄,弓,,0,0
𢑅,弓,dǐng,3,0
𢑆,弓,quán,2,0
𢑇,弓,jiù,4,0
𢑈,弓,yáo,2,0
𢑉,弓,,0,0
𢑊,弓,,0,0
𢑋,弓,,0,0
𢑌,弓,,0,0
𢑍,弓,,0,0
𢑎,弓,,0,0
𢑏,彐,,0,0
𢑐,彐,,0,0
𢑑,彐,,0,0
𢑒,彐,,0,0
𢑓,彐,xiá,2,0
𢑔,彐,,0,0
𢑕,彐,,0,0
𢑖,田,zǎo,3,0
𢑗,彐,,0,0
𢑘,彐,,0,0
𢑙,彐,,0,0
𢑚,彐,,0,0
𢑛,彐,,0,0
𢑜,彐,,0,0
𢑝,彐,dān,1,0
𢑞,彐,,0,0
𢑟,彐,wǔ,3,0
𢑠,彐,tuó,2,0
𢑡,彐,,0,0
𢑢,彐,hū,1,0
𢑣,彐,,0,0
𢑤,彐,,0,0
𢑥,彐,,0,0
𢑦,彐,,0,0
𢑧,彐,xī,1,0
𢑨,彐,,0,0
𢑩,彐,,0,0
𢑪,彐,,0,0
𢑫,彐,,0,0
𢑬,彐,lái,2,0
𢑭,彐,,0,0
𢑮,彐,fēi,1,0
𢑯,彐,,0,0
𢑰,工,,0,0
𢑱,彐,,0,0
𢑲,彐,,0,0
𢑳,彐,,0,0
𢑴,彐,,0,0
𢑵,彐,,0,0
𢑶,彐,,0,0
𢑷,彐,,0,0
𢑸,彐,,0,0
𢑹,彐,hú,2,0
𢑺,彐,,0,0
𢑻,彐,,0,0
𢑼,彐,,0,0
𢑽,彐,,0,0
𢑾,彐,,0,0
𢑿,彐,,0,0
𢒀,彡,,0,0
𢒁,彡,,0,0
𢒂,彡,,0,0
𢒃,彡,,0,0
𢒄,彡,,0,0
𢒅,彡,,0,0
𢒆,彡,xiān,1,0
𢒇,彡,,0,0
𢒈,彡,,0,0
𢒉,彡,shǎn,3,0
𢒊,彡,,0,0
𢒋,彡,,0,0
𢒌,彡,,0,0
𢒍,彡,fèi,4,0
𢒎,彡,,0,0
𢒏,彡,,0,0
𢒐,彡,cuò,4,0
𢒑,彡,,0,0
𢒒,彡,fú,2,0
𢒓,彡,,0,0
𢒔,彡,chù,4,0
𢒕,彡,,0,0
𢒖,彡,,0,0
𢒗,彡,,0,0
𢒘,彡,,0,0
𢒙,彡,,0,0
𢒚,彡,,0,0
𢒛,彡,,0,0
𢒜,彡,,0,0
𢒝,彡,diū,1,0
𢒞,彡,làn,4,0
𢒟,彡,,0,0
𢒠,彡,,0,0
𢒡,彡,,0,0
𢒢,彡,,0,0
𢒣,彡,,0,0
𢒤,彡,,0,0
𢒥,彡,,0,0
𢒦,彡,,0,0
𢒧,彡,,0,0
𢒨,彡,,0,0
𢒩,彡,xǐ,3,0
𢒪,彡,,0,0
𢒫,彡,,0,0
𢒬,彡,,0,0
𢒭,彡,,0,0
𢒮,彡,,0,0
𢒯,彡,biāo,1,0
𢒰,彡,yù,4,0
𢒱,彡,suì,4,0
𢒲,彡,xǐ,3,0
𢒳,彡,,0,0
𢒴,彡,,0,0
𢒵,彡,,0,0
𢒶,彡,,0,0
𢒷,彡,póu,2,0
𢒸,彡,,0,0
𢒹,彡,shǎn,3,0
𢒺,彡,,0,0
𢒻,彡,,0,0
𢒼,彳,,0,0
𢒽,彳,,0,0
𢒾,彳,jiào,4,0
𢒿,彳,,0,0
𢓀,彳,yì,4,0
𢓁,彳,,0,0
𢓂,彳,,0,0
𢓃,彳,wán,2,0
𢓄,彳,jǐ,3,0
𢓅,彳,,0,0
𢓆,彳,wán,2,0
𢓇,彳,tuì,4,0
𢓈,彳,,0,0
𢓉,彳,,0,0
𢓊,彳,,0,0
𢓋,彳,àng,4,0
𢓌,彳,,0,0
𢓍,彳,tiān,1,0
𢓎,彳,chí,2,0
𢓏,彳,,0,0
𢓐,彳,,0,0
𢓑,彳,,0,0
𢓒,彳,rán,2,0
𢓓,彳,,0,0
𢓔,彳,sà,4,0
𢓕,彳,yín,2,0
𢓖,彳,pī,1,0
𢓗,彳,cǐ,3,0
𢓘,彳,tóng,2,0
𢓙,彳,yǐn,3,0
𢓚,彳,,0,0
𢓛,彳,,0,0
𢓜,彳,gé,2,0
𢓝,彳,tiāo,1,0
𢓞,彳,zhēng,1,0
𢓟,彳,zhòu,4,0
𢓠,彳,,0,0
𢓡,彳,yí,2,0
𢓢,彳,kuà,4,0
𢓣,彳,sōng,1,0
𢓤,彳,,0,0
𢓥,彳,,0,0
𢓦,彳,,0,0
𢓧,彳,dì,4,0
𢓨,彳,,0,0
𢓩,彳,,0,0
𢓪,彳,,0,0
𢓫,彳,,0,0
𢓬,彳,xié,2,0
𢓭,彳,,0,0
𢓮,彳,xiāo,1,0
𢓯,彳,guàng,4,0
𢓰,彳,tuǒ,3,0
𢓱,彳,fēng,1,0
𢓲,彳,wú,2,0
𢓳,彳,,0,0
𢓴,彳,,0,0
𢓵,彳,xiù,4,0
𢓶,彳,,0,0
𢓷,彳,,0,0
𢓸,彳,,0,0
𢓹,彳,,0,0
𢓺,彳,,0,0
𢓻,彳,,0,0
𢓼,彳,,0,0
𢓽,彳,,0,0
𢓾,彳,,0,0
𢓿,彳,yóu,2,0
𢔀,彳,,0,0
𢔁,彳,líng,2,0
𢔂,彳,yàn,4,0
𢔃,彳,,0,0
𢔄,彳,,0,0
𢔅,彳,dōng,1,0
𢔆,彳,qì,4,0
𢔇,彳,táo,2,0
𢔈,彳,hán,2,0
𢔉,彳,,0,0
𢔊,彳,chí,2,0
𢔋,彳,sōng,1,0
𢔌,彳,,0,0
𢔍,彳,,0,0
𢔎,彳,,0,0
𢔏,彳,,0,0
𢔐,彳,,0,0
𢔑,彳,quǎn,3,0
𢔒,彳,,0,0
𢔓,彳,,0,0
𢔔,彳,hàn,4,0
𢔕,彳,,0,0
𢔖,彳,,0,0
𢔗,彳,,0,0
𢔘,彳,,0,0
𢔙,彳,,0,0
𢔚,彳,,0,0
𢔛,彳,,0,0
𢔜,彳,,0,0
𢔝,彳,,0,0
𢔞,彳,,0,0
𢔟,彳,rǒu,3,0
𢔠,彳,qì,4,0
𢔡,彳,kāi,1,0
𢔢,彳,yú,2,0
𢔣,彳,chā,1,0
𢔤,彳,chèng,4,0
𢔥,彳,yù,4,0
𢔦,彳,,0,0
𢔧,彳,bìng,4,0
𢔨,彳,,0,0
𢔩,彳,cōng,1,0
𢔪,彳,zhū,1,0
𢔫,彳,,0,0
𢔬,行,yù,4,0
𢔭,彳,,0,0
𢔮,彳,,0,0
𢔯,彳,,0,0
𢔰,彳,,0,0
𢔱,彳,jué,2,0
𢔲,彳,liù,4,0
𢔳,彳,sāo,1,0
𢔴,彳,yù,4,0
𢔵,彳,,0,0
𢔶,彳,,0,0
𢔷,彳,,0,0
𢔸,彳,,0,0
𢔹,彳,,0,0
𢔺,彳,,0,0
𢔻,彳,,0,0
𢔼,彳,,0,0
𢔽,彳,,0,0
𢔾,彳,,0,0
𢔿,彳,,0,0
𢕀,彳,,0,0
𢕁,彳,,0,0
𢕂,彳,,0,0
𢕃,彳,,0,0
𢕄,彳,,0,0
𢕅,彳,shuài,4,0
𢕆,彳,,0,0
𢕇,彳,,0,0
𢕈,彳,,0,0
𢕉,彳,,0,0
𢕊,彳,,0,0
𢕋,彳,yuàn,4,0
𢕌,彳,,0,0
𢕍,彳,,0,0
𢕎,彳,zhāng,1,0
𢕏,彳,,0,0
𢕐,彳,,0,0
𢕑,彳,shuài,4,0
𢕒,彳,,0,0
𢕓,彳,chǔ,3,0
𢕔,彳,zhāng,1,0
𢕕,彳,sǎn,3,0
𢕖,彳,xiān,1,0
𢕗,彳,,0,0
𢕘,彳,cuī,1,0
𢕙,彳,měng,3,0
𢕚,彳,dí,2,0
𢕛,彳,,0,0
𢕜,彳,,0,0
𢕝,彳,,0,0
𢕞,彳,zhì,4,0
𢕟,彳,ào,4,0
𢕠,彳,,0,0
𢕡,彳,,0,0
𢕢,彳,,0,0
𢕣,彳,,0,0
𢕤,彳,,0,0
𢕥,彳,,0,0
𢕦,彳,xiū,1,0
𢕧,彳,,0,0
𢕨,彳,pián,2,0
𢕩,彳,,0,0
𢕪,彳,jiào,4,0
𢕫,彳,kuǎn,3,0
𢕬,彳,sà,4,0
𢕭,彳,xiàn,4,0
𢕮,彳,zhà,4,0
𢕯,彳,diàn,4,0
𢕰,彳,,0,0
𢕱,彳,,0,0
𢕲,彳,,0,0
𢕳,彳,,0,0
𢕴,彳,,0,0
𢕵,彳,,0,0
𢕶,彳,,0,0
𢕷,彳,yí,2,0
𢕸,彳,,0,0
𢕹,彳,,0,0
𢕺,彳,huì,4,0
𢕻,彳,shàn,4,0
𢕼,彳,,0,0
𢕽,彳,,0,0
𢕾,彳,,0,0
𢕿,彳,,0,0
𢖀,彳,,0,0
𢖁,彳,,0,0
𢖂,彳,,0,0
𢖃,彳,,0,0
𢖄,彳,chóng,2,0
𢖅,行,yí,2,0
𢖆,彳,xiè,4,0
𢖇,彳,zhì,4,0
𢖈,彳,tiào,4,0
𢖉,彳,,0,0
𢖊,彳,pīng,1,0
𢖋,行,xián,2,0
𢖌,彳,,0,0
𢖍,彳,,0,0
𢖎,彳,xiān,1,0
𢖏,彳,sù,4,0
𢖐,彳,,0,0
𢖑,彳,cuán,2,0
𢖒,彳,,0,0
𢖓,彳,,0,0
𢖔,彳,,0,0
𢖕,彳,,0,0
𢖖,彳,,0,0
𢖗,彳,sǒng,3,0
𢖘,彳,,0,0
𢖙,彳,,0,0
𢖚,彳,,0,0
𢖛,黑,hēi,1,0
𢖜,彳,,0,0
𢖝,彳,xiàn,4,0
𢖞,彳,,0,0
𢖟,彳,yóu,2,0
𢖠,彳,,0,0
𢖡,行,yù,4,0
𢖢,彳,,0,0
𢖣,彳,,0,0
𢖤,彳,tái,2,0
𢖥,彳,,0,0
𢖦,彳,jué,2,0
𢖧,彳,nàng,4,0
𢖨,彳,,0,0
𢖩,心,diān,1,0
𢖪,心,,0,0
𢖫,心,yì,4,0
𢖬,心,bì,4,0
𢖭,心,,0,0
𢖮,心,,0,0
𢖯,心,,0,0
𢖰,心,,0,0
𢖱,心,,0,0
𢖲,心,,0,0
𢖳,心,xū,1,0
𢖴,心,yì,4,0
𢖵,心,rù,4,0
𢖶,心,,0,0
𢖷,心,gōng,1,0
𢖸,心,,0,0
𢖹,心,,0,0
𢖺,心,yì,4,0
𢖻,心,,0,0
𢖼,心,,0,0
𢖽,心,,0,0
𢖾,心,,0,0
𢖿,心,zhì,4,0
𢗀,心,xīn,1,0
𢗁,心,,0,0
𢗂,心,jì,4,0
𢗃,心,,0,0
𢗄,心,xià,4,0
𢗅,心,,0,0
𢗆,心,,0,0
𢗇,心,,0,0
𢗈,心,zhāo,1,0
𢗉,心,nè,4,0
𢗊,心,xiè,4,0
𢗋,心,,0,0
𢗌,心,,0,0
𢗍,心,,0,0
𢗎,心,yì,4,0
𢗏,心,,0,0
𢗐,心,,0,0
𢗑,心,,0,0
𢗒,心,,0,0
𢗓,心,yǔ,3,0
𢗔,心,,0,0
𢗕,心,,0,0
𢗖,心,,0,0
𢗗,心,,0,0
𢗘,心,,0,0
𢗙,心,,0,0
𢗚,心,,0,0
𢗛,心,,0,0
𢗜,心,,0,0
𢗝,心,,0,0
𢗞,心,,0,0
𢗟,心,,0,0
𢗠,心,,0,0
𢗡,心,,0,0
𢗢,心,,0,0
𢗣,心,,0,0
𢗤,心,,0,0
𢗥,心,,0,0
𢗦,心,,0,0
𢗧,心,,0,0
𢗨,心,,0,0
𢗩,心,,0,0
𢗪,心,,0,0
𢗫,心,fǔ,3,0
𢗬,心,,0,0
𢗭,心,shè,4,0
𢗮,心,,0,0
𢗯,心,yuán,2,0
𢗰,心,fǎn,3,0
𢗱,心,,0,0
𢗲,心,fū,1,0
𢗳,心,wù,4,0
𢗴,心,xī,1,0
𢗵,心,hǒng,3,0
𢗶,心,,0,0
𢗷,心,,0,0
𢗸,心,,0,0
𢗹,心,jì,4,0
𢗺,心,chàng,4,0
𢗻,心,,0,0
𢗼,心,,0,0
𢗽,心,,0,0
𢗾,心,,0,0
𢗿,心,mò,4,0
𢘀,心,pèi,4,0
𢘁,心,,0,0
𢘂,心,,0,0
𢘃,心,mú,2,0
𢘄,心,qiú,2,0
𢘅,心,mào,4,0
𢘆,心,,0,0
𢘇,心,dá,2,0
𢘈,心,,0,0
𢘉,心,xiá,2,0
𢘊,心,shēn,1,0
𢘋,心,tè,4,0
𢘌,心,hóng,2,0
𢘍,心,bì,4,0
𢘎,心,,0,0
𢘏,心,,0,0
𢘐,心,,0,0
𢘑,心,,0,0
𢘒,心,,0,0
𢘓,心,,0,0
𢘔,心,,0,0
𢘕,心,,0,0
𢘖,心,,0,0
𢘗,心,,0,0
𢘘,心,,0,0
𢘙,心,lǒng,3,0
𢘚,心,,0,0
𢘛,心,,0,0
𢘜,心,,0,0
𢘝,心,nǐ,3,0
𢘞,心,,0,0
𢘟,心,qiáo,2,0
𢘠,心,,0,0
𢘡,心,,0,0
𢘢,心,,0,0
𢘣,心,,0,0
𢘤,心,,0,0
𢘥,心,,0,0
𢘦,心,,0,0
𢘧,心,ruǎn,3,0
𢘨,心,,0,0
𢘩,心,,0,0
𢘪,心,,0,0
𢘫,心,,0,0
𢘬,心,,0,0
𢘭,心,,0,0
𢘮,心,,0,0
𢘯,心,,0,0
𢘰,心,,0,0
𢘱,心,,0,0
𢘲,心,,0,0
𢘳,心,,0,0
𢘴,心,,0,0
𢘵,心,,0,0
𢘶,心,,0,0
𢘷,心,,0,0
𢘸,心,jiàng,4,0
𢘹,心,chā,1,0
𢘺,心,mǐ,3,0
𢘻,心,,0,0
𢘼,心,,0,0
𢘽,心,yì,4,0
𢘾,心,,0,0
𢘿,心,suō,1,0
𢙀,心,,0,0
𢙁,心,wù,4,0
𢙂,心,xuān,1,0
𢙃,心,,0,0
𢙄,心,,0,0
𢙅,心,xí,2,0
𢙆,心,,0,0
𢙇,心,yǐ,3,0
𢙈,心,,0,0
𢙉,心,,0,0
𢙊,心,,0,0
𢙋,心,,0,0
𢙌,心,,0,0
𢙍,心,,0,0
𢙎,心,,0,0
𢙏,心,,0,0
𢙐,心,náo,2,0
𢙑,心,mái,2,0
𢙒,心,xiāo,1,0
𢙓,心,wèi,4,0
𢙔,心,,0,0
𢙕,心,,0,0
𢙖,心,,0,0
𢙗,心,,0,0
𢙘,心,,0,0
𢙙,心,,0,0
𢙚,心,,0,0
𢙛,心,,0,0
𢙜,心,,0,0
𢙝,心,,0,0
𢙞,心,,0,0
𢙟,心,,0,0
𢙠,心,,0,0
𢙡,心,,0,0
𢙢,心,,0,0
𢙣,心,,0,0
𢙤,心,,0,0
𢙥,心,,0,0
𢙦,心,,0,0
𢙧,心,,0,0
𢙨,心,,0,0
𢙩,心,,0,0
𢙪,心,,0,0
𢙫,心,,0,0
𢙬,心,,0,0
𢙭,心,,0,0
𢙮,心,kàn,4,0
𢙯,心,,0,0
𢙰,心,,0,0
𢙱,心,lòng,4,0
𢙲,心,lǚ,3,0
𢙳,心,zhuǎng,3,0
𢙴,心,,0,0
𢙵,心,,0,0
𢙶,心,,0,0
𢙷,心,,0,0
𢙸,心,,0,0
𢙹,心,,0,0
𢙺,心,zhì,4,0
𢙻,心,,0,0
𢙼,心,xìng,4,0
𢙽,心,,0,0
𢙾,心,gěng,3,0
𢙿,心,jìn,4,0
𢚀,心,xiàn,4,0
𢚁,心,jì,4,0
𢚂,心,cuò,4,0
𢚃,心,,0,0
𢚄,心,láo,2,0
𢚅,心,fěn,3,0
𢚆,心,jù,4,0
𢚇,心,,0,0
𢚈,心,,0,0
𢚉,心,,0,0
𢚊,心,,0,0
𢚋,心,miào,4,0
𢚌,心,xiá,2,0
𢚍,心,,0,0
𢚎,心,,0,0
𢚏,心,,0,0
𢚐,心,,0,0
𢚑,心,sù,4,0
𢚒,心,,0,0
𢚓,心,,0,0
𢚔,心,,0,0
𢚕,心,,0,0
𢚖,心,,0,0
𢚗,心,,0,0
𢚘,心,,0,0
𢚙,心,,0,0
𢚚,心,,0,0
𢚛,心,,0,0
𢚜,心,,0,0
𢚝,心,,0,0
𢚞,心,,0,0
𢚟,心,,0,0
𢚠,心,,0,0
𢚡,心,,0,0
𢚢,心,,0,0
𢚣,心,,0,0
𢚤,心,,0,0
𢚥,心,,0,0
𢚦,心,,0,0
𢚧,心,,0,0
𢚨,心,zhì,4,0
𢚩,心,,0,0
𢚪,心,hù,4,0
𢚫,心,kòu,4,0
𢚬,心,,0,0
𢚭,心,suǒ,3,0
𢚮,心,nì,4,0
𢚯,心,,0,0
𢚰,心,,0,0
𢚱,心,,0,0
𢚲,心,,0,0
𢚳,心,,0,0
𢚴,心,,0,0
𢚵,心,,0,0
𢚶,心,,0,0
𢚷,心,,0,0
𢚸,心,,0,0
𢚹,心,,0,0
𢚺,心,tēng,1,0
𢚻,心,zhù,4,0
𢚼,心,,0,0
𢚽,心,,0,0
𢚾,心,,0,0
𢚿,心,,0,0
𢛀,心,,0,0
𢛁,心,dá,2,0
𢛂,心,,0,0
𢛃,心,qiú,2,0
𢛄,心,yà,4,0
𢛅,心,,0,0
𢛆,心,xián,2,0
𢛇,心,,0,0
𢛈,心,,0,0
𢛉,心,nèi,4,0
𢛊,心,,0,0
𢛋,心,,0,0
𢛌,心,,0,0
𢛍,心,zhǐ,3,0
𢛎,心,bié,2,0
𢛏,心,,0,0
𢛐,心,,0,0
𢛑,心,,0,0
𢛒,心,chǒng,3,0
𢛓,心,lán,2,0
𢛔,心,dōng,1,0
𢛕,心,qūn,1,0
𢛖,心,xiàng,4,0
𢛗,心,,0,0
𢛘,心,xiáo,2,0
𢛙,心,wǎn,3,0
𢛚,心,rù,4,0
𢛛,心,wàng,4,0
𢛜,心,nì,4,0
𢛝,心,,0,0
𢛞,心,bāi,1,0
𢛟,心,yà,4,0
𢛠,心,,0,0
𢛡,心,,0,0
𢛢,心,,0,0
𢛣,心,,0,0
𢛤,心,,0,0
𢛥,心,sī,1,0
𢛦,心,yǐn,3,0
𢛧,心,,0,0
𢛨,心,yù,4,0
𢛩,心,,0,0
𢛪,心,,0,0
𢛫,心,,0,0
𢛬,心,,0,0
𢛭,心,,0,0
𢛮,心,lí,2,0
𢛯,心,huò,4,0
𢛰,心,,0,0
𢛱,心,,0,0
𢛲,心,,0,0
𢛳,心,,0,0
𢛴,心,,0,0
𢛵,心,,0,0
𢛶,心,,0,0
𢛷,心,,0,0
𢛸,心,,0,0
𢛹,心,,0,0
𢛺,心,,0,0
𢛻,心,,0,0
𢛼,心,,0,0
𢛽,心,,0,0
𢛾,心,,0,0
𢛿,心,,0,0
𢜀,心,,0,0
𢜁,心,,0,0
𢜂,心,,0,0
𢜃,心,,0,0
𢜄,心,,0,0
𢜅,心,,0,0
𢜆,心,,0,0
𢜇,心,,0,0
𢜈,心,,0,0
𢜉,心,,0,0
𢜊,心,,0,0
𢜋,心,,0,0
𢜌,心,,0,0
𢜍,心,,0,0
𢜎,心,,0,0
𢜏,心,,0,0
𢜐,心,,0,0
𢜑,心,,0,0
𢜒,心,,0,0
𢜓,心,,0,0
𢜔,心,,0,0
𢜕,心,,0,0
𢜖,心,,0,0
𢜗,心,bàng,4,0
𢜘,心,,0,0
𢜙,心,,0,0
𢜚,心,,0,0
𢜛,心,,0,0
𢜜,心,,0,0
𢜝,心,,0,0
𢜞,心,,0,0
𢜟,心,,0,0
𢜠,心,,0,0
𢜡,心,,0,0
𢜢,心,,0,0
𢜣,心,xī,1,0
𢜤,心,,0,0
𢜥,心,jiū,1,0
𢜦,心,,0,0
𢜧,心,,0,0
𢜨,心,xiè,4,0
𢜩,心,qiān,1,0
𢜪,心,nuò,4,0
𢜫,心,xǐng,3,0
𢜬,心,duó,2,0
𢜭,心,jǐ,3,0
𢜮,心,wǔ,3,0
𢜯,心,mú,2,0
𢜰,心,yàn,4,0
𢜱,心,qì,4,0
𢜲,心,ná,2,0
𢜳,心,chì,4,0
𢜴,心,hóu,2,0
𢜵,心,,0,0
𢜶,心,sào,4,0
𢜷,心,,0,0
𢜸,心,náo,2,0
𢜹,心,,0,0
𢜺,心,,0,0
𢜻,心,chěng,3,0
𢜼,心,chěng,3,0
𢜽,心,kuǐ,3,0
𢜾,心,,0,0
𢜿,心,jià,4,0
𢝀,心,tú,2,0
𢝁,心,hōng,1,0
𢝂,心,dú,2,0
𢝃,心,,0,0
𢝄,心,,0,0
𢝅,心,xiá,2,0
𢝆,心,zhòng,4,0
𢝇,心,huò,4,0
𢝈,心,chóng,2,0
𢝉,心,dá,2,0
𢝊,心,,0,0
𢝋,心,,0,0
𢝌,心,mào,4,0
𢝍,心,yào,4,0
𢝎,心,,0,0
𢝏,心,,0,0
𢝐,心,,0,0
𢝑,心,,0,0
𢝒,心,,0,0
𢝓,心,juān,1,0
𢝔,心,,0,0
𢝕,心,,0,0
𢝖,心,,0,0
𢝗,心,,0,0
𢝘,心,,0,0
𢝙,心,,0,0
𢝚,心,,0,0
𢝛,心,,0,0
𢝜,心,,0,0
𢝝,心,,0,0
𢝞,心,,0,0
𢝟,心,,0,0
𢝠,心,,0,0
𢝡,心,,0,0
𢝢,心,,0,0
𢝣,心,,0,0
𢝤,心,,0,0
𢝥,心,,0,0
𢝦,心,,0,0
𢝧,心,,0,0
𢝨,心,,0,0
𢝩,心,,0,0
𢝪,心,,0,0
𢝫,心,,0,0
𢝬,心,shì,4,0
𢝭,心,,0,0
𢝮,心,,0,0
𢝯,心,yín,2,0
𢝰,心,,0,0
𢝱,心,,0,0
𢝲,心,,0,0
𢝳,心,gǔ,3,0
𢝴,心,wù,4,0
𢝵,心,,0,0
𢝶,心,,0,0
𢝷,心,,0,0
𢝸,心,guò,4,0
𢝹,心,tì,4,0
𢝺,心,,0,0
𢝻,心,hū,1,0
𢝼,心,,0,0
𢝽,心,,0,0
𢝾,心,,0,0
𢝿,心,,0,0
𢞀,心,,0,0
𢞁,心,,0,0
𢞂,心,,0,0
𢞃,心,,0,0
𢞄,心,,0,0
𢞅,心,,0,0
𢞆,心,,0,0
𢞇,心,rě,3,0
𢞈,心,,0,0
𢞉,心,yí,2,0
𢞊,心,,0,0
𢞋,心,tǔn,3,0
𢞌,心,,0,0
𢞍,心,,0,0
𢞎,心,,0,0
𢞏,心,qióng,2,0
𢞐,心,hài,4,0
𢞑,心,,0,0
𢞒,心,qì,4,0
𢞓,心,,0,0
𢞔,心,,0,0
𢞕,心,huò,4,0
𢞖,心,tì,4,0
𢞗,心,pī,1,0
𢞘,心,,0,0
𢞙,心,,0,0
𢞚,心,gěng,3,0
𢞛,心,,0,0
𢞜,心,xiè,4,0
𢞝,心,,0,0
𢞞,心,mì,4,0
𢞟,心,gào,4,0
𢞠,心,tā,1,0
𢞡,心,xiǎng,3,0
𢞢,心,,0,0
𢞣,心,shū,1,0
𢞤,心,,0,0
𢞥,心,,0,0
𢞦,心,fú,2,0
𢞧,心,,0,0
𢞨,心,,0,0
𢞩,心,,0,0
𢞪,心,,0,0
𢞫,心,,0,0
𢞬,心,zhuān,1,0
𢞭,心,liù,4,0
𢞮,心,,0,0
𢞯,心,,0,0
𢞰,心,,0,0
𢞱,心,,0,0
𢞲,心,,0,0
𢞳,心,,0,0
𢞴,心,,0,0
𢞵,心,,0,0
𢞶,心,,0,0
𢞷,心,,0,0
𢞸,心,,0,0
𢞹,心,,0,0
𢞺,心,,0,0
𢞻,心,,0,0
𢞼,心,,0,0
𢞽,心,,0,0
𢞾,心,,0,0
𢞿,心,,0,0
𢟀,心,,0,0
𢟁,心,,0,0
𢟂,心,,0,0
𢟃,心,,0,0
𢟄,心,,0,0
𢟅,心,yóu,2,0
𢟆,心,,0,0
𢟇,心,,0,0
𢟈,心,,0,0
𢟉,心,,0,0
𢟊,心,chěng,3,0
𢟋,心,duī,1,0
𢟌,心,,0,0
𢟍,心,,0,0
𢟎,心,,0,0
𢟏,心,,0,0
𢟐,心,,0,0
𢟑,心,,0,0
𢟒,心,,0,0
𢟓,心,,0,0
𢟔,心,,0,0
𢟕,心,,0,0
𢟖,心,,0,0
𢟗,心,,0,0
𢟘,心,,0,0
𢟙,心,,0,0
𢟚,心,,0,0
𢟛,心,,0,0
𢟜,心,,0,0
𢟝,心,,0,0
𢟞,心,,0,0
𢟟,心,,0,0
𢟠,心,,0,0
𢟡,心,,0,0
𢟢,心,lí,2,0
𢟣,心,yàng,4,0
𢟤,心,lí,2,0
𢟥,心,,0,0
𢟦,心,,0,0
𢟧,心,lǔ,3,0
𢟨,心,mǔ,3,0
𢟩,心,suì,4,0
𢟪,心,ài,4,0
𢟫,心,,0,0
𢟬,心,,0,0
𢟭,心,kòu,4,0
𢟮,心,,0,0
𢟯,心,zhé,2,0
𢟰,心,ài,4,0
𢟱,心,téng,2,0
𢟲,心,,0,0
𢟳,心,lǜ,4,0
𢟴,心,tuí,2,0
𢟵,心,bī,1,0
𢟶,心,,0,0
𢟷,心,,0,0
𢟸,心,,0,0
𢟹,心,,0,0
𢟺,心,,0,0
𢟻,心,,0,0
𢟼,心,méng,2,0
𢟽,心,,0,0
𢟾,心,huì,4,0
𢟿,心,huán,2,0
𢠀,心,,0,0
𢠁,心,,0,0
𢠂,心,,0,0
𢠃,心,,0,0
𢠄,心,,0,0
𢠅,心,,0,0
𢠆,心,,0,0
𢠇,心,,0,0
𢠈,心,,0,0
𢠉,心,,0,0
𢠊,心,,0,0
𢠋,心,,0,0
𢠌,心,,0,0
𢠍,心,,0,0
𢠎,心,,0,0
𢠏,心,,0,0
𢠐,心,,0,0
𢠑,心,,0,0
𢠒,心,,0,0
𢠓,心,,0,0
𢠔,心,,0,0
𢠕,心,,0,0
𢠖,心,,0,0
𢠗,心,,0,0
𢠘,心,,0,0
𢠙,心,,0,0
𢠚,心,,0,0
𢠛,心,kuò,4,0
𢠜,心,,0,0
𢠝,心,xīn,1,0
𢠞,心,,0,0
𢠟,心,,0,0
𢠠,心,,0,0
𢠡,心,sào,4,0
𢠢,心,,0,0
𢠣,心,,0,0
𢠤,心,,0,0
𢠥,心,,0,0
𢠦,心,,0,0
𢠧,心,,0,0
𢠨,心,,0,0
𢠩,心,,0,0
𢠪,心,,0,0
𢠫,心,shù,4,0
𢠬,心,què,4,0
𢠭,心,bā,1,0
𢠮,心,tuì,4,0
𢠯,心,,0,0
𢠰,心,,0,0
𢠱,心,,0,0
𢠲,心,fù,4,0
𢠳,心,biē,1,0
𢠴,心,,0,0
𢠵,心,tǎng,3,0
𢠶,心,,0,0
𢠷,心,xiàng,4,0
𢠸,心,,0,0
𢠹,心,sī,1,0
𢠺,心,bó,2,0
𢠻,心,,0,0
𢠼,心,mái,2,0
𢠽,心,dàng,4,0
𢠾,心,,0,0
𢠿,心,guì,4,0
𢡀,心,hēi,1,0
𢡁,心,xī,1,0
𢡂,心,dàng,4,0
𢡃,心,yì,4,0
𢡄,心,,0,0
𢡅,心,bī,1,0
𢡆,心,,0,0
𢡇,心,gū,1,0
𢡈,心,cuì,4,0
𢡉,心,sè,4,0
𢡊,心,,0,0
𢡋,心,,0,0
𢡌,心,,0,0
𢡍,心,gé,2,0
𢡎,心,yù,4,0
𢡏,心,nǎ,3,0
𢡐,心,,0,0
𢡑,心,lì,4,0
𢡒,心,zhì,4,0
𢡓,心,,0,0
𢡔,心,,0,0
𢡕,心,,0,0
𢡖,心,,0,0
𢡗,心,,0,0
𢡘,心,,0,0
𢡙,心,,0,0
𢡚,心,,0,0
𢡛,心,,0,0
𢡜,心,,0,0
𢡝,心,,0,0
𢡞,心,,0,0
𢡟,心,,0,0
𢡠,心,,0,0
𢡡,心,,0,0
𢡢,心,,0,0
𢡣,心,,0,0
𢡤,心,,0,0
𢡥,心,,0,0
𢡦,心,,0,0
𢡧,心,,0,0
𢡨,心,,0,0
𢡩,心,,0,0
𢡪,心,,0,0
𢡫,心,,0,0
𢡬,心,,0,0
𢡭,心,,0,0
𢡮,心,,0,0
𢡯,心,,0,0
𢡰,心,zhào,4,0
𢡱,心,,0,0
𢡲,心,,0,0
𢡳,心,,0,0
𢡴,心,jī,1,0
𢡵,心,ruǎn,3,0
𢡶,心,,0,0
𢡷,心,,0,0
𢡸,心,,0,0
𢡹,心,chòng,4,0
𢡺,心,,0,0
𢡻,心,,0,0
𢡼,心,,0,0
𢡽,心,,0,0
𢡾,心,,0,0
𢡿,心,,0,0
𢢀,心,,0,0
𢢁,心,,0,0
𢢂,心,jié,2,0
𢢃,心,,0,0
𢢄,心,,0,0
𢢅,心,,0,0
𢢆,心,,0,0
𢢇,心,,0,0
𢢈,心,,0,0
𢢉,心,,0,0
𢢊,心,,0,0
𢢋,心,,0,0
𢢌,心,chàng,4,0
𢢍,心,zhé,2,0
𢢎,心,,0,0
𢢏,心,,0,0
𢢐,心,,0,0
𢢑,心,,0,0
𢢒,心,sù,4,0
𢢓,心,yōng,1,0
𢢔,心,,0,0
𢢕,心,,0,0
𢢖,心,qì,4,0
𢢗,心,zhuó,2,0
𢢘,心,,0,0
𢢙,心,,0,0
𢢚,心,kài,4,0
𢢛,心,,0,0
𢢜,心,yè,4,0
𢢝,心,,0,0
𢢞,心,qì,4,0
𢢟,心,,0,0
𢢠,心,,0,0
𢢡,心,,0,0
𢢢,心,,0,0
𢢣,心,,0,0
𢢤,心,,0,0
𢢥,心,,0,0
𢢦,心,,0,0
𢢧,心,,0,0
𢢨,心,,0,0
𢢩,心,,0,0
𢢪,心,,0,0
𢢫,心,,0,0
𢢬,心,,0,0
𢢭,心,,0,0
𢢮,心,,0,0
𢢯,心,,0,0
𢢰,心,,0,0
𢢱,心,,0,0
𢢲,心,,0,0
𢢳,心,,0,0
𢢴,心,,0,0
𢢵,心,,0,0
𢢶,心,,0,0
𢢷,心,,0,0
𢢸,心,,0,0
𢢹,心,xiòng,4,0
𢢺,心,,0,0
𢢻,心,,0,0
𢢼,心,,0,0
𢢽,心,,0,0
𢢾,心,,0,0
𢢿,心,,0,0
𢣀,心,,0,0
𢣁,心,,0,0
𢣂,心,,0,0
𢣃,心,,0,0
𢣄,心,,0,0
𢣅,心,,0,0
𢣆,心,,0,0
𢣇,心,,0,0
𢣈,心,,0,0
𢣉,心,yī,1,0
𢣊,心,chǒu,3,0
𢣋,心,,0,0
𢣌,心,,0,0
𢣍,心,,0,0
𢣎,心,tuǎn,3,0
𢣏,心,ài,4,0
𢣐,心,pīn,1,0
𢣑,心,,0,0
𢣒,心,,0,0
𢣓,心,liè,4,0
𢣔,心,mián,2,0
𢣕,心,ài,4,0
𢣖,心,,0,0
𢣗,心,mǒ,3,0
𢣘,心,wèi,4,0
𢣙,心,yìng,4,0
𢣚,心,nǐ,3,0
𢣛,心,,0,0
𢣜,心,,0,0
𢣝,心,,0,0
𢣞,心,bó,2,0
𢣟,心,,0,0
𢣠,心,liù,4,0
𢣡,心,,0,0
𢣢,心,,0,0
𢣣,心,,0,0
𢣤,心,,0,0
𢣥,心,,0,0
𢣦,心,,0,0
𢣧,心,,0,0
𢣨,心,,0,0
𢣩,心,,0,0
𢣪,心,,0,0
𢣫,心,,0,0
𢣬,心,,0,0
𢣭,心,,0,0
𢣮,心,,0,0
𢣯,心,,0,0
𢣰,心,,0,0
𢣱,心,,0,0
𢣲,心,,0,0
𢣳,心,ruì,4,0
𢣴,心,,0,0
𢣵,心,,0,0
𢣶,心,,0,0
𢣷,心,,0,0
𢣸,心,,0,0
𢣹,心,,0,0
𢣺,心,,0,0
𢣻,心,lǘ,2,0
𢣼,心,chá,2,0
𢣽,心,,0,0
𢣾,心,,0,0
𢣿,心,chù,4,0
𢤀,心,,0,0
𢤁,心,sào,4,0
𢤂,心,lí,2,0
𢤃,心,,0,0
𢤄,心,sōng,1,0
𢤅,心,,0,0
𢤆,心,lì,4,0
𢤇,心,,0,0
𢤈,心,,0,0
𢤉,心,,0,0
𢤊,心,,0,0
𢤋,心,xì,4,0
𢤌,心,,0,0
𢤍,心,yān,1,0
𢤎,心,cuō,1,0
𢤏,心,,0,0
𢤐,心,liú,2,0
𢤑,心,,0,0
𢤒,心,,0,0
𢤓,心,,0,0
𢤔,心,,0,0
𢤕,心,,0,0
𢤖,心,,0,0
𢤗,心,,0,0
𢤘,心,méng,2,0
𢤙,心,,0,0
𢤚,心,zhàn,4,0
𢤛,心,,0,0
𢤜,心,,0,0
𢤝,心,,0,0
𢤞,心,,0,0
𢤟,心,,0,0
𢤠,心,,0,0
𢤡,心,,0,0
𢤢,心,,0,0
𢤣,心,,0,0
𢤤,心,zhuàng,4,0
𢤥,心,,0,0
𢤦,心,,0,0
𢤧,心,miǎo,3,0
𢤨,心,,0,0
𢤩,心,lì,4,0
𢤪,心,,0,0
𢤫,心,jǔ,3,0
𢤬,心,,0,0
𢤭,心,,0,0
𢤮,心,,0,0
𢤯,心,xiè,4,0
𢤰,心,xiè,4,0
𢤱,心,lǒng,3,0
𢤲,心,lóng,2,0
𢤳,心,,0,0
𢤴,心,,0,0
𢤵,心,,0,0
𢤶,心,,0,0
𢤷,心,,0,0
𢤸,心,,0,0
𢤹,心,,0,0
𢤺,心,,0,0
𢤻,心,,0,0
𢤼,心,,0,0
𢤽,心,,0,0
𢤾,心,,0,0
𢤿,心,,0,0
𢥀,心,,0,0
𢥁,心,,0,0
𢥂,心,téng,2,0
𢥃,心,zhù,4,0
𢥄,心,,0,0
𢥅,心,,0,0
𢥆,心,,0,0
𢥇,心,,0,0
𢥈,心,,0,0
𢥉,心,,0,0
𢥊,心,,0,0
𢥋,心,chán,2,0
𢥌,心,xiǎn,3,0
𢥍,心,,0,0
𢥎,心,,0,0
𢥏,心,yíng,2,0
𢥐,心,pèi,4,0
𢥑,心,,0,0
𢥒,心,,0,0
𢥓,心,,0,0
𢥔,心,,0,0
𢥕,心,,0,0
𢥖,心,,0,0
𢥗,心,,0,0
𢥘,心,xié,2,0
𢥙,心,,0,0
𢥚,心,jiào,4,0
𢥛,心,,0,0
𢥜,心,,0,0
𢥝,心,,0,0
𢥞,心,chōng,1,0
𢥟,心,,0,0
𢥠,心,,0,0
𢥡,心,,0,0
𢥢,心,,0,0
𢥣,心,,0,0
𢥤,心,,0,0
𢥥,心,,0,0
𢥦,心,,0,0
𢥧,心,,0,0
𢥨,心,,0,0
𢥩,心,,0,0
𢥪,心,,0,0
𢥫,心,,0,0
𢥬,心,,0,0
𢥭,心,,0,0
𢥮,心,,0,0
𢥯,心,,0,0
𢥰,心,,0,0
𢥱,心,,0,0
𢥲,心,,0,0
𢥳,心,hē,1,0
𢥴,心,,0,0
𢥵,心,,0,0
𢥶,心,,0,0
𢥷,心,,0,0
𢥸,心,,0,0
𢥹,心,,0,0
𢥺,心,,0,0
𢥻,心,,0,0
𢥼,心,,0,0
𢥽,心,tǔn,3,0
𢥾,心,,0,0
𢥿,心,,0,0
𢦀,心,,0,0
𢦁,心,,0,0
𢦂,心,,0,0
𢦃,心,,0,0
𢦄,心,,0,0
𢦅,心,hǒng,3,0
𢦆,心,,0,0
𢦇,心,,0,0
𢦈,心,mán,2,0
𢦉,心,,0,0
𢦊,心,jīn,1,0
𢦋,心,,0,0
𢦌,戈,qú,2,0
𢦍,戈,dǒu,3,0
𢦎,戈,qiú,2,0
𢦏,戈,zāi,1,0
𢦐,戈,,0,0
𢦑,戈,shēng,1,0
𢦒,戈,zāi,1,0
𢦓,戈,,0,0
𢦔,戈,,0,0
𢦕,戈,yǐ,3,0
𢦖,戈,,0,0
𢦗,戈,,0,0
𢦘,戈,,0,0
𢦙,戈,,0,0
𢦚,戈,huà,4,0
𢦛,戈,,0,0
𢦜,戈,,0,0
𢦝,戈,,0,0
𢦞,戈,,0,0
𢦟,戈,kān,1,0
𢦠,戈,,0,0
𢦡,戈,,0,0
𢦢,戈,,0,0
𢦣,戈,,0,0
𢦤,戈,,0,0
𢦥,戈,,0,0
𢦦,戈,,0,0
𢦧,戈,,0,0
𢦨,戈,,0,0
𢦩,戈,,0,0
𢦪,戈,,0,0
𢦫,戈,,0,0
𢦬,戈,,0,0
𢦭,戈,,0,0
𢦮,戈,,0,0
𢦯,戈,,0,0
𢦰,戈,yuè,4,0
𢦱,戈,nì,4,0
𢦲,戈,sī,1,0
𢦳,戈,,0,0
𢦴,戈,wǒ,3,0
𢦵,戈,,0,0
𢦶,戈,,0,0
𢦷,戈,,0,0
𢦸,戈,cán,2,0
𢦹,戈,,0,0
𢦺,戈,jiān,1,0
𢦻,戈,,0,0
𢦼,戈,miè,4,0
𢦽,戈,sháo,2,0
𢦾,戈,,0,0
𢦿,戈,rǒng,3,0
𢧀,戈,gān,1,0
𢧁,戈,,0,0
𢧂,戈,,0,0
𢧃,戈,,0,0
𢧄,戈,,0,0
𢧅,戈,qiáng,2,0
𢧆,戈,,0,0
𢧇,戈,shú,2,0
𢧈,戈,zhuó,2,0
𢧉,戈,,0,0
𢧊,戈,,0,0
𢧋,戈,,0,0
𢧌,戈,,0,0
𢧍,戈,,0,0
𢧎,戈,,0,0
𢧏,戈,shī,1,0
𢧐,戈,zhàn,4,0
𢧑,戈,tì,4,0
𢧒,戈,,0,0
𢧓,戈,,0,0
𢧔,戈,,0,0
𢧕,戈,,0,0
𢧖,戈,zhá,2,0
𢧗,戈,zhān,1,0
𢧘,戈,,0,0
𢧙,戈,,0,0
𢧚,戈,,0,0
𢧛,戈,,0,0
𢧜,戈,,0,0
𢧝,戈,fèn,4,0
𢧞,戈,miè,4,0
𢧟,戈,,0,0
𢧠,戈,zè,4,0
𢧡,戈,,0,0
𢧢,戈,,0,0
𢧣,戈,,0,0
𢧤,戈,zhì,4,0
𢧥,戈,qiān,1,0
𢧦,戈,hàn,4,0
𢧧,戈,gé,2,0
𢧨,戈,,0,0
𢧩,戈,,0,0
𢧪,戈,,0,0
𢧫,戈,,0,0
𢧬,戈,,0,0
𢧭,戈,,0,0
𢧮,戈,cán,2,0
𢧯,戈,,0,0
𢧰,戈,guó,2,0
𢧱,戈,jiāo,1,0
𢧲,戈,,0,0
𢧳,戈,yōng,1,0
𢧴,戈,áo,2,0
𢧵,戈,,0,0
𢧶,戈,,0,0
𢧷,戈,,0,0
𢧸,戈,,0,0
𢧹,戈,,0,0
𢧺,戈,,0,0
𢧻,戈,zhá,2,0
𢧼,戈,,0,0
𢧽,戈,xì,4,0
𢧾,戈,,0,0
𢧿,戈,,0,0
𢨀,戈,,0,0
𢨁,戈,xū,1,0
𢨂,戈,wǔ,3,0
𢨃,戈,,0,0
𢨄,戈,,0,0
𢨅,戈,,0,0
𢨆,戈,,0,0
𢨇,戈,,0,0
𢨈,戈,,0,0
𢨉,戈,,0,0
𢨊,戈,,0,0
𢨋,戈,,0,0
𢨌,戈,,0,0
𢨍,戈,,0,0
𢨎,戈,,0,0
𢨏,戈,jué,2,0
𢨐,口,jī,1,0
𢨑,戈,,0,0
𢨒,戈,chì,4,0
𢨓,戈,,0,0
𢨔,戈,wǎn,3,0
𢨕,戈,,0,0
𢨖,戈,miè,4,0
𢨗,戈,zéi,2,0
𢨘,戈,,0,0
𢨙,戈,,0,0
𢨚,戈,,0,0
𢨛,戈,,0,0
𢨜,戈,jié,2,0
𢨝,戈,shí,2,0
𢨞,戈,,0,0
𢨟,戈,xī,1,0
𢨠,戈,,0,0
𢨡,戈,è,4,0
𢨢,戈,,0,0
𢨣,戈,,0,0
𢨤,戶,,0,0
𢨥,戶,hù,4,0
𢨦,戶,hù,4,0
𢨧,戶,,0,0
𢨨,戶,lì,4,0
𢨩,戶,,0,0
𢨪,戶,,0,0
𢨫,戶,chù,4,0
𢨬,戶,,0,0
𢨭,戶,,0,0
𢨮,戶,yī,1,0
𢨯,戶,mǎo,3,0
𢨰,戶,xū,1,0
𢨱,戶,zhōng,1,0
𢨲,戶,,0,0
𢨳,戶,yì,4,0
𢨴,戶,,0,0
𢨵,戶,,0,0
𢨶,戶,,0,0
𢨷,戶,,0,0
𢨸,戶,,0,0
𢨹,戶,,0,0
𢨺,戶,liáo,2,0
𢨻,戶,,0,0
𢨼,戶,,0,0
𢨽,戶,,0,0
𢨾,戶,,0,0
𢨿,戶,jiān,1,0
𢩀,戶,jiǎn,3,0
𢩁,戶,jú,2,0
𢩂,戶,,0,0
𢩃,戶,,0,0
𢩄,戶,zhù,4,0
𢩅,戶,,0,0
𢩆,戶,,0,0
𢩇,戶,,0,0
𢩈,戶,wǔ,3,0
𢩉,戶,,0,0
𢩊,戶,,0,0
𢩋,戶,,0,0
𢩌,戶,,0,0
𢩍,戶,,0,0
𢩎,戶,,0,0
𢩏,戶,kè,4,0
𢩐,戶,kě,3,0
𢩑,戶,lì,4,0
𢩒,戶,bǐ,3,0
𢩓,戶,gé,2,0
𢩔,戶,,0,0
𢩕,戶,xū,1,0
𢩖,戶,shā,1,0
𢩗,戶,líng,2,0
𢩘,戶,kē,1,0
𢩙,戶,,0,0
𢩚,戶,,0,0
𢩛,戶,,0,0
𢩜,戶,,0,0
𢩝,戶,,0,0
𢩞,戶,bó,2,0
𢩟,戶,biān,1,0
𢩠,戶,shuān,1,0
𢩡,戶,qí,2,0
𢩢,戶,shàn,4,0
𢩣,戶,,0,0
𢩤,戶,,0,0
𢩥,手,,0,0
𢩦,手,jī,1,0
𢩧,手,,0,0
𢩨,手,qiǎo,3,0
𢩩,手,,0,0
𢩪,手,,0,0
𢩫,手,,0,0
𢩬,手,,0,0
𢩭,手,,0,0
𢩮,手,yì,4,0
𢩯,手,jué,2,0
𢩰,手,zhǎng,3,0
𢩱,手,,0,0
𢩲,手,xìn,4,0
𢩳,手,,0,0
𢩴,手,,0,0
𢩵,手,,0,0
𢩶,手,,0,0
𢩷,手,tuō,1,0
𢩸,手,hài,4,0
𢩹,手,xià,4,0
𢩺,手,,0,0
𢩻,手,tuó,2,0
𢩼,手,yí,2,0
𢩽,手,,0,0
𢩾,手,,0,0
𢩿,手,,0,0
𢪀,手,,0,0
𢪁,手,,0,0
𢪂,手,,0,0
𢪃,手,cù,4,0
𢪄,手,,0,0
𢪅,手,,0,0
𢪆,手,,0,0
𢪇,手,jiāng,1,0
𢪈,手,nán,2,0
𢪉,手,,0,0
𢪊,手,,0,0
𢪋,手,pěng,3,0
𢪌,手,,0,0
𢪍,手,jié,2,0
𢪎,手,xuē,1,0
𢪏,手,hú,2,0
𢪐,手,,0,0
𢪑,手,,0,0
𢪒,手,,0,0
𢪓,手,yú,2,0
𢪔,手,,0,0
𢪕,手,,0,0
𢪖,手,,0,0
𢪗,手,,0,0
𢪘,手,,0,0
𢪙,手,,0,0
𢪚,手,,0,0
𢪛,手,,0,0
𢪜,手,,0,0
𢪝,手,,0,0
𢪞,手,,0,0
𢪟,手,,0,0
𢪠,手,,0,0
𢪡,手,,0,0
𢪢,手,,0,0
𢪣,手,,0,0
𢪤,手,,0,0
𢪥,手,yǒu,3,0
𢪦,手,nǔ,3,0
𢪧,手,yè,4,0
𢪨,手,,0,0
𢪩,手,,0,0
𢪪,手,yìn,4,0
𢪫,手,,0,0
𢪬,手,kǒng,3,0
𢪭,手,,0,0
𢪮,手,,0,0
𢪯,手,,0,0
𢪰,手,,0,0
𢪱,手,,0,0
𢪲,手,,0,0
𢪳,手,,0,0
𢪴,手,,0,0
𢪵,手,,0,0
𢪶,手,xiāo,1,0
𢪷,手,xiāng,1,0
𢪸,手,,0,0
𢪹,手,,0,0
𢪺,手,,0,0
𢪻,手,,0,0
𢪼,手,náo,2,0
𢪽,手,,0,0
𢪾,手,zhàng,4,0
𢪿,手,,0,0
𢫀,手,,0,0
𢫁,手,,0,0
𢫂,手,,0,0
𢫃,手,,0,0
𢫄,手,,0,0
𢫅,手,,0,0
𢫆,手,,0,0
𢫇,手,,0,0
𢫈,手,,0,0
𢫉,手,,0,0
𢫊,手,,0,0
𢫋,手,,0,0
𢫌,手,,0,0
𢫍,手,,0,0
𢫎,手,,0,0
𢫏,手,,0,0
𢫐,手,jié,2,0
𢫑,手,,0,0
𢫒,手,,0,0
𢫓,手,nǔ,3,0
𢫔,手,shàn,4,0
𢫕,手,,0,0
𢫖,手,,0,0
𢫗,手,,0,0
𢫘,手,lú,2,0
𢫙,手,,0,0
𢫚,手,,0,0
𢫛,手,,0,0
𢫜,手,,0,0
𢫝,手,,0,0
𢫞,手,,0,0
𢫟,手,,0,0
𢫠,手,,0,0
𢫡,手,,0,0
𢫢,手,jiá,2,0
𢫣,手,,0,0
𢫤,手,,0,0
𢫥,手,,0,0
𢫦,手,,0,0
𢫧,手,zhǒu,3,0
𢫨,手,rǒng,3,0
𢫩,手,,0,0
𢫪,手,,0,0
𢫫,手,lù,4,0
𢫬,手,sà,4,0
𢫭,手,nù,4,0
𢫮,手,,0,0
𢫯,手,bó,2,0
𢫰,手,zhé,2,0
𢫱,手,,0,0
𢫲,手,qǐn,3,0
𢫳,手,,0,0
𢫴,手,cī,1,0
𢫵,手,zú,2,0
𢫶,手,,0,0
𢫷,手,wǒ,3,0
𢫸,手,wǔ,3,0
𢫹,手,,0,0
𢫺,手,,0,0
𢫻,手,nié,2,0
𢫼,手,,0,0
𢫽,手,,0,0
𢫾,手,,0,0
𢫿,手,xiān,1,0
𢬀,手,hóng,2,0
𢬁,手,,0,0
𢬂,手,,0,0
𢬃,手,,0,0
𢬄,手,,0,0
𢬅,手,,0,0
𢬆,手,,0,0
𢬇,手,,0,0
𢬈,手,,0,0
𢬉,手,,0,0
𢬊,手,,0,0
𢬋,手,,0,0
𢬌,手,,0,0
𢬍,手,yè,4,0
𢬎,手,,0,0
𢬏,手,,0,0
𢬐,手,,0,0
𢬑,手,,0,0
𢬒,手,,0,0
𢬓,手,,0,0
𢬔,手,,0,0
𢬕,手,,0,0
𢬖,手,,0,0
𢬗,手,,0,0
𢬘,手,,0,0
𢬙,手,,0,0
𢬚,手,,0,0
𢬛,手,,0,0
𢬜,手,,0,0
𢬝,手,,0,0
𢬞,手,,0,0
𢬟,手,,0,0
𢬠,手,,0,0
𢬡,手,,0,0
𢬢,手,,0,0
𢬣,手,,0,0
𢬤,手,,0,0
𢬥,手,,0,0
𢬦,手,,0,0
𢬧,手,,0,0
𢬨,手,,0,0
𢬩,手,,0,0
𢬪,手,,0,0
𢬫,手,tìng,4,0
𢬬,手,jǐn,3,0
𢬭,手,,0,0
𢬮,手,,0,0
𢬯,手,,0,0
𢬰,手,,0,0
𢬱,手,jié,2,0
𢬲,手,hè,4,0
𢬳,手,tū,1,0
𢬴,手,zhé,2,0
𢬵,手,pīn,1,0
𢬶,手,jìn,4,0
𢬷,手,nàn,4,0
𢬸,手,,0,0
𢬹,手,,0,0
𢬺,手,,0,0
𢬻,手,,0,0
𢬼,手,dùn,4,0
𢬽,手,,0,0
𢬾,手,xī,1,0
𢬿,手,xiè,4,0
𢭀,手,,0,0
𢭁,手,xì,4,0
𢭂,手,láo,2,0
𢭃,手,duǎn,3,0
𢭄,手,jì,4,0
𢭅,手,chā,1,0
𢭆,手,chōu,1,0
𢭇,手,,0,0
𢭈,手,gāng,1,0
𢭉,手,,0,0
𢭊,手,,0,0
𢭋,手,,0,0
𢭌,手,,0,0
𢭍,手,,0,0
𢭎,手,xiáng,2,0
𢭐,手,,0,0
𢭑,手,,0,0
𢭒,手,,0,0
𢭓,手,,0,0
𢭔,手,,0,0
𢭕,手,,0,0
𢭖,手,,0,0
𢭗,手,,0,0
𢭘,手,,0,0
𢭙,手,,0,0
𢭚,手,,0,0
𢭛,手,,0,0
𢭜,手,,0,0
𢭝,手,,0,0
𢭞,手,,0,0
𢭟,手,,0,0
𢭠,手,,0,0
𢭡,手,,0,0
𢭢,手,,0,0
𢭣,手,,0,0
𢭤,手,,0,0
𢭥,手,biàn,4,0
𢭦,手,xiāo,1,0
𢭧,手,xīn,1,0
𢭨,手,,0,0
𢭩,手,,0,0
𢭪,手,,0,0
𢭫,手,,0,0
𢭬,手,,0,0
𢭭,手,,0,0
𢭮,手,,0,0
𢭯,手,,0,0
𢭰,手,,0,0
𢭱,手,,0,0
𢭲,手,,0,0
𢭳,手,,0,0
𢭴,手,,0,0
𢭵,手,,0,0
𢭶,手,,0,0
𢭷,手,,0,0
𢭸,手,,0,0
𢭹,手,,0,0
𢭺,手,,0,0
𢭻,手,,0,0
𢭼,手,,0,0
𢭽,手,,0,0
𢭾,手,,0,0
𢭿,手,,0,0
𢮀,手,,0,0
𢮁,手,yǔ,3,0
𢮂,手,xián,2,0
𢮃,手,lí,2,0
𢮄,手,qiǎn,3,0
𢮅,手,,0,0
𢮆,手,,0,0
𢮇,手,měi,3,0
𢮈,手,,0,0
𢮉,手,qiāo,1,0
𢮊,手,yà,4,0
𢮋,手,,0,0
𢮌,手,qiā,1,0
𢮍,手,qiòng,4,0
𢮎,手,,0,0
𢮏,手,bàng,4,0
𢮐,手,zhēng,1,0
𢮑,手,,0,0
𢮒,手,,0,0
𢮓,手,,0,0
𢮔,手,,0,0
𢮕,手,,0,0
𢮖,手,,0,0
𢮗,手,,0,0
𢮘,手,,0,0
𢮙,手,,0,0
𢮚,手,zè,4,0
𢮛,手,shuàn,4,0
𢮜,手,,0,0
𢮝,手,,0,0
𢮞,手,sào,4,0
𢮟,手,,0,0
𢮠,手,,0,0
𢮡,手,,0,0
𢮢,手,,0,0
𢮣,手,,0,0
𢮤,手,,0,0
𢮥,手,,0,0
𢮦,手,,0,0
𢮧,手,,0,0
𢮨,手,,0,0
𢮩,手,,0,0
𢮪,手,,0,0
𢮫,手,,0,0
𢮬,手,,0,0
𢮭,手,,0,0
𢮮,手,,0,0
𢮯,手,,0,0
𢮰,手,,0,0
𢮱,手,,0,0
𢮲,手,,0,0
𢮳,手,,0,0
𢮴,手,,0,0
𢮵,手,,0,0
𢮶,手,,0,0
𢮷,手,,0,0
𢮸,手,,0,0
𢮹,手,,0,0
𢮺,手,,0,0
𢮻,手,,0,0
𢮼,手,,0,0
𢮽,手,,0,0
𢮾,手,,0,0
𢮿,手,,0,0
𢯀,手,,0,0
𢯁,手,,0,0
𢯂,手,,0,0
𢯃,手,,0,0
𢯄,手,,0,0
𢯅,手,lù,4,0
𢯆,手,,0,0
𢯇,手,,0,0
𢯈,手,,0,0
𢯉,手,xié,2,0
𢯊,手,,0,0
𢯋,手,fǔ,3,0
𢯌,手,zhài,4,0
𢯍,手,,0,0
𢯎,手,,0,0
𢯏,手,,0,0
𢯐,手,,0,0
𢯑,手,,0,0
𢯒,手,,0,0
𢯓,手,,0,0
𢯔,手,,0,0
𢯕,手,,0,0
𢯖,手,,0,0
𢯗,手,,0,0
𢯘,手,,0,0
𢯙,手,,0,0
𢯚,手,,0,0
𢯛,手,,0,0
𢯜,手,,0,0
𢯝,手,,0,0
𢯞,手,,0,0
𢯟,手,,0,0
𢯠,手,,0,0
𢯡,手,,0,0
𢯢,手,,0,0
𢯣,手,,0,0
𢯤,手,,0,0
𢯥,手,,0,0
𢯦,手,,0,0
𢯧,手,,0,0
𢯨,手,,0,0
𢯩,手,zè,4,0
𢯪,手,,0,0
𢯫,手,duàn,4,0
𢯬,手,,0,0
𢯭,手,dèng,4,0
𢯮,手,yù,4,0
𢯯,手,,0,0
𢯰,手,lǜ,4,0
𢯱,手,,0,0
𢯲,手,wàn,4,0
𢯳,手,xué,2,0
𢯴,手,jiǎo,3,0
𢯵,手,yuě,3,0
𢯶,手,zhì,4,0
𢯷,手,wěi,3,0
𢯸,手,,0,0
𢯹,手,gé,2,0
𢯺,手,jǔ,3,0
𢯻,手,,0,0
𢯼,手,yǎn,3,0
𢯽,手,cuò,4,0
𢯾,手,mào,4,0
𢯿,手,,0,0
𢰀,手,,0,0
𢰁,手,,0,0
𢰂,手,,0,0
𢰃,手,,0,0
𢰄,手,,0,0
𢰅,手,,0,0
𢰆,手,fú,2,0
𢰇,手,āi,1,0
𢰈,手,,0,0
𢰉,手,,0,0
𢰊,手,xuān,1,0
𢰋,手,,0,0
𢰌,手,gāng,1,0
𢰍,手,ān,1,0
𢰎,手,,0,0
𢰏,手,,0,0
𢰐,手,,0,0
𢰑,手,,0,0
𢰒,手,jí,2,0
𢰓,手,,0,0
𢰔,手,,0,0
𢰕,手,,0,0
𢰖,手,,0,0
𢰗,手,,0,0
𢰘,手,pí,2,0
𢰙,手,zhǐ,3,0
𢰚,手,,0,0
𢰛,手,,0,0
𢰜,手,nuó,2,0
𢰝,手,,0,0
𢰞,手,,0,0
𢰟,手,,0,0
𢰠,手,,0,0
𢰡,手,,0,0
𢰢,手,,0,0
𢰣,手,,0,0
𢰤,手,,0,0
𢰥,手,,0,0
𢰦,手,,0,0
𢰧,手,,0,0
𢰨,手,,0,0
𢰩,手,,0,0
𢰪,手,,0,0
𢰫,手,,0,0
𢰬,手,,0,0
𢰭,手,,0,0
𢰮,手,,0,0
𢰯,手,,0,0
𢰰,手,,0,0
𢰱,手,,0,0
𢰲,手,,0,0
𢰳,手,,0,0
𢰴,手,,0,0
𢰵,手,,0,0
𢰶,手,,0,0
𢰷,手,,0,0
𢰸,手,,0,0
𢰹,手,,0,0
𢰺,手,,0,0
𢰻,手,,0,0
𢰼,手,,0,0
𢰽,手,,0,0
𢰾,手,,0,0
𢰿,目,pàn,4,0
𢱀,手,,0,0
𢱁,手,yí,2,0
𢱂,手,,0,0
𢱃,手,,0,0
𢱄,手,jié,2,0
𢱅,手,,0,0
𢱆,手,zī,1,0
𢱇,手,,0,0
𢱈,手,jià,4,0
𢱉,手,wǎi,3,0
𢱊,手,,0,0
𢱋,手,,0,0
𢱌,手,jià,4,0
𢱍,手,,0,0
𢱎,手,,0,0
𢱏,手,,0,0
𢱐,手,,0,0
𢱑,手,,0,0
𢱒,手,,0,0
𢱓,手,,0,0
𢱔,手,,0,0
𢱕,手,,0,0
𢱖,手,,0,0
𢱗,手,,0,0
𢱘,手,,0,0
𢱙,手,,0,0
𢱚,手,,0,0
𢱛,手,,0,0
𢱜,手,,0,0
𢱝,手,,0,0
𢱞,手,,0,0
𢱟,手,chǎn,3,0
𢱠,手,,0,0
𢱡,手,suǒ,3,0
𢱢,手,suǒ,3,0
𢱣,手,jí,2,0
𢱤,手,sǒng,3,0
𢱥,手,,0,0
𢱦,手,tī,1,0
𢱧,手,pī,1,0
𢱨,手,pó,2,0
𢱩,手,,0,0
𢱪,手,,0,0
𢱫,手,,0,0
𢱬,手,,0,0
𢱭,手,,0,0
𢱮,手,mì,4,0
𢱯,手,,0,0
𢱰,手,,0,0
𢱱,手,,0,0
𢱲,手,,0,0
𢱳,手,,0,0
𢱴,手,yè,4,0
𢱵,手,,0,0
𢱶,手,qìn,4,0
𢱷,手,jìn,4,0
𢱸,手,,0,0
𢱹,手,,0,0
𢱺,手,juē,1,0
𢱻,手,,0,0
𢱼,手,,0,0
𢱽,手,yuān,1,0
𢱾,手,ruán,2,0
𢱿,手,,0,0
𢲀,手,,0,0
𢲂,手,,0,0
𢲃,手,,0,0
𢲄,手,,0,0
𢲅,手,,0,0
𢲆,手,,0,0
𢲇,手,,0,0
𢲈,手,,0,0
𢲉,手,,0,0
𢲊,手,,0,0
𢲋,手,,0,0
𢲌,手,,0,0
𢲍,手,,0,0
𢲎,手,,0,0
𢲏,手,,0,0
𢲐,手,,0,0
𢲑,手,,0,0
𢲒,手,,0,0
𢲓,手,,0,0
𢲔,手,bàn,4,0
𢲕,手,,0,0
𢲖,手,,0,0
𢲗,手,,0,0
𢲘,手,,0,0
𢲙,手,,0,0
𢲚,手,,0,0
𢲛,手,,0,0
𢲜,手,,0,0
𢲝,手,,0,0
𢲞,手,,0,0
𢲟,手,,0,0
𢲠,手,,0,0
𢲡,手,,0,0
𢲢,手,,0,0
𢲣,手,,0,0
𢲤,手,,0,0
𢲥,手,,0,0
𢲦,手,,0,0
𢲧,手,,0,0
𢲨,手,,0,0
𢲩,手,,0,0
𢲪,手,,0,0
𢲫,手,,0,0
𢲬,手,,0,0
𢲭,手,,0,0
𢲮,手,,0,0
𢲯,手,,0,0
𢲰,手,bīn,1,0
𢲱,手,,0,0
𢲲,手,,0,0
𢲳,手,,0,0
𢲴,手,wèi,4,0
𢲵,手,zào,4,0
𢲶,手,qiè,4,0
𢲷,手,sōu,1,0
𢲸,手,lǔ,3,0
𢲹,手,,0,0
𢲺,手,,0,0
𢲻,手,,0,0
𢲼,手,dié,2,0
𢲽,手,chuāi,1,0
𢲾,手,bì,4,0
𢲿,手,zhú,2,0
𢳀,手,mā,1,0
𢳁,手,fèi,4,0
𢳂,手,piē,1,0
𢳃,手,yìn,4,0
𢳄,手,xuàn,4,0
𢳅,手,,0,0
𢳆,手,ào,4,0
𢳇,手,zhuó,2,0
𢳈,手,zú,2,0
𢳉,手,,0,0
𢳊,手,,0,0
𢳋,手,bǐ,3,0
𢳌,手,,0,0
𢳍,手,,0,0
𢳎,手,,0,0
𢳏,手,,0,0
𢳐,手,,0,0
𢳑,手,làng,4,0
𢳒,手,,0,0
𢳓,手,tì,4,0
𢳔,手,,0,0
𢳕,手,,0,0
𢳖,手,,0,0
𢳗,手,,0,0
𢳘,手,,0,0
𢳙,手,tiǎo,3,0
𢳚,手,jiān,1,0
𢳛,手,,0,0
𢳜,手,,0,0
𢳝,手,,0,0
𢳞,手,,0,0
𢳟,手,tǒng,3,0
𢳠,手,,0,0
𢳡,手,,0,0
𢳢,手,,0,0
𢳣,手,,0,0
𢳤,手,,0,0
𢳥,手,,0,0
𢳦,手,,0,0
𢳧,手,,0,0
𢳨,手,,0,0
𢳩,手,,0,0
𢳪,手,,0,0
𢳫,手,,0,0
𢳬,手,,0,0
𢳭,手,,0,0
𢳮,手,,0,0
𢳯,手,,0,0
𢳰,手,,0,0
𢳱,手,,0,0
𢳲,手,,0,0
𢳳,手,,0,0
𢳴,手,,0,0
𢳵,手,,0,0
𢳶,手,,0,0
𢳷,手,,0,0
𢳸,手,,0,0
𢳹,手,,0,0
𢳺,手,,0,0
𢳻,手,,0,0
𢳼,手,,0,0
𢳽,手,duō,1,0
𢳾,手,dòng,4,0
𢳿,手,,0,0
𢴀,手,,0,0
𢴁,手,,0,0
𢴂,手,biǎn,3,0
𢴃,手,,0,0
𢴄,手,,0,0
𢴅,手,,0,0
𢴆,手,,0,0
𢴇,手,,0,0
𢴈,手,,0,0
𢴉,手,,0,0
𢴊,手,,0,0
𢴋,手,,0,0
𢴌,手,,0,0
𢴍,手,,0,0
𢴎,手,,0,0
𢴏,手,,0,0
𢴐,手,,0,0
𢴑,手,,0,0
𢴒,手,,0,0
𢴓,手,,0,0
𢴔,手,,0,0
𢴕,手,,0,0
𢴖,手,,0,0
𢴗,手,,0,0
𢴘,手,,0,0
𢴙,手,,0,0
𢴚,手,,0,0
𢴛,手,,0,0
𢴜,手,,0,0
𢴝,手,,0,0
𢴞,手,,0,0
𢴟,手,,0,0
𢴠,手,zhì,4,0
𢴡,手,,0,0
𢴢,手,fén,2,0
𢴣,手,,0,0
𢴤,手,,0,0
𢴥,手,,0,0
𢴦,手,káng,2,0
𢴧,手,zhì,4,0
𢴨,手,zhāi,1,0
𢴩,手,bì,4,0
𢴪,手,kuǎn,3,0
𢴫,手,,0,0
𢴬,手,bàn,4,0
𢴭,手,juē,1,0
𢴮,手,qū,1,0
𢴯,手,,0,0
𢴰,手,qī,1,0
𢴱,手,léi,2,0
𢴲,手,xié,2,0
𢴳,手,tāng,1,0
𢴴,手,,0,0
𢴵,手,,0,0
𢴶,手,,0,0
𢴷,手,,0,0
𢴸,手,,0,0
𢴹,手,,0,0
𢴺,手,,0,0
𢴻,手,,0,0
𢴼,手,sōu,1,0
𢴽,手,,0,0
𢴾,手,bèi,4,0
𢴿,手,,0,0
𢵀,手,,0,0
𢵁,手,,0,0
𢵂,手,,0,0
𢵃,手,,0,0
𢵄,手,,0,0
𢵅,手,,0,0
𢵆,手,,0,0
𢵇,手,yàng,4,0
𢵈,手,jiǎn,3,0
𢵉,手,,0,0
𢵊,手,,0,0
𢵋,手,,0,0
𢵌,手,,0,0
𢵍,手,,0,0
𢵎,手,,0,0
𢵏,手,,0,0
𢵐,手,,0,0
𢵑,手,,0,0
𢵒,手,,0,0
𢵓,手,,0,0
𢵔,手,,0,0
𢵕,手,,0,0
𢵖,手,,0,0
𢵗,手,,0,0
𢵘,手,,0,0
𢵙,手,,0,0
𢵚,手,,0,0
𢵛,手,,0,0
𢵜,手,,0,0
𢵝,手,,0,0
𢵞,手,,0,0
𢵟,手,,0,0
𢵠,手,,0,0
𢵡,手,,0,0
𢵢,手,,0,0
𢵣,手,,0,0
𢵤,手,,0,0
𢵥,手,zào,4,0
𢵦,手,,0,0
𢵧,手,,0,0
𢵨,手,,0,0
𢵩,手,,0,0
𢵪,手,,0,0
𢵫,手,,0,0
𢵬,手,,0,0
𢵭,手,,0,0
𢵮,手,lū,1,0
𢵯,手,,0,0
𢵰,手,,0,0
𢵱,手,,0,0
𢵲,手,,0,0
𢵳,手,,0,0
𢵴,手,,0,0
𢵵,手,,0,0
𢵶,手,,0,0
𢵷,手,,0,0
𢵸,手,,0,0
𢵹,手,,0,0
𢵺,手,,0,0
𢵻,手,,0,0
𢵼,手,,0,0
𢵽,手,,0,0
𢵾,手,,0,0
𢵿,手,,0,0
𢶀,手,zhuài,4,0
𢶁,手,,0,0
𢶂,手,,0,0
𢶃,手,fán,2,0
𢶄,手,,0,0
𢶅,手,shé,2,0
𢶆,手,,0,0
𢶇,手,qióng,2,0
𢶈,手,,0,0
𢶉,手,pò,4,0
𢶊,手,,0,0
𢶋,手,tiě,3,0
𢶌,手,shā,1,0
𢶍,手,zá,2,0
𢶎,手,,0,0
𢶏,手,,0,0
𢶐,手,,0,0
𢶑,手,niǎo,3,0
𢶒,手,guài,4,0
𢶓,手,cuǐ,3,0
𢶔,手,,0,0
𢶕,手,,0,0
𢶖,手,,0,0
𢶗,手,,0,0
𢶘,手,,0,0
𢶙,手,,0,0
𢶚,手,,0,0
𢶛,手,,0,0
𢶜,手,,0,0
𢶝,手,,0,0
𢶞,手,,0,0
𢶟,手,,0,0
𢶠,手,,0,0
𢶡,手,qiào,4,0
𢶢,手,,0,0
𢶣,手,dié,2,0
𢶤,手,,0,0
𢶥,手,,0,0
𢶦,手,,0,0
𢶧,手,,0,0
𢶨,手,,0,0
𢶩,手,,0,0
𢶪,手,,0,0
𢶫,手,,0,0
𢶬,手,,0,0
𢶭,手,,0,0
𢶮,手,,0,0
𢶯,手,,0,0
𢶰,手,,0,0
𢶱,手,,0,0
𢶲,手,,0,0
𢶳,手,pīn,1,0
𢶴,手,cí,2,0
𢶵,手,,0,0
𢶶,手,bàng,4,0
𢶷,手,,0,0
𢶸,手,,0,0
𢶹,手,,0,0
𢶺,手,,0,0
𢶻,手,,0,0
𢶼,手,,0,0
𢶽,手,,0,0
𢶾,手,,0,0
𢶿,手,,0,0
𢷀,手,,0,0
𢷁,手,,0,0
𢷂,手,,0,0
𢷃,手,,0,0
𢷄,手,,0,0
𢷅,手,,0,0
𢷆,手,,0,0
𢷇,手,,0,0
𢷈,手,,0,0
𢷉,手,,0,0
𢷊,手,,0,0
𢷋,手,,0,0
𢷌,手,,0,0
𢷍,手,yìn,4,0
𢷎,手,,0,0
𢷏,手,,0,0
𢷐,手,,0,0
𢷑,手,xiǎn,3,0
𢷒,手,,0,0
𢷓,手,,0,0
𢷔,手,yǐ,3,0
𢷕,手,miǎo,3,0
𢷖,手,duǎn,3,0
𢷗,手,zhòu,4,0
𢷘,手,,0,0
𢷙,手,kōng,1,0
𢷚,手,,0,0
𢷛,手,,0,0
𢷜,手,,0,0
𢷝,手,,0,0
𢷞,手,,0,0
𢷟,手,,0,0
𢷠,手,,0,0
𢷡,手,,0,0
𢷢,手,zhāng,1,0
𢷣,手,,0,0
𢷤,手,,0,0
𢷥,手,,0,0
𢷦,手,,0,0
𢷧,手,,0,0
𢷨,手,,0,0
𢷩,手,,0,0
𢷪,手,,0,0
𢷫,手,,0,0
𢷬,手,,0,0
𢷭,手,,0,0
𢷮,手,,0,0
𢷯,手,,0,0
𢷰,手,,0,0
𢷱,手,,0,0
𢷲,手,,0,0
𢷳,手,,0,0
𢷴,手,,0,0
𢷵,手,,0,0
𢷶,手,liú,2,0
𢷷,手,,0,0
𢷸,手,zhǐ,3,0
𢷹,手,chǎn,3,0
𢷺,手,dú,2,0
𢷻,手,yuán,2,0
𢷼,手,,0,0
𢷽,手,,0,0
𢷾,手,suò,4,0
𢷿,手,jié,2,0
𢸀,手,lì,4,0
𢸁,手,gǒng,3,0
𢸂,手,,0,0
𢸃,手,,0,0
𢸄,手,,0,0
𢸅,手,,0,0
𢸆,手,,0,0
𢸇,手,,0,0
𢸈,手,,0,0
𢸉,手,,0,0
𢸊,手,,0,0
𢸋,手,,0,0
𢸌,手,bāng,1,0
𢸍,手,,0,0
𢸎,手,,0,0
𢸏,手,,0,0
𢸐,手,,0,0
𢸑,手,,0,0
𢸒,手,,0,0
𢸓,手,,0,0
𢸔,手,,0,0
𢸕,手,,0,0
𢸖,手,,0,0
𢸗,手,guó,2,0
𢸘,手,liáo,2,0
𢸙,手,shěn,3,0
𢸚,手,,0,0
𢸛,手,,0,0
𢸜,手,,0,0
𢸝,手,,0,0
𢸞,手,,0,0
𢸟,手,,0,0
𢸠,手,,0,0
𢸡,手,,0,0
𢸢,手,,0,0
𢸣,手,niǎo,3,0
𢸤,手,,0,0
𢸥,手,cuàn,4,0
𢸦,手,wěi,3,0
𢸧,手,,0,0
𢸨,手,tuō,1,0
𢸩,手,,0,0
𢸪,手,,0,0
𢸫,手,sū,1,0
𢸬,手,,0,0
𢸭,手,lóng,2,0
𢸮,手,,0,0
𢸯,手,,0,0
𢸰,手,,0,0
𢸱,手,,0,0
𢸲,手,,0,0
𢸳,手,xiāo,1,0
𢸴,手,yǎn,3,0
𢸵,手,,0,0
𢸶,手,,0,0
𢸷,手,,0,0
𢸸,手,,0,0
𢸹,手,,0,0
𢸺,手,,0,0
𢸻,手,,0,0
𢸼,手,,0,0
𢸽,手,,0,0
𢸾,手,,0,0
𢸿,手,,0,0
𢹀,手,,0,0
𢹁,手,,0,0
𢹂,手,,0,0
𢹃,手,qǐng,3,0
𢹄,手,,0,0
𢹅,手,,0,0
𢹆,手,,0,0
𢹇,手,,0,0
𢹈,手,,0,0
𢹉,手,,0,0
𢹊,手,,0,0
𢹋,手,,0,0
𢹌,手,,0,0
𢹍,手,xī,1,0
𢹎,手,,0,0
𢹏,手,yú,2,0
𢹐,手,,0,0
𢹑,手,zhèng,4,0
𢹒,手,xiè,4,0
𢹓,手,chāi,1,0
𢹔,手,fèn,4,0
𢹕,手,,0,0
𢹖,手,guó,2,0
𢹗,手,,0,0
𢹘,手,jǐng,3,0
𢹙,手,làn,4,0
𢹚,手,xiān,1,0
𢹛,手,,0,0
𢹜,手,,0,0
𢹝,手,líng,2,0
𢹞,手,,0,0
𢹟,手,,0,0
𢹠,手,,0,0
𢹡,手,,0,0
𢹢,手,,0,0
𢹣,手,,0,0
𢹤,手,,0,0
𢹥,手,,0,0
𢹦,手,,0,0
𢹧,手,,0,0
𢹨,手,,0,0
𢹩,手,,0,0
𢹪,手,,0,0
𢹫,手,,0,0
𢹬,手,,0,0
𢹭,手,,0,0
𢹮,手,lěi,3,0
𢹯,手,,0,0
𢹰,手,,0,0
𢹱,手,,0,0
𢹲,手,jùn,4,0
𢹳,手,xiào,4,0
𢹴,手,,0,0
𢹵,手,,0,0
𢹶,手,,0,0
𢹷,手,,0,0
𢹸,手,,0,0
𢹹,手,,0,0
𢹺,手,,0,0
𢹻,手,,0,0
𢹼,手,zá,2,0
𢹽,手,,0,0
𢹾,手,,0,0
𢹿,手,,0,0
𢺀,手,,0,0
𢺁,手,,0,0
𢺂,手,,0,0
𢺃,手,,0,0
𢺄,手,guān,1,0
𢺅,手,qiè,4,0
𢺆,手,luò,4,0
𢺇,手,yào,4,0
𢺈,手,luán,2,0
𢺉,手,tà,4,0
𢺊,手,,0,0
𢺋,手,,0,0
𢺌,手,,0,0
𢺍,手,,0,0
𢺎,手,,0,0
𢺏,手,,0,0
𢺐,手,,0,0
𢺑,手,luò,4,0
𢺒,手,,0,0
𢺓,手,,0,0
𢺔,手,,0,0
𢺕,手,,0,0
𢺖,手,,0,0
𢺗,手,,0,0
𢺘,手,,0,0
𢺙,手,,0,0
𢺚,手,,0,0
𢺛,手,,0,0
𢺜,手,,0,0
𢺝,手,,0,0
𢺞,手,bǎ,3,0
𢺟,手,chàn,4,0
𢺠,手,,0,0
𢺡,手,zhuó,2,0
𢺢,手,,0,0
𢺣,手,,0,0
𢺤,手,,0,0
𢺥,手,,0,0
𢺦,手,,0,0
𢺧,手,,0,0
𢺨,手,,0,0
𢺩,手,,0,0
𢺪,手,,0,0
𢺫,手,tiǎo,3,0
𢺬,手,,0,0
𢺭,手,,0,0
𢺮,手,,0,0
𢺯,手,wān,1,0
𢺰,手,líng,2,0
𢺱,手,,0,0
𢺲,手,,0,0
𢺳,手,,0,0
𢺴,手,yù,4,0
𢺵,支,qì,4,0
𢺶,支,,0,0
𢺷,支,qí,2,0
𢺸,支,,0,0
𢺹,支,,0,0
𢺺,支,,0,0
𢺻,支,,0,0
𢺼,支,jì,4,0
𢺽,支,bó,2,0
𢺾,支,,0,0
𢺿,支,shī,1,0
𢻀,支,fǔ,3,0
𢻁,支,,0,0
𢻂,支,guī,1,0
𢻃,支,,0,0
𢻄,支,,0,0
𢻅,支,diǎn,3,0
𢻆,支,,0,0
𢻇,支,hāo,1,0
𢻈,夕,,0,0
𢻉,支,gǎi,3,0
𢻊,支,,0,0
𢻋,支,qí,2,0
𢻌,支,,0,0
𢻍,支,,0,0
𢻎,支,,0,0
𢻏,支,,0,0
𢻐,支,,0,0
𢻑,支,,0,0
𢻒,支,,0,0
𢻓,支,chéng,2,0
𢻔,支,huì,4,0
𢻕,支,,0,0
𢻖,支,,0,0
𢻗,支,xiá,2,0
𢻘,支,shí,2,0
𢻙,支,zhì,4,0
𢻚,支,qí,2,0
𢻛,支,,0,0
𢻜,支,hài,4,0
𢻝,支,,0,0
𢻞,支,,0,0
𢻟,支,jiǎo,3,0
𢻠,支,lì,4,0
𢻡,支,,0,0
𢻢,支,liǎo,3,0
𢻣,支,,0,0
𢻤,支,qiāo,1,0
𢻥,支,,0,0
𢻦,支,,0,0
𢻧,支,,0,0
𢻨,支,sà,4,0
𢻩,支,,0,0
𢻪,支,qī,1,0
𢻫,攴,shī,1,0
𢻬,攴,,0,0
𢻭,攴,,0,0
𢻮,攴,jié,2,0
𢻯,攴,,0,0
𢻰,攴,,0,0
𢻱,攴,,0,0
𢻲,攴,,0,0
𢻳,攴,,0,0
𢻴,攴,,0,0
𢻵,攴,bèi,4,0
𢻶,攴,biān,1,0
𢻷,攴,bā,1,0
𢻸,攴,jūn,1,0
𢻹,攴,pī,1,0
𢻺,攴,,0,0
𢻻,攴,,0,0
𢻼,攴,dǎn,3,0
𢻽,攴,,0,0
𢻾,攴,,0,0
𢻿,攴,táng,2,0
𢼀,攴,kuǐ,3,0
𢼁,攴,kū,1,0
𢼂,攴,,0,0
𢼃,攴,kǒu,3,0
𢼄,攴,,0,0
𢼅,攴,,0,0
𢼆,攴,,0,0
𢼇,攴,,0,0
𢼈,攴,,0,0
𢼉,攴,shī,1,0
𢼊,攴,shī,1,0
𢼋,攴,jī,1,0
𢼌,攴,bào,4,0
𢼍,攴,,0,0
𢼎,攴,,0,0
𢼏,攴,,0,0
𢼐,攴,kě,3,0
𢼑,攴,kuāng,1,0
𢼒,攴,,0,0
𢼓,攴,,0,0
𢼔,攴,,0,0
𢼕,攴,,0,0
𢼖,攴,mǐn,3,0
𢼗,攴,,0,0
𢼘,攴,,0,0
𢼙,攴,liáo,2,0
𢼚,攴,è,4,0
𢼛,攴,gé,2,0
𢼜,攴,,0,0
𢼝,攴,,0,0
𢼞,攴,,0,0
𢼟,攴,wǎng,3,0
𢼠,攴,duó,2,0
𢼡,攴,,0,0
𢼢,攴,,0,0
𢼣,攴,qià,4,0
𢼤,攴,huá,2,0
𢼥,攴,,0,0
𢼦,攴,hǒng,3,0
𢼧,攴,,0,0
𢼨,攴,,0,0
𢼩,攴,pēng,1,0
𢼪,攴,,0,0
𢼫,攴,jiào,4,0
𢼬,攴,,0,0
𢼭,攴,,0,0
𢼮,攴,,0,0
𢼯,攴,,0,0
𢼰,攴,qū,1,0
𢼱,攴,zì,4,0
𢼲,攴,zhòu,4,0
𢼳,攴,kuāng,1,0
𢼴,攴,,0,0
𢼵,攴,shā,1,0
𢼶,攴,,0,0
𢼷,攴,jì,4,0
𢼸,攴,wēi,1,0
𢼹,攴,pū,1,0
𢼺,攴,xué,2,0
𢼻,攴,,0,0
𢼼,攴,shāo,1,0
𢼽,攴,,0,0
𢼾,攴,,0,0
𢼿,攴,,0,0
𢽀,攴,,0,0
𢽁,攴,,0,0
𢽂,攴,láng,2,0
𢽃,攴,zhǐ,3,0
𢽄,攴,tǐng,3,0
𢽅,攴,,0,0
𢽆,攴,,0,0
𢽇,攴,dà,4,0
𢽈,攴,,0,0
𢽉,攴,,0,0
𢽊,攴,,0,0
𢽋,攴,,0,0
𢽌,攴,,0,0
𢽍,攴,,0,0
𢽎,攴,,0,0
𢽏,攴,,0,0
𢽐,攴,,0,0
𢽑,攴,,0,0
𢽒,攴,,0,0
𢽓,攴,,0,0
𢽔,攴,,0,0
𢽕,攴,yáng,2,0
𢽖,攴,jìn,4,0
𢽗,攴,zhǐ,3,0
𢽘,攴,,0,0
𢽙,攴,,0,0
𢽚,攴,zhuó,2,0
𢽛,攴,,0,0
𢽜,攴,zá,2,0
𢽝,攴,chán,2,0
𢽞,攴,,0,0
𢽟,攴,,0,0
𢽠,攴,,0,0
𢽡,攴,,0,0
𢽢,攴,mào,4,0
𢽣,攴,,0,0
𢽤,攴,,0,0
𢽥,攴,,0,0
𢽦,攴,kōng,1,0
𢽧,攴,zhōu,1,0
𢽨,攴,hū,1,0
𢽩,攴,pēng,1,0
𢽪,攴,,0,0
𢽫,攴,,0,0
𢽬,攴,,0,0
𢽭,攴,jiù,4,0
𢽮,攴,,0,0
𢽯,攴,,0,0
𢽰,攴,,0,0
𢽱,攴,,0,0
𢽲,攴,,0,0
𢽳,攴,,0,0
𢽴,攴,,0,0
𢽵,攴,,0,0
𢽶,攴,,0,0
𢽷,攴,,0,0
𢽸,攴,chuò,4,0
𢽹,攴,mǐn,3,0
𢽺,攴,,0,0
𢽻,攴,,0,0
𢽼,攴,,0,0
𢽽,攴,,0,0
𢽾,攴,xiào,4,0
𢽿,攴,,0,0
𢾀,攴,dǔ,3,0
𢾁,攴,wéi,2,0
𢾂,攴,,0,0
𢾃,攴,cán,2,0
𢾄,攴,yú,2,0
𢾅,攴,dù,4,0
𢾆,攴,kāi,1,0
𢾇,攴,pì,4,0
𢾈,攴,,0,0
𢾉,攴,,0,0
𢾊,攴,chéng,2,0
𢾋,攴,,0,0
𢾌,攴,,0,0
𢾍,攴,,0,0
𢾎,攴,chǔn,3,0
𢾏,攴,,0,0
𢾐,攴,shǎo,3,0
𢾑,攴,yǎn,3,0
𢾒,攴,kuài,4,0
𢾓,攴,,0,0
𢾔,攴,yuē,1,0
𢾕,攴,,0,0
𢾖,攴,,0,0
𢾗,攴,,0,0
𢾘,攴,,0,0
𢾙,攴,,0,0
𢾚,攴,,0,0
𢾛,攴,,0,0
𢾜,攴,,0,0
𢾝,攴,,0,0
𢾞,攴,,0,0
𢾟,攴,,0,0
𢾠,攴,,0,0
𢾡,攴,,0,0
𢾢,攴,,0,0
𢾣,攴,,0,0
𢾤,攴,,0,0
𢾥,目,,0,0
𢾦,攴,qí,2,0
𢾧,攴,zhēng,1,0
𢾨,攴,,0,0
𢾩,攴,kè,4,0
𢾪,攴,qí,2,0
𢾫,攴,zhǐ,3,0
𢾬,攴,lù,4,0
𢾭,攴,,0,0
𢾮,攴,,0,0
𢾯,攴,,0,0
𢾰,攴,,0,0
𢾱,攴,pī,1,0
𢾲,攴,nuò,4,0
𢾳,攴,pǎo,3,0
𢾴,攴,,0,0
𢾵,攴,,0,0
𢾶,攴,,0,0
𢾷,攴,,0,0
𢾸,攴,,0,0
𢾹,攴,,0,0
𢾺,攴,fěi,3,0
𢾻,攴,,0,0
𢾼,攴,,0,0
𢾽,攴,,0,0
𢾾,攴,,0,0
𢾿,攴,wén,2,0
𢿀,攴,,0,0
𢿁,攴,,0,0
𢿂,攴,méng,2,0
𢿃,攴,,0,0
𢿄,攴,,0,0
𢿅,攴,,0,0
𢿆,示,,0,0
𢿇,攴,,0,0
𢿈,攴,shǎn,3,0
𢿉,攴,,0,0
𢿊,攴,,0,0
𢿋,攴,,0,0
𢿌,攴,xiòng,4,0
𢿍,攴,,0,0
𢿎,攴,duò,4,0
𢿏,攴,biào,4,0
𢿐,攴,,0,0
𢿑,攴,,0,0
𢿒,攴,,0,0
𢿓,攴,,0,0
𢿔,攴,,0,0
𢿕,攴,,0,0
𢿖,攴,,0,0
𢿗,攴,,0,0
𢿘,攴,,0,0
𢿙,攴,,0,0
𢿚,攴,yōu,1,0
𢿛,攴,,0,0
𢿜,攴,màn,4,0
𢿝,攴,,0,0
𢿞,攴,liǎo,3,0
𢿟,攴,,0,0
𢿠,攴,,0,0
𢿡,攴,xié,2,0
𢿢,攴,luàn,4,0
𢿣,攴,qiāo,1,0
𢿤,攴,dèng,4,0
𢿥,攴,,0,0
𢿦,攴,chéng,2,0
𢿧,攴,chéng,2,0
𢿨,攴,,0,0
𢿩,攴,,0,0
𢿪,攴,,0,0
𢿫,攴,,0,0
𢿬,攴,,0,0
𢿭,攴,chuò,4,0
𢿮,攴,,0,0
𢿯,攴,,0,0
𢿰,攴,,0,0
𢿱,攴,,0,0
𢿲,攴,,0,0
𢿳,攴,,0,0
𢿴,攴,,0,0
𢿵,攴,,0,0
𢿶,攴,,0,0
𢿷,攴,,0,0
𢿸,攴,cè,4,0
𢿹,攴,,0,0
𢿺,攴,,0,0
𢿻,攴,,0,0
𢿼,攴,,0,0
𢿽,攴,,0,0
𢿾,攴,,0,0
𢿿,攴,,0,0
𣀀,攴,léi,2,0
𣀁,攴,zhǎn,3,0
𣀂,攴,lǐ,3,0
𣀃,攴,lián,2,0
𣀄,攴,qún,2,0
𣀅,攴,,0,0
𣀆,攴,,0,0
𣀇,攴,,0,0
𣀈,攴,,0,0
𣀉,攴,,0,0
𣀊,攴,,0,0
𣀋,攴,,0,0
𣀌,攴,,0,0
𣀍,攴,chén,2,0
𣀎,攴,,0,0
𣀏,攴,chéng,2,0
𣀐,攴,gū,1,0
𣀑,攴,,0,0
𣀒,攴,zòng,4,0
𣀓,攴,chóu,2,0
𣀔,攴,chuàn,4,0
𣀕,攴,,0,0
𣀖,攴,,0,0
𣀗,攴,,0,0
𣀘,攴,,0,0
𣀙,攴,,0,0
𣀚,攴,,0,0
𣀛,攴,,0,0
𣀜,攴,lèi,4,0
𣀝,攴,shuò,4,0
𣀞,攴,lǜ,4,0
𣀟,攴,,0,0
𣀠,攴,,0,0
𣀡,攴,,0,0
𣀢,攴,,0,0
𣀣,攴,fú,2,0
𣀤,攴,,0,0
𣀥,攴,lì,4,0
𣀦,攴,,0,0
𣀧,攴,sàn,4,0
𣀨,攴,,0,0
𣀩,攴,,0,0
𣀪,攴,,0,0
𣀫,攴,sān,1,0
𣀬,攴,,0,0
𣀭,攴,,0,0
𣀮,攴,,0,0
𣀯,攴,sà,4,0
𣀰,攴,,0,0
𣀱,攴,,0,0
𣀲,攴,,0,0
𣀳,攴,niè,4,0
𣀴,攴,,0,0
𣀵,攴,,0,0
𣀶,攴,zuān,1,0
𣀷,攴,lǐ,3,0
𣀸,攴,,0,0
𣀹,攴,,0,0
𣀺,攴,,0,0
𣀻,攴,shǔ,3,0
𣀼,攴,,0,0
𣀽,攴,,0,0
𣀾,攴,fú,2,0
𣀿,攴,,0,0
𣁀,攴,,0,0
𣁁,文,,0,0
𣁂,文,,0,0
𣁃,文,,0,0
𣁄,文,,0,0
𣁅,文,,0,0
𣁆,文,,0,0
𣁇,文,,0,0
𣁈,文,,0,0
𣁉,文,bì,4,0
𣁊,文,,0,0
𣁋,攴,,0,0
𣁌,文,,0,0
𣁍,文,dào,4,0
𣁎,文,,0,0
𣁏,文,,0,0
𣁐,文,,0,0
𣁑,文,,0,0
𣁒,文,shī,1,0
𣁓,文,,0,0
𣁔,文,,0,0
𣁕,文,,0,0
𣁖,文,gàn,4,0
𣁗,文,tàn,4,0
𣁘,文,,0,0
𣁙,文,,0,0
𣁚,文,,0,0
𣁛,攴,,0,0
𣁜,文,màn,4,0
𣁝,文,,0,0
𣁞,文,,0,0
𣁟,文,lí,2,0
𣁠,文,,0,0
𣁡,文,,0,0
𣁢,文,bì,4,0
𣁣,文,,0,0
𣁤,文,,0,0
𣁥,文,,0,0
𣁦,文,pán,2,0
𣁧,文,,0,0
𣁨,文,yōu,1,0
𣁩,文,,0,0
𣁪,文,,0,0
𣁫,文,,0,0
𣁬,斗,,0,0
𣁭,斗,jiū,1,0
𣁮,斗,,0,0
𣁯,斗,guō,1,0
𣁰,斗,liáo,2,0
𣁱,斗,,0,0
𣁲,斗,,0,0
𣁳,斗,wò,4,0
𣁴,斗,qià,4,0
𣁵,斗,dǒu,3,0
𣁶,斗,,0,0
𣁷,斗,liè,4,0
𣁸,斗,,0,0
𣁹,斗,jiǎo,3,0
𣁺,斗,,0,0
𣁻,斗,liè,4,0
𣁼,斗,,0,0
𣁽,斗,,0,0
𣁾,斗,,0,0
𣁿,斗,,0,0
𣂀,斗,,0,0
𣂁,斗,tiāo,1,0
𣂂,斗,,0,0
𣂃,斗,,0,0
𣂄,斗,guō,1,0
𣂅,斗,,0,0
𣂆,斗,pāng,1,0
𣂇,斗,qiāo,1,0
𣂈,斗,,0,0
𣂉,斗,dí,2,0
𣂊,斗,yùn,4,0
𣂋,斗,,0,0
𣂌,斗,,0,0
𣂍,斗,,0,0
𣂎,斗,,0,0
𣂏,斗,,0,0
𣂐,斗,,0,0
𣂑,斤,,0,0
𣂒,斤,lè,4,0
𣂓,斤,,0,0
𣂔,斤,,0,0
𣂕,斤,,0,0
𣂖,斤,sī,1,0
𣂗,斤,xīn,1,0
𣂘,斤,,0,0
𣂙,斤,,0,0
𣂚,斤,,0,0
𣂛,斤,,0,0
𣂜,斤,xīn,1,0
𣂝,斤,xiàng,4,0
𣂞,斤,luǒ,3,0
𣂟,斤,,0,0
𣂠,斤,,0,0
𣂡,斤,,0,0
𣂢,斤,,0,0
𣂣,斤,,0,0
𣂤,斤,bēng,1,0
𣂥,斤,tiāo,1,0
𣂦,斤,,0,0
𣂧,斤,,0,0
𣂨,斤,,0,0
𣂩,斤,,0,0
𣂪,斤,,0,0
𣂫,示,,0,0
𣂬,斤,xiào,4,0
𣂭,斤,,0,0
𣂮,斤,dōu,1,0
𣂯,斤,,0,0
𣂰,斤,,0,0
𣂱,斤,,0,0
𣂲,斤,,0,0
𣂳,斤,dàng,4,0
𣂴,斤,tíng,2,0
𣂵,斤,zhuàn,4,0
𣂶,斤,,0,0
𣂷,斤,,0,0
𣂸,斤,,0,0
𣂹,斤,,0,0
𣂺,斤,,0,0
𣂻,斤,ōu,1,0
𣂼,斤,,0,0
𣂽,斤,wò,4,0
𣂾,斤,,0,0
𣂿,斤,,0,0
𣃀,斤,,0,0
𣃁,斤,zhú,2,0
𣃂,斤,,0,0
𣃃,斤,,0,0
𣃄,斤,xīn,1,0
𣃅,斤,ruǎn,3,0
𣃆,斤,,0,0
𣃇,斤,,0,0
𣃈,斤,zhuó,2,0
𣃉,斤,dàng,4,0
𣃊,斤,,0,0
𣃋,斤,,0,0
𣃌,斤,,0,0
𣃍,斤,cuì,4,0
𣃎,斤,,0,0
𣃏,斤,,0,0
𣃐,斤,,0,0
𣃑,斤,zhuó,2,0
𣃒,斤,,0,0
𣃓,斤,,0,0
𣃔,斤,,0,0
𣃕,斤,,0,0
𣃖,斤,,0,0
𣃗,方,cóng,2,0
𣃘,方,chǎn,3,0
𣃙,方,,0,0
𣃚,方,,0,0
𣃛,方,,0,0
𣃜,方,,0,0
𣃝,方,yǎng,3,0
𣃞,方,,0,0
𣃟,方,,0,0
𣃠,方,,0,0
𣃡,方,,0,0
𣃢,方,,0,0
𣃣,方,,0,0
𣃤,方,,0,0
𣃥,方,,0,0
𣃦,方,,0,0
𣃧,方,yǎn,3,0
𣃨,方,,0,0
𣃩,方,,0,0
𣃪,方,,0,0
𣃫,方,,0,0
𣃬,方,,0,0
𣃭,方,,0,0
𣃮,方,,0,0
𣃯,方,,0,0
𣃰,方,,0,0
𣃱,方,,0,0
𣃲,方,,0,0
𣃳,方,yǎn,3,0
𣃴,方,,0,0
𣃵,方,zhèn,4,0
𣃶,方,,0,0
𣃷,方,,0,0
𣃸,方,,0,0
𣃹,方,,0,0
𣃺,方,,0,0
𣃻,方,,0,0
𣃼,方,,0,0
𣃽,方,nuǒ,3,0
𣃾,方,yàn,4,0
𣃿,方,,0,0
𣄀,方,,0,0
𣄁,方,,0,0
𣄂,方,,0,0
𣄃,方,,0,0
𣄄,方,,0,0
𣄅,方,fǎng,3,0
𣄆,方,,0,0
𣄇,方,,0,0
𣄈,方,,0,0
𣄉,方,yǎn,3,0
𣄊,方,yú,2,0
𣄋,方,,0,0
𣄌,方,,0,0
𣄍,方,tí,2,0
𣄎,方,fù,4,0
𣄏,方,běn,3,0
𣄐,方,,0,0
𣄑,方,yǎn,3,0
𣄒,方,,0,0
𣄓,方,huī,1,0
𣄔,方,,0,0
𣄕,方,,0,0
𣄖,方,,0,0
𣄗,方,,0,0
𣄘,方,,0,0
𣄙,方,huǎng,3,0
𣄚,方,,0,0
𣄛,方,,0,0
𣄜,方,guì,4,0
𣄝,方,yàn,4,0
𣄞,方,,0,0
𣄟,方,hú,2,0
𣄠,方,biāo,1,0
𣄡,方,,0,0
𣄢,方,,0,0
𣄣,方,,0,0
𣄤,方,,0,0
𣄥,方,,0,0
𣄦,方,,0,0
𣄧,方,suì,4,0
𣄨,方,,0,0
𣄩,方,,0,0
𣄪,方,,0,0
𣄫,方,,0,0
𣄬,方,,0,0
𣄭,无,,0,0
𣄮,无,zì,4,0
𣄯,无,jì,4,0
𣄰,无,ě,3,0
𣄱,无,jì,4,0
𣄲,无,kuǐ,3,0
𣄳,无,,0,0
𣄴,无,liàng,4,0
𣄵,无,,0,0
𣄶,无,,0,0
𣄷,无,,0,0
𣄸,无,huò,4,0
𣄹,无,,0,0
𣄺,无,wéi,2,0
𣄻,日,zhuō,1,0
𣄼,日,,0,0
𣄽,日,,0,0
𣄾,日,,0,0
𣄿,日,tǐng,3,0
𣅀,日,,0,0
𣅁,日,,0,0
𣅂,日,,0,0
𣅃,日,zǎi,3,0
𣅄,日,yòu,4,0
𣅅,日,,0,0
𣅆,日,,0,0
𣅇,日,,0,0
𣅈,日,,0,0
𣅉,日,rèn,4,0
𣅊,日,,0,0
𣅋,日,,0,0
𣅌,日,,0,0
𣅍,日,miàn,4,0
𣅎,日,,0,0
𣅏,日,,0,0
𣅐,日,,0,0
𣅑,日,,0,0
𣅒,日,,0,0
𣅓,日,,0,0
𣅔,日,,0,0
𣅕,日,,0,0
𣅖,日,,0,0
𣅗,日,,0,0
𣅘,日,,0,0
𣅙,日,,0,0
𣅚,日,nà,4,0
𣅛,日,,0,0
𣅜,日,,0,0
𣅝,日,tū,1,0
𣅞,日,,0,0
𣅟,日,dān,1,0
𣅠,日,,0,0
𣅡,日,jué,2,0
𣅢,日,,0,0
𣅣,日,,0,0
𣅤,日,xū,1,0
𣅥,日,dī,1,0
𣅦,日,,0,0
𣅧,日,,0,0
𣅨,日,,0,0
𣅩,日,,0,0
𣅪,日,,0,0
𣅫,日,,0,0
𣅬,日,,0,0
𣅭,日,,0,0
𣅮,日,,0,0
𣅯,日,,0,0
𣅰,日,xiàng,4,0
𣅱,日,,0,0
𣅲,日,,0,0
𣅳,日,,0,0
𣅴,日,,0,0
𣅵,日,,0,0
𣅶,日,,0,0
𣅷,日,xiòng,4,0
𣅸,日,,0,0
𣅹,日,,0,0
𣅺,日,yǒu,3,0
𣅻,日,guǎ,3,0
𣅼,日,,0,0
𣅽,日,,0,0
𣅾,日,xī,1,0
𣅿,日,,0,0
𣆀,日,,0,0
𣆁,日,,0,0
𣆂,日,,0,0
𣆃,日,,0,0
𣆄,日,,0,0
𣆅,日,,0,0
𣆆,日,,0,0
𣆇,日,,0,0
𣆈,日,hè,4,0
𣆉,曰,,0,0
𣆊,日,,0,0
𣆋,日,,0,0
𣆌,日,,0,0
𣆍,日,dǐng,3,0
𣆎,日,,0,0
𣆏,日,,0,0
𣆐,日,lú,2,0
𣆑,日,,0,0
𣆒,日,xú,2,0
𣆓,日,,0,0
𣆔,日,zhòu,4,0
𣆕,日,xiàn,4,0
𣆖,日,huāng,1,0
𣆗,日,chā,1,0
𣆘,日,shǐ,3,0
𣆙,日,gàn,4,0
𣆚,日,nuǒ,3,0
𣆛,日,àn,4,0
𣆜,日,,0,0
𣆝,日,,0,0
𣆞,日,,0,0
𣆟,日,xiē,1,0
𣆠,日,,0,0
𣆡,日,,0,0
𣆢,日,,0,0
𣆣,日,,0,0
𣆤,日,,0,0
𣆥,日,,0,0
𣆦,日,,0,0
𣆧,日,hào,4,0
𣆨,日,,0,0
𣆩,日,,0,0
𣆪,日,,0,0
𣆫,日,,0,0
𣆬,日,,0,0
𣆭,日,,0,0
𣆮,日,,0,0
𣆯,日,,0,0
𣆰,日,,0,0
𣆱,日,,0,0
𣆲,日,qīn,1,0
𣆳,日,gěng,3,0
𣆴,日,shān,1,0
𣆵,日,fú,2,0
𣆶,日,,0,0
𣆷,日,,0,0
𣆸,日,,0,0
𣆹,日,,0,0
𣆺,日,,0,0
𣆻,日,,0,0
𣆼,日,,0,0
𣆽,日,zè,4,0
𣆾,日,,0,0
𣆿,日,,0,0
𣇀,日,,0,0
𣇁,日,,0,0
𣇂,日,,0,0
𣇃,日,,0,0
𣇄,日,,0,0
𣇅,日,,0,0
𣇆,日,,0,0
𣇇,日,dàn,4,0
𣇈,日,,0,0
𣇉,日,,0,0
𣇊,日,,0,0
𣇋,日,,0,0
𣇌,日,,0,0
𣇍,日,,0,0
𣇎,日,,0,0
𣇏,日,,0,0
𣇐,日,,0,0
𣇑,日,,0,0
𣇒,日,,0,0
𣇓,日,,0,0
𣇔,日,,0,0
𣇕,日,,0,0
𣇖,日,diǎn,3,0
𣇗,日,shēn,1,0
𣇘,日,,0,0
𣇙,日,zǔ,3,0
𣇚,日,,0,0
𣇛,日,,0,0
𣇜,日,,0,0
𣇝,日,,0,0
𣇞,日,,0,0
𣇟,日,,0,0
𣇠,日,,0,0
𣇡,日,,0,0
𣇢,日,biē,1,0
𣇣,日,,0,0
𣇤,日,,0,0
𣇥,日,,0,0
𣇦,日,chuí,2,0
𣇧,日,zhè,4,0
𣇨,日,dài,4,0
𣇩,日,,0,0
𣇪,日,,0,0
𣇫,日,wǒ,3,0
𣇬,日,qióng,2,0
𣇭,日,,0,0
𣇮,日,,0,0
𣇯,日,,0,0
𣇰,日,lín,2,0
𣇱,日,,0,0
𣇲,日,hūn,1,0
𣇳,日,jī,1,0
𣇴,日,,0,0
𣇵,日,,0,0
𣇶,日,,0,0
𣇷,日,,0,0
𣇸,日,,0,0
𣇹,日,,0,0
𣇺,日,,0,0
𣇻,日,,0,0
𣇼,日,,0,0
𣇽,日,,0,0
𣇾,日,,0,0
𣇿,日,,0,0
𣈀,日,,0,0
𣈁,日,,0,0
𣈂,日,,0,0
𣈃,日,,0,0
𣈄,日,,0,0
𣈅,日,cáo,2,0
𣈆,日,,0,0
𣈇,日,,0,0
𣈈,日,,0,0
𣈉,日,,0,0
𣈊,日,mù,4,0
𣈋,日,,0,0
𣈌,日,,0,0
𣈍,日,dié,2,0
𣈎,日,wèi,4,0
𣈏,日,,0,0
𣈐,日,,0,0
𣈑,日,,0,0
𣈒,日,,0,0
𣈓,日,,0,0
𣈔,日,,0,0
𣈕,日,,0,0
𣈖,日,,0,0
𣈗,日,,0,0
𣈘,日,,0,0
𣈙,日,,0,0
𣈚,日,,0,0
𣈛,日,,0,0
𣈜,日,,0,0
𣈝,日,,0,0
𣈞,日,,0,0
𣈟,日,,0,0
𣈠,日,biàn,4,0
𣈡,日,tǐ,3,0
𣈢,日,,0,0
𣈣,日,yìng,4,0
𣈤,日,,0,0
𣈥,日,tú,2,0
𣈦,日,,0,0
𣈧,日,,0,0
𣈨,日,,0,0
𣈩,日,,0,0
𣈪,日,,0,0
𣈫,日,,0,0
𣈬,日,,0,0
𣈭,日,,0,0
𣈮,日,,0,0
𣈯,日,,0,0
𣈰,日,,0,0
𣈱,日,,0,0
𣈲,日,,0,0
𣈳,日,,0,0
𣈴,日,,0,0
𣈵,日,,0,0
𣈶,日,gèng,4,0
𣈷,日,,0,0
𣈸,日,,0,0
𣈹,日,,0,0
𣈺,日,,0,0
𣈻,日,,0,0
𣈼,日,,0,0
𣈽,日,,0,0
𣈾,日,,0,0
𣈿,日,,0,0
𣉀,日,,0,0
𣉁,日,,0,0
𣉂,日,,0,0
𣉃,日,,0,0
𣉄,日,chí,2,0
𣉅,日,còu,4,0
𣉆,日,tǐ,3,0
𣉇,日,,0,0
𣉈,日,,0,0
𣉉,日,,0,0
𣉊,日,,0,0
𣉋,日,,0,0
𣉌,日,,0,0
𣉍,日,,0,0
𣉎,日,,0,0
𣉏,日,,0,0
𣉐,日,,0,0
𣉑,日,,0,0
𣉒,日,huò,4,0
𣉓,日,qī,1,0
𣉔,日,sāo,1,0
𣉕,日,sàng,4,0
𣉖,日,xuǎn,3,0
𣉗,日,àng,4,0
𣉘,日,nài,4,0
𣉙,日,,0,0
𣉚,日,yáng,2,0
𣉛,日,shū,1,0
𣉜,日,shā,1,0
𣉝,日,,0,0
𣉞,日,,0,0
𣉟,日,,0,0
𣉠,日,,0,0
𣉡,廴,tǐng,3,0
𣉢,日,,0,0
𣉣,日,,0,0
𣉤,日,,0,0
𣉥,日,,0,0
𣉦,日,,0,0
𣉧,日,,0,0
𣉨,日,,0,0
𣉩,日,yà,4,0
𣉪,日,huǎng,3,0
𣉫,日,,0,0
𣉬,日,,0,0
𣉭,日,,0,0
𣉮,日,bīn,1,0
𣉯,日,,0,0
𣉰,日,,0,0
𣉱,日,,0,0
𣉲,日,,0,0
𣉳,日,,0,0
𣉴,日,,0,0
𣉵,日,,0,0
𣉶,日,,0,0
𣉷,日,,0,0
𣉸,日,,0,0
𣉹,日,,0,0
𣉺,日,,0,0
𣉻,日,,0,0
𣉼,日,ài,4,0
𣉽,日,,0,0
𣉾,日,òu,4,0
𣉿,日,cáo,2,0
𣊀,日,,0,0
𣊁,日,áo,2,0
𣊂,日,,0,0
𣊃,日,mào,4,0
𣊄,日,,0,0
𣊅,日,,0,0
𣊆,日,,0,0
𣊇,日,,0,0
𣊈,日,,0,0
𣊉,日,,0,0
𣊊,日,,0,0
𣊋,日,,0,0
𣊌,日,,0,0
𣊍,日,,0,0
𣊎,日,,0,0
𣊏,日,,0,0
𣊐,日,,0,0
𣊑,日,,0,0
𣊒,寸,,0,0
𣊓,日,,0,0
𣊔,日,méng,2,0
𣊕,日,,0,0
𣊖,日,tiān,1,0
𣊗,日,,0,0
𣊘,日,,0,0
𣊙,日,,0,0
𣊚,日,,0,0
𣊛,日,,0,0
𣊜,日,,0,0
𣊝,日,sàng,4,0
𣊞,日,xù,4,0
𣊟,日,kàn,4,0
𣊠,日,,0,0
𣊡,日,,0,0
𣊢,日,,0,0
𣊣,日,,0,0
𣊤,日,,0,0
𣊥,日,,0,0
𣊦,日,,0,0
𣊧,日,lǎng,3,0
𣊨,日,,0,0
𣊩,日,,0,0
𣊪,日,,0,0
𣊫,日,,0,0
𣊬,日,,0,0
𣊭,日,,0,0
𣊮,日,,0,0
𣊯,日,,0,0
𣊰,日,,0,0
𣊱,日,,0,0
𣊲,日,,0,0
𣊳,日,,0,0
𣊴,日,,0,0
𣊵,日,,0,0
𣊶,日,biē,1,0
𣊷,日,cóng,2,0
𣊸,日,,0,0
𣊹,日,,0,0
𣊺,日,xián,2,0
𣊻,日,,0,0
𣊼,日,,0,0
𣊽,日,,0,0
𣊾,日,,0,0
𣊿,日,,0,0
𣋀,日,,0,0
𣋁,日,,0,0
𣋂,日,,0,0
𣋃,日,,0,0
𣋄,日,tūn,1,0
𣋅,日,,0,0
𣋆,日,,0,0
𣋇,日,,0,0
𣋈,日,,0,0
𣋉,日,yù,4,0
𣋊,日,dàn,4,0
𣋋,日,yìng,4,0
𣋌,日,,0,0
𣋍,日,zhāo,1,0
𣋎,日,,0,0
𣋏,日,pù,4,0
𣋐,日,,0,0
𣋑,日,,0,0
𣋒,日,,0,0
𣋓,日,,0,0
𣋔,日,,0,0
𣋕,日,,0,0
𣋖,日,,0,0
𣋗,日,,0,0
𣋘,日,huì,4,0
𣋙,日,,0,0
𣋚,日,,0,0
𣋛,日,,0,0
𣋜,日,,0,0
𣋝,日,,0,0
𣋞,日,ài,4,0
𣋟,日,mǒ,3,0
𣋠,日,,0,0
𣋡,日,,0,0
𣋢,日,jīng,1,0
𣋣,日,lán,2,0
𣋤,日,,0,0
𣋥,日,,0,0
𣋦,日,,0,0
𣋧,日,,0,0
𣋨,日,,0,0
𣋩,日,,0,0
𣋪,日,,0,0
𣋫,日,,0,0
𣋬,日,,0,0
𣋭,日,,0,0
𣋮,日,,0,0
𣋯,日,,0,0
𣋰,風,,0,0
𣋱,日,,0,0
𣋲,日,liè,4,0
𣋳,日,piǎo,3,0
𣋴,日,,0,0
𣋵,日,bó,2,0
𣋶,日,qióng,2,0
𣋷,日,,0,0
𣋸,日,,0,0
𣋹,日,bì,4,0
𣋺,日,,0,0
𣋻,日,,0,0
𣋼,日,,0,0
𣋽,日,,0,0
𣋾,日,,0,0
𣋿,日,yōng,1,0
𣌀,日,,0,0
𣌁,日,,0,0
𣌂,日,,0,0
𣌃,日,,0,0
𣌄,日,,0,0
𣌅,日,lì,4,0
𣌆,日,,0,0
𣌇,日,,0,0
𣌈,日,,0,0
𣌉,日,,0,0
𣌊,日,,0,0
𣌋,日,,0,0
𣌌,日,,0,0
𣌍,日,niè,4,0
𣌎,日,,0,0
𣌏,日,dé,2,0
𣌐,日,,0,0
𣌑,日,,0,0
𣌒,日,,0,0
𣌓,日,huān,1,0
𣌔,日,,0,0
𣌕,日,,0,0
𣌖,日,,0,0
𣌗,日,yuè,4,0
𣌘,日,,0,0
𣌙,日,,0,0
𣌚,言,chūn,1,0
𣌛,日,,0,0
𣌜,日,lì,4,0
𣌝,日,,0,0
𣌞,羊,zhāng,1,0
𣌟,日,líng,2,0
𣌠,日,chún,2,0
𣌡,曰,,0,0
𣌢,曰,,0,0
𣌣,曰,,0,0
𣌤,曰,,0,0
𣌥,曰,,0,0
𣌦,曰,,0,0
𣌧,曰,cè,4,0
𣌨,曰,xún,2,0
𣌩,曰,,0,0
𣌪,曰,,0,0
𣌫,曰,,0,0
𣌬,曰,jǔ,3,0
𣌭,曰,hui,1,0
𣌮,曰,,0,0
𣌯,曰,,0,0
𣌰,曰,,0,0
𣌱,曰,,0,0
𣌲,曰,,0,0
𣌳,曰,,0,0
𣌴,曰,,0,0
𣌵,曰,,0,0
𣌶,曰,,0,0
𣌷,曰,,0,0
𣌸,曰,,0,0
𣌹,曰,,0,0
𣌺,曰,,0,0
𣌻,曰,,0,0
𣌼,曰,,0,0
𣌽,曰,,0,0
𣌾,曰,tōng,1,0
𣌿,曰,,0,0
𣍀,曰,,0,0
𣍁,曰,,0,0
𣍂,曰,,0,0
𣍃,曰,,0,0
𣍄,曰,,0,0
𣍅,曰,,0,0
𣍆,曰,níng,2,0
𣍇,曰,jù,4,0
𣍈,曰,,0,0
𣍉,曰,,0,0
𣍊,曰,,0,0
𣍋,曰,,0,0
𣍌,曰,,0,0
𣍍,曰,,0,0
𣍎,曰,,0,0
𣍏,曰,chà,4,0
𣍐,曰,,0,0
𣍑,曰,,0,0
𣍒,曰,,0,0
𣍓,曰,,0,0
𣍔,曰,,0,0
𣍕,曰,,0,0
𣍖,曰,zāo,1,0
𣍗,曰,,0,0
𣍘,曰,,0,0
𣍙,曰,,0,0
𣍚,曰,,0,0
𣍛,曰,yù,4,0
𣍜,曰,,0,0
𣍝,月,,0,0
𣍞,月,,0,0
𣍟,月,kěn,3,0
𣍠,月,,0,0
𣍡,月,,0,0
𣍢,月,,0,0
𣍣,月,,0,0
𣍤,月,,0,0
𣍥,月,,0,0
𣍦,月,kuàng,4,0
𣍧,月,fěi,3,0
𣍨,肉,,0,0
𣍩,月,,0,0
𣍪,月,,0,0
𣍫,月,,0,0
𣍬,月,,0,0
𣍭,月,,0,0
𣍮,月,,0,0
𣍯,肉,yùn,4,0
𣍰,肉,qiǎn,3,0
𣍱,月,,0,0
𣍲,月,,0,0
𣍳,月,,0,0
𣍴,月,quán,2,0
𣍵,月,,0,0
𣍶,月,,0,0
𣍷,月,,0,0
𣍸,月,pò,4,0
𣍹,月,,0,0
𣍺,月,pěi,3,0
𣍻,月,,0,0
𣍼,月,,0,0
𣍽,月,,0,0
𣍾,月,,0,0
𣍿,月,,0,0
𣎀,月,,0,0
𣎁,月,,0,0
𣎂,月,,0,0
𣎃,月,,0,0
𣎄,月,gèng,4,0
𣎅,月,yì,4,0
𣎆,月,luò,4,0
𣎇,月,,0,0
𣎈,月,,0,0
𣎉,月,,0,0
𣎊,月,,0,0
𣎋,月,,0,0
𣎌,月,,0,0
𣎍,月,,0,0
𣎎,月,,0,0
𣎏,月,,0,0
𣎐,月,,0,0
𣎑,月,kuān,1,0
𣎒,月,,0,0
𣎓,月,xuǎn,3,0
𣎔,月,niàn,4,0
𣎕,月,,0,0
𣎖,月,,0,0
𣎗,月,,0,0
𣎘,月,,0,0
𣎙,月,,0,0
𣎚,月,hú,2,0
𣎛,月,jú,2,0
𣎜,月,,0,0
𣎝,月,,0,0
𣎞,月,,0,0
𣎟,月,,0,0
𣎠,月,,0,0
𣎡,月,,0,0
𣎢,月,,0,0
𣎣,月,,0,0
𣎤,月,,0,0
𣎥,月,,0,0
𣎦,月,,0,0
𣎧,月,,0,0
𣎨,月,,0,0
𣎩,月,yè,4,0
𣎪,月,,0,0
𣎫,月,,0,0
𣎬,月,,0,0
𣎭,月,,0,0
𣎮,月,xī,1,0
𣎯,月,,0,0
𣎰,月,,0,0
𣎱,月,yuè,4,0
𣎲,月,tǎng,3,0
𣎳,木,pìn,4,0
𣎴,木,dǔn,3,0
𣎵,木,bèi,4,0
𣎶,木,,0,0
𣎷,木,,0,0
𣎸,木,liǎo,3,0
𣎹,木,,0,0
𣎺,木,,0,0
𣎻,木,,0,0
𣎼,木,,0,0
𣎽,木,,0,0
𣎾,木,,0,0
𣎿,木,,0,0
𣏀,木,yǒng,3,0
𣏁,木,,0,0
𣏂,木,,0,0
𣏃,木,,0,0
𣏄,木,,0,0
𣏅,木,,0,0
𣏆,木,,0,0
𣏇,木,,0,0
𣏈,木,,0,0
𣏉,木,,0,0
𣏊,木,,0,0
𣏋,木,,0,0
𣏌,木,,0,0
𣏍,木,,0,0
𣏎,木,yā,1,0
𣏏,木,,0,0
𣏐,木,,0,0
𣏑,木,jiǎo,3,0
𣏒,木,,0,0
𣏓,木,,0,0
𣏔,木,kùn,4,0
𣏕,木,,0,0
𣏖,木,zhèn,4,0
𣏗,木,shù,4,0
𣏘,木,,0,0
𣏙,木,,0,0
𣏚,木,shí,2,0
𣏛,木,,0,0
𣏜,木,,0,0
𣏝,木,,0,0
𣏞,木,yóu,2,0
𣏟,木,pài,4,0
𣏠,木,xiáo,2,0
𣏡,木,jí,2,0
𣏢,木,tuán,2,0
𣏣,木,,0,0
𣏤,木,,0,0
𣏥,木,,0,0
𣏦,木,,0,0
𣏧,木,,0,0
𣏨,木,,0,0
𣏩,木,,0,0
𣏪,木,,0,0
𣏫,木,,0,0
𣏬,木,,0,0
𣏭,木,,0,0
𣏮,木,,0,0
𣏯,木,,0,0
𣏰,木,,0,0
𣏱,木,,0,0
𣏲,木,,0,0
𣏳,木,,0,0
𣏴,木,,0,0
𣏵,木,,0,0
𣏶,木,qī,1,0
𣏷,木,hé,2,0
𣏸,木,,0,0
𣏹,木,,0,0
𣏺,木,kǒng,3,0
𣏻,木,,0,0
𣏼,木,,0,0
𣏽,木,,0,0
𣏾,木,,0,0
𣏿,木,,0,0
𣐀,木,,0,0
𣐁,木,,0,0
𣐂,木,yè,4,0
𣐃,木,chì,4,0
𣐄,木,,0,0
𣐅,木,,0,0
𣐆,木,,0,0
𣐇,木,,0,0
𣐈,木,,0,0
𣐉,木,,0,0
𣐊,木,kǎo,3,0
𣐋,木,yuè,4,0
𣐌,木,,0,0
𣐍,木,,0,0
𣐎,木,wǎ,3,0
𣐏,木,niǎn,3,0
𣐐,木,,0,0
𣐑,木,cí,2,0
𣐒,木,,0,0
𣐓,木,yí,2,0
𣐔,木,,0,0
𣐕,木,jìng,4,0
𣐖,木,,0,0
𣐗,木,,0,0
𣐘,木,,0,0
𣐙,木,,0,0
𣐚,木,,0,0
𣐛,木,,0,0
𣐜,木,,0,0
𣐝,木,,0,0
𣐞,木,,0,0
𣐟,木,,0,0
𣐠,木,,0,0
𣐡,木,,0,0
𣐢,木,,0,0
𣐣,木,,0,0
𣐤,木,jiu,1,0
𣐥,木,,0,0
𣐦,木,,0,0
𣐧,木,,0,0
𣐨,木,,0,0
𣐩,木,,0,0
𣐪,木,,0,0
𣐫,木,yāng,1,0
𣐬,木,lí,2,0
𣐭,木,,0,0
𣐮,木,dāi,1,0
𣐯,木,chóng,2,0
𣐰,木,,0,0
𣐱,木,,0,0
𣐲,木,,0,0
𣐳,木,,0,0
𣐴,木,,0,0
𣐵,木,yí,2,0
𣐶,木,,0,0
𣐷,木,,0,0
𣐸,木,,0,0
𣐹,木,,0,0
𣐺,木,hàn,4,0
𣐻,木,,0,0
𣐼,木,,0,0
𣐽,木,,0,0
𣐾,木,,0,0
𣐿,木,yī,1,0
𣑀,木,,0,0
𣑁,木,chòng,4,0
𣑂,木,hù,4,0
𣑃,木,zhuǎ,3,0
𣑄,木,,0,0
𣑅,木,,0,0
𣑆,木,,0,0
𣑇,木,,0,0
𣑈,木,,0,0
𣑉,木,,0,0
𣑊,木,,0,0
𣑋,木,,0,0
𣑌,木,,0,0
𣑍,木,,0,0
𣑎,木,,0,0
𣑏,木,,0,0
𣑐,木,,0,0
𣑑,木,,0,0
𣑒,木,,0,0
𣑓,木,,0,0
𣑔,木,,0,0
𣑕,木,,0,0
𣑖,木,,0,0
𣑗,木,,0,0
𣑘,木,,0,0
𣑙,木,,0,0
𣑚,木,,0,0
𣑛,木,,0,0
𣑜,木,,0,0
𣑝,木,tuán,2,0
𣑞,木,,0,0
𣑟,木,,0,0
𣑠,木,,0,0
𣑡,木,,0,0
𣑢,木,,0,0
𣑣,木,,0,0
𣑤,木,,0,0
𣑥,木,,0,0
𣑦,木,qióng,2,0
𣑧,土,duò,4,0
𣑨,木,,0,0
𣑩,木,,0,0
𣑪,木,,0,0
𣑫,木,,0,0
𣑬,木,,0,0
𣑭,木,,0,0
𣑮,木,,0,0
𣑯,木,,0,0
𣑰,木,,0,0
𣑱,木,,0,0
𣑲,木,,0,0
𣑳,木,,0,0
𣑴,木,,0,0
𣑵,木,,0,0
𣑶,木,,0,0
𣑷,木,,0,0
𣑸,木,tóng,2,0
𣑹,木,xiān,1,0
𣑺,木,,0,0
𣑻,木,,0,0
𣑼,木,,0,0
𣑽,木,,0,0
𣑾,木,,0,0
𣑿,木,fú,2,0
𣒀,木,,0,0
𣒁,木,,0,0
𣒂,木,diàn,4,0
𣒃,木,xí,2,0
𣒄,木,xiē,1,0
𣒅,木,zhèn,4,0
𣒆,木,qiào,4,0
𣒇,木,tū,1,0
𣒈,木,,0,0
𣒉,木,,0,0
𣒊,木,,0,0
𣒋,木,,0,0
𣒌,木,guō,1,0
𣒍,木,,0,0
𣒎,木,,0,0
𣒏,木,,0,0
𣒐,木,,0,0
𣒑,木,,0,0
𣒒,木,,0,0
𣒓,木,,0,0
𣒔,木,,0,0
𣒕,木,,0,0
𣒖,木,,0,0
𣒗,木,què,4,0
𣒘,木,,0,0
𣒙,木,,0,0
𣒚,木,,0,0
𣒛,木,,0,0
𣒜,木,,0,0
𣒝,木,,0,0
𣒞,木,,0,0
𣒟,木,,0,0
𣒠,木,,0,0
𣒡,木,,0,0
𣒢,木,,0,0
𣒣,木,,0,0
𣒤,木,,0,0
𣒥,木,,0,0
𣒦,木,,0,0
𣒧,木,,0,0
𣒨,木,,0,0
𣒩,木,,0,0
𣒪,木,,0,0
𣒫,木,,0,0
𣒬,木,,0,0
𣒭,木,,0,0
𣒮,木,,0,0
𣒯,木,,0,0
𣒰,木,,0,0
𣒱,木,,0,0
𣒲,木,,0,0
𣒳,木,,0,0
𣒴,木,,0,0
𣒵,木,,0,0
𣒶,木,,0,0
𣒷,木,hàn,4,0
𣒸,木,kuàng,4,0
𣒹,木,suō,1,0
𣒺,木,,0,0
𣒻,木,shòu,4,0
𣒼,木,tiáo,2,0
𣒽,木,,0,0
𣒾,木,,0,0
𣒿,木,,0,0
𣓀,木,zhēn,1,0
𣓁,木,,0,0
𣓂,木,,0,0
𣓃,木,nèi,4,0
𣓄,木,,0,0
𣓅,木,qiǎn,3,0
𣓆,木,yín,2,0
𣓇,木,,0,0
𣓈,木,liǎng,3,0
𣓉,木,shà,4,0
𣓊,木,zì,4,0
𣓋,木,pí,2,0
𣓌,木,gāo,1,0
𣓍,木,,0,0
𣓎,木,,0,0
𣓏,木,jìn,4,0
𣓐,木,yóu,2,0
𣓑,木,,0,0
𣓒,木,shàn,4,0
𣓓,木,,0,0
𣓔,木,mì,4,0
𣓕,木,òu,4,0
𣓖,木,,0,0
𣓗,木,hū,1,0
𣓘,木,,0,0
𣓙,木,,0,0
𣓚,木,,0,0
𣓛,木,yòu,4,0
𣓜,木,,0,0
𣓝,木,měng,3,0
𣓞,木,,0,0
𣓟,木,,0,0
𣓠,木,,0,0
𣓡,木,,0,0
𣓢,木,,0,0
𣓣,木,,0,0
𣓤,木,,0,0
𣓥,木,,0,0
𣓦,木,,0,0
𣓧,木,,0,0
𣓨,木,,0,0
𣓩,木,,0,0
𣓪,木,,0,0
𣓫,木,,0,0
𣓬,木,,0,0
𣓭,木,,0,0
𣓮,木,,0,0
𣓯,木,,0,0
𣓰,木,,0,0
𣓱,木,,0,0
𣓲,木,,0,0
𣓳,木,,0,0
𣓴,木,,0,0
𣓵,木,,0,0
𣓶,木,,0,0
𣓷,木,,0,0
𣓸,木,,0,0
𣓹,木,,0,0
𣓺,木,,0,0
𣓻,木,,0,0
𣓼,木,,0,0
𣓽,木,,0,0
𣓾,木,,0,0
𣓿,木,lào,4,0
𣔀,木,,0,0
𣔁,木,,0,0
𣔂,木,,0,0
𣔃,木,,0,0
𣔄,木,,0,0
𣔅,木,,0,0
𣔆,木,,0,0
𣔇,木,,0,0
𣔈,木,,0,0
𣔉,木,,0,0
𣔊,木,,0,0
𣔋,木,,0,0
𣔌,木,,0,0
𣔍,木,,0,0
𣔎,木,,0,0
𣔏,木,,0,0
𣔐,木,zhǐ,3,0
𣔑,木,,0,0
𣔒,木,,0,0
𣔓,木,bǐ,3,0
𣔔,木,,0,0
𣔕,木,,0,0
𣔖,木,,0,0
𣔗,木,shēn,1,0
𣔘,木,qì,4,0
𣔙,木,xiān,1,0
𣔚,木,pán,2,0
𣔛,木,kǎng,3,0
𣔜,木,,0,0
𣔝,木,,0,0
𣔞,木,,0,0
𣔟,木,,0,0
𣔠,木,,0,0
𣔡,木,,0,0
𣔢,木,,0,0
𣔣,木,,0,0
𣔤,木,,0,0
𣔥,木,,0,0
𣔦,木,,0,0
𣔧,木,,0,0
𣔨,木,,0,0
𣔩,木,,0,0
𣔪,木,,0,0
𣔫,木,shuān,1,0
𣔬,木,pí,2,0
𣔭,木,,0,0
𣔮,木,zāi,1,0
𣔯,木,zhǔ,3,0
𣔰,木,,0,0
𣔱,木,sōu,1,0
𣔲,木,jiǒng,3,0
𣔳,木,,0,0
𣔴,木,,0,0
𣔵,木,chán,2,0
𣔶,木,fán,2,0
𣔷,木,xiáo,2,0
𣔸,木,yǐn,3,0
𣔹,木,hóu,2,0
𣔺,木,mào,4,0
𣔻,木,tú,2,0
𣔼,木,gān,1,0
𣔽,木,jì,4,0
𣔾,木,,0,0
𣔿,木,,0,0
𣕀,木,,0,0
𣕁,木,yí,2,0
𣕂,木,,0,0
𣕃,木,yù,4,0
𣕄,木,jiōng,1,0
𣕅,木,pào,4,0
𣕆,木,,0,0
𣕇,木,xiāo,1,0
𣕈,木,,0,0
𣕉,木,gǒu,3,0
𣕊,木,,0,0
𣕋,木,,0,0
𣕌,木,gōu,1,0
𣕍,木,sǔn,3,0
𣕎,木,xiǎn,3,0
𣕏,木,zhuǎn,3,0
𣕐,木,,0,0
𣕑,木,,0,0
𣕒,木,,0,0
𣕓,木,,0,0
𣕔,木,,0,0
𣕕,木,,0,0
𣕖,木,,0,0
𣕗,木,,0,0
𣕘,木,,0,0
𣕙,木,,0,0
𣕚,木,,0,0
𣕛,木,,0,0
𣕜,木,,0,0
𣕝,木,,0,0
𣕞,木,,0,0
𣕟,木,,0,0
𣕠,木,,0,0
𣕡,木,,0,0
𣕢,木,,0,0
𣕤,木,,0,0
𣕥,木,,0,0
𣕦,木,,0,0
𣕧,木,,0,0
𣕨,木,,0,0
𣕩,木,,0,0
𣕪,木,,0,0
𣕫,木,,0,0
𣕬,木,,0,0
𣕭,木,,0,0
𣕮,木,,0,0
𣕯,木,,0,0
𣕰,木,,0,0
𣕱,木,,0,0
𣕲,木,héng,2,0
𣕳,木,,0,0
𣕴,木,,0,0
𣕵,木,,0,0
𣕶,木,,0,0
𣕷,木,,0,0
𣕸,木,,0,0
𣕹,木,,0,0
𣕺,木,,0,0
𣕻,木,,0,0
𣕼,木,,0,0
𣕽,木,,0,0
𣕾,木,chóu,2,0
𣕿,木,,0,0
𣖀,木,,0,0
𣖁,木,,0,0
𣖂,木,,0,0
𣖃,木,,0,0
𣖄,木,qiāo,1,0
𣖅,木,tí,2,0
𣖆,木,yún,2,0
𣖇,木,,0,0
𣖈,木,,0,0
𣖉,木,shān,1,0
𣖊,木,liè,4,0
𣖋,木,,0,0
𣖌,木,zhǐ,3,0
𣖍,木,,0,0
𣖎,木,,0,0
𣖏,木,,0,0
𣖐,木,pāi,1,0
𣖑,木,,0,0
𣖒,木,,0,0
𣖓,木,,0,0
𣖔,木,,0,0
𣖕,木,,0,0
𣖖,木,,0,0
𣖗,木,,0,0
𣖘,木,,0,0
𣖙,木,,0,0
𣖚,木,,0,0
𣖛,木,,0,0
𣖜,木,,0,0
𣖝,木,,0,0
𣖞,木,,0,0
𣖟,木,,0,0
𣖠,木,,0,0
𣖡,木,,0,0
𣖢,木,,0,0
𣖣,木,jú,2,0
𣖤,木,lái,2,0
𣖥,木,,0,0
𣖦,木,,0,0
𣖧,木,,0,0
𣖨,木,zǐ,3,0
𣖩,木,,0,0
𣖪,木,qú,2,0
𣖫,木,gǔ,3,0
𣖬,木,jué,2,0
𣖭,木,zhí,2,0
𣖮,木,àng,4,0
𣖯,木,qìn,4,0
𣖰,木,pí,2,0
𣖱,木,zuī,1,0
𣖲,木,,0,0
𣖳,木,qián,2,0
𣖴,木,,0,0
𣖵,木,cuó,2,0
𣖶,木,,0,0
𣖷,木,jí,2,0
𣖸,木,tí,2,0
𣖹,木,rú,2,0
𣖺,木,,0,0
𣖻,木,hǎi,3,0
𣖼,木,xún,2,0
𣖽,木,,0,0
𣖾,木,bèi,4,0
𣖿,木,zhí,2,0
𣗀,木,,0,0
𣗁,木,dùn,4,0
𣗂,木,,0,0
𣗃,木,,0,0
𣗄,木,,0,0
𣗅,木,,0,0
𣗆,木,,0,0
𣗇,木,,0,0
𣗈,木,,0,0
𣗉,木,,0,0
𣗊,木,mán,2,0
𣗋,木,dǎng,3,0
𣗌,木,,0,0
𣗍,木,,0,0
𣗎,木,,0,0
𣗏,木,,0,0
𣗐,木,réng,2,0
𣗑,木,,0,0
𣗒,木,,0,0
𣗓,木,,0,0
𣗔,木,,0,0
𣗕,木,,0,0
𣗖,木,,0,0
𣗗,木,,0,0
𣗘,木,,0,0
𣗙,木,,0,0
𣗚,木,,0,0
𣗛,木,,0,0
𣗜,木,,0,0
𣗝,木,,0,0
𣗞,木,,0,0
𣗟,木,,0,0
𣗠,木,,0,0
𣗡,木,,0,0
𣗢,木,,0,0
𣗣,木,,0,0
𣗤,木,,0,0
𣗥,木,,0,0
𣗦,木,,0,0
𣗧,木,,0,0
𣗨,木,,0,0
𣗩,木,,0,0
𣗪,木,,0,0
𣗫,木,,0,0
𣗬,木,,0,0
𣗭,木,,0,0
𣗮,木,,0,0
𣗯,木,,0,0
𣗰,木,,0,0
𣗱,木,,0,0
𣗲,木,gān,1,0
𣗳,木,,0,0
𣗴,木,,0,0
𣗵,木,gàng,4,0
𣗶,木,tà,4,0
𣗷,木,,0,0
𣗸,木,tuò,4,0
𣗹,木,yàng,4,0
𣗺,木,kū,1,0
𣗻,木,zhì,4,0
𣗼,木,,0,0
𣗽,木,,0,0
𣗾,木,,0,0
𣗿,木,,0,0
𣘀,木,,0,0
𣘁,木,,0,0
𣘂,木,,0,0
𣘃,木,,0,0
𣘄,木,,0,0
𣘅,木,,0,0
𣘆,木,,0,0
𣘇,木,,0,0
𣘈,木,,0,0
𣘉,木,,0,0
𣘊,木,,0,0
𣘋,木,,0,0
𣘌,木,,0,0
𣘍,木,,0,0
𣘎,木,,0,0
𣘏,木,,0,0
𣘐,木,jí,2,0
𣘑,木,,0,0
𣘒,木,,0,0
𣘓,木,,0,0
𣘔,木,,0,0
𣘕,木,,0,0
𣘖,木,jiān,1,0
𣘗,木,nì,4,0
𣘘,木,shēn,1,0
𣘙,木,bàng,4,0
𣘚,木,shuài,4,0
𣘛,木,dōu,1,0
𣘜,木,,0,0
𣘝,木,qiān,1,0
𣘞,木,hán,2,0
𣘟,木,qiā,1,0
𣘠,木,gǎn,3,0
𣘡,木,,0,0
𣘢,木,,0,0
𣘣,木,chún,2,0
𣘤,木,chá,2,0
𣘥,木,bì,4,0
𣘦,木,yī,1,0
𣘧,木,fū,1,0
𣘨,木,ě,3,0
𣘩,木,,0,0
𣘪,木,láo,2,0
𣘫,木,háo,2,0
𣘬,木,lí,2,0
𣘭,木,,0,0
𣘮,木,,0,0
𣘯,木,,0,0
𣘰,木,,0,0
𣘱,木,tè,4,0
𣘲,木,shēn,1,0
𣘳,木,,0,0
𣘴,木,yín,2,0
𣘵,木,,0,0
𣘶,木,,0,0
𣘷,木,jiān,1,0
𣘸,木,,0,0
𣘹,木,,0,0
𣘺,木,,0,0
𣘻,木,chá,2,0
𣘼,木,,0,0
𣘽,木,,0,0
𣘾,木,,0,0
𣘿,木,,0,0
𣙀,木,,0,0
𣙁,木,,0,0
𣙂,木,,0,0
𣙃,木,,0,0
𣙄,木,,0,0
𣙅,木,,0,0
𣙆,木,,0,0
𣙇,木,,0,0
𣙈,木,,0,0
𣙉,木,,0,0
𣙊,木,,0,0
𣙋,木,,0,0
𣙌,木,,0,0
𣙍,木,,0,0
𣙎,木,,0,0
𣙏,木,,0,0
𣙐,木,,0,0
𣙑,木,,0,0
𣙒,木,,0,0
𣙓,木,,0,0
𣙔,木,,0,0
𣙕,木,,0,0
𣙖,木,,0,0
𣙗,木,niè,4,0
𣙘,木,còu,4,0
𣙙,木,,0,0
𣙚,木,,0,0
𣙛,木,yí,2,0
𣙜,木,,0,0
𣙝,木,,0,0
𣙞,木,,0,0
𣙟,木,táng,2,0
𣙠,木,,0,0
𣙡,木,,0,0
𣙢,木,juàn,4,0
𣙣,木,,0,0
𣙤,木,,0,0
𣙥,木,,0,0
𣙦,木,,0,0
𣙧,木,,0,0
𣙨,木,,0,0
𣙩,木,,0,0
𣙪,木,,0,0
𣙫,木,,0,0
𣙬,木,,0,0
𣙭,木,,0,0
𣙮,木,,0,0
𣙯,木,,0,0
𣙰,木,chì,4,0
𣙱,木,gǒu,3,0
𣙲,木,,0,0
𣙳,木,,0,0
𣙴,木,jié,2,0
𣙵,木,zhé,2,0
𣙶,木,hú,2,0
𣙷,木,máng,2,0
𣙸,木,,0,0
𣙹,木,,0,0
𣙺,木,,0,0
𣙻,木,zōu,1,0
𣙼,木,sì,4,0
𣙽,木,,0,0
𣙾,木,,0,0
𣙿,木,fèi,4,0
𣚀,木,zī,1,0
𣚁,木,zī,1,0
𣚂,木,,0,0
𣚃,木,jié,2,0
𣚄,木,sī,1,0
𣚅,木,,0,0
𣚆,木,chūn,1,0
𣚇,木,pào,4,0
𣚈,木,,0,0
𣚉,木,,0,0
𣚊,木,,0,0
𣚋,木,yé,2,0
𣚌,木,dī,1,0
𣚍,木,,0,0
𣚎,木,léi,2,0
𣚏,木,xū,1,0
𣚐,木,rú,2,0
𣚑,木,,0,0
𣚒,木,pá,2,0
𣚓,木,juàn,4,0
𣚔,木,xì,4,0
𣚕,木,yè,4,0
𣚖,木,ān,1,0
𣚗,木,,0,0
𣚘,木,yì,4,0
𣚙,木,jiān,1,0
𣚚,木,zhú,2,0
𣚛,木,,0,0
𣚜,木,sōng,1,0
𣚝,木,wǒ,3,0
𣚞,木,,0,0
𣚟,木,sè,4,0
𣚠,木,zhǐ,3,0
𣚡,木,bī,1,0
𣚢,木,zhuàn,4,0
𣚣,木,,0,0
𣚤,木,,0,0
𣚥,木,,0,0
𣚦,木,jiàng,4,0
𣚧,木,hào,4,0
𣚨,木,,0,0
𣚩,木,chì,4,0
𣚪,木,dùn,4,0
𣚫,木,,0,0
𣚬,木,,0,0
𣚭,木,,0,0
𣚮,木,,0,0
𣚯,木,,0,0
𣚰,木,,0,0
𣚱,木,,0,0
𣚲,木,,0,0
𣚳,木,,0,0
𣚴,木,,0,0
𣚵,木,,0,0
𣚶,木,,0,0
𣚷,木,,0,0
𣚸,木,,0,0
𣚹,木,,0,0
𣚺,木,,0,0
𣚻,木,,0,0
𣚼,木,,0,0
𣚽,木,,0,0
𣚾,木,,0,0
𣚿,木,,0,0
𣛀,木,,0,0
𣛁,木,,0,0
𣛂,木,,0,0
𣛃,木,,0,0
𣛄,木,,0,0
𣛅,木,,0,0
𣛆,木,,0,0
𣛇,木,,0,0
𣛈,木,,0,0
𣛉,木,,0,0
𣛊,木,,0,0
𣛋,木,,0,0
𣛌,木,,0,0
𣛍,木,,0,0
𣛎,木,,0,0
𣛏,木,,0,0
𣛐,木,,0,0
𣛑,木,,0,0
𣛒,木,,0,0
𣛓,木,bó,2,0
𣛔,木,jí,2,0
𣛕,木,chuǎ,3,0
𣛖,木,,0,0
𣛗,木,luò,4,0
𣛘,木,,0,0
𣛙,木,,0,0
𣛚,木,ruǐ,3,0
𣛛,木,,0,0
𣛜,木,,0,0
𣛝,木,,0,0
𣛞,木,,0,0
𣛟,木,,0,0
𣛠,木,,0,0
𣛡,木,,0,0
𣛢,木,,0,0
𣛣,木,,0,0
𣛤,木,,0,0
𣛥,木,,0,0
𣛦,木,,0,0
𣛧,木,,0,0
𣛨,木,,0,0
𣛩,木,,0,0
𣛪,木,,0,0
𣛫,木,hú,2,0
𣛬,木,,0,0
𣛭,木,,0,0
𣛮,木,,0,0
𣛯,木,,0,0
𣛰,木,,0,0
𣛱,木,dàn,4,0
𣛲,木,,0,0
𣛳,木,,0,0
𣛴,木,hǎn,3,0
𣛵,木,què,4,0
𣛶,木,shā,1,0
𣛷,木,zhǎn,3,0
𣛸,木,zé,2,0
𣛹,木,chuán,2,0
𣛺,木,qī,1,0
𣛻,木,dié,2,0
𣛼,木,,0,0
𣛽,木,zhà,4,0
𣛾,木,tòu,4,0
𣛿,木,,0,0
𣜀,木,,0,0
𣜁,木,cī,1,0
𣜂,木,sà,4,0
𣜃,木,,0,0
𣜄,木,luó,2,0
𣜅,木,,0,0
𣜆,木,,0,0
𣜇,木,jí,2,0
𣜈,木,,0,0
𣜉,木,,0,0
𣜊,木,,0,0
𣜋,木,,0,0
𣜌,木,,0,0
𣜍,木,,0,0
𣜎,木,,0,0
𣜏,木,,0,0
𣜐,木,,0,0
𣜑,木,,0,0
𣜒,木,,0,0
𣜓,木,,0,0
𣜔,木,,0,0
𣜕,木,,0,0
𣜖,木,,0,0
𣜗,木,,0,0
𣜘,木,,0,0
𣜙,木,,0,0
𣜚,木,,0,0
𣜛,木,,0,0
𣜜,木,,0,0
𣜝,木,,0,0
𣜞,木,,0,0
𣜟,木,,0,0
𣜠,木,,0,0
𣜡,木,,0,0
𣜢,禸,luǒ,3,0
𣜣,木,qín,2,0
𣜤,木,,0,0
𣜥,木,,0,0
𣜦,木,,0,0
𣜧,木,qióng,2,0
𣜨,木,juàn,4,0
𣜩,木,,0,0
𣜪,木,,0,0
𣜫,木,,0,0
𣜬,木,ài,4,0
𣜭,木,jiǎn,3,0
𣜮,木,,0,0
𣜯,木,,0,0
𣜰,木,,0,0
𣜱,木,,0,0
𣜲,木,,0,0
𣜳,木,,0,0
𣜴,木,,0,0
𣜵,木,,0,0
𣜶,木,,0,0
𣜷,木,,0,0
𣜸,木,,0,0
𣜹,木,tì,4,0
𣜺,木,wén,2,0
𣜻,木,,0,0
𣜼,木,,0,0
𣜽,木,qiāo,1,0
𣜾,木,,0,0
𣜿,木,,0,0
𣝀,木,,0,0
𣝁,木,pái,2,0
𣝂,木,hún,2,0
𣝃,木,,0,0
𣝄,木,,0,0
𣝅,木,ài,4,0
𣝆,木,,0,0
𣝇,木,shuò,4,0
𣝈,木,lián,2,0
𣝉,木,duì,4,0
𣝊,木,,0,0
𣝋,木,tà,4,0
𣝌,木,jǐn,3,0
𣝍,木,bì,4,0
𣝎,木,yǎn,3,0
𣝏,木,gào,4,0
𣝐,木,piáo,2,0
𣝑,木,yù,4,0
𣝒,木,shè,4,0
𣝓,木,,0,0
𣝔,木,,0,0
𣝕,木,jiān,1,0
𣝖,木,,0,0
𣝗,木,hú,2,0
𣝘,木,,0,0
𣝙,木,,0,0
𣝚,木,liè,4,0
𣝛,木,,0,0
𣝜,木,biàn,4,0
𣝝,木,sù,4,0
𣝞,木,jiāo,1,0
𣝟,木,,0,0
𣝠,木,,0,0
𣝡,木,,0,0
𣝢,木,,0,0
𣝣,木,,0,0
𣝤,木,,0,0
𣝥,木,,0,0
𣝦,木,,0,0
𣝧,木,,0,0
𣝨,木,,0,0
𣝩,木,,0,0
𣝪,木,,0,0
𣝫,木,,0,0
𣝬,木,,0,0
𣝭,木,,0,0
𣝮,木,,0,0
𣝯,木,,0,0
𣝰,木,,0,0
𣝱,木,,0,0
𣝲,木,,0,0
𣝳,木,,0,0
𣝴,木,,0,0
𣝵,木,,0,0
𣝶,木,,0,0
𣝷,木,,0,0
𣝸,木,zhuì,4,0
𣝹,木,,0,0
𣝺,木,,0,0
𣝻,木,,0,0
𣝼,木,,0,0
𣝽,木,hān,1,0
𣝾,木,,0,0
𣝿,木,,0,0
𣞀,木,,0,0
𣞁,木,,0,0
𣞂,木,,0,0
𣞃,木,,0,0
𣞄,木,,0,0
𣞅,木,,0,0
𣞆,木,,0,0
𣞇,木,dùn,4,0
𣞈,木,,0,0
𣞉,木,,0,0
𣞊,木,,0,0
𣞋,木,,0,0
𣞌,木,,0,0
𣞍,木,,0,0
𣞎,木,,0,0
𣞏,石,,0,0
𣞐,木,xiě,3,0
𣞑,木,méng,2,0
𣞒,木,fū,1,0
𣞓,木,lù,4,0
𣞔,木,tàn,4,0
𣞕,木,,0,0
𣞖,木,,0,0
𣞗,木,liú,2,0
𣞘,木,xiān,1,0
𣞙,木,sǎng,3,0
𣞚,木,,0,0
𣞛,木,,0,0
𣞜,木,còu,4,0
𣞝,木,zhuāng,1,0
𣞞,木,,0,0
𣞟,木,chēn,1,0
𣞠,木,,0,0
𣞡,木,,0,0
𣞢,木,,0,0
𣞣,木,,0,0
𣞤,木,,0,0
𣞥,木,,0,0
𣞦,木,,0,0
𣞧,木,,0,0
𣞨,木,,0,0
𣞩,木,,0,0
𣞪,木,,0,0
𣞫,木,,0,0
𣞬,木,,0,0
𣞭,木,,0,0
𣞮,木,,0,0
𣞯,木,,0,0
𣞰,木,liàn,4,0
𣞱,木,,0,0
𣞲,木,,0,0
𣞳,木,,0,0
𣞴,木,lí,2,0
𣞵,木,,0,0
𣞶,木,,0,0
𣞷,木,,0,0
𣞸,木,,0,0
𣞹,木,,0,0
𣞺,木,,0,0
𣞻,木,,0,0
𣞼,木,,0,0
𣞽,木,,0,0
𣞾,木,,0,0
𣞿,木,,0,0
𣟀,木,pèng,4,0
𣟁,木,tuǒ,3,0
𣟂,木,,0,0
𣟃,木,,0,0
𣟄,木,tuò,4,0
𣟅,木,,0,0
𣟆,木,liáo,2,0
𣟇,木,xiào,4,0
𣟈,木,chuì,4,0
𣟉,木,huài,4,0
𣟊,木,niǎo,3,0
𣟋,木,qiān,1,0
𣟌,木,lì,4,0
𣟍,木,,0,0
𣟎,木,,0,0
𣟏,木,pāo,1,0
𣟐,木,tiáo,2,0
𣟑,木,liú,2,0
𣟒,木,wú,2,0
𣟓,木,,0,0
𣟔,木,,0,0
𣟕,木,,0,0
𣟖,木,,0,0
𣟗,木,,0,0
𣟘,木,,0,0
𣟙,木,,0,0
𣟚,木,,0,0
𣟛,木,,0,0
𣟜,木,,0,0
𣟝,木,,0,0
𣟞,木,,0,0
𣟟,木,,0,0
𣟠,木,,0,0
𣟡,木,,0,0
𣟢,木,,0,0
𣟣,木,,0,0
𣟤,木,yǐng,3,0
𣟥,木,,0,0
𣟦,木,zhá,2,0
𣟧,木,,0,0
𣟨,木,,0,0
𣟩,木,,0,0
𣟪,木,,0,0
𣟫,木,,0,0
𣟬,木,,0,0
𣟭,木,,0,0
𣟮,木,,0,0
𣟯,木,,0,0
𣟰,木,yú,2,0
𣟱,木,,0,0
𣟲,木,xiǎn,3,0
𣟳,木,xuán,2,0
𣟴,木,shuān,1,0
𣟵,木,xī,1,0
𣟶,木,,0,0
𣟷,木,,0,0
𣟸,木,méi,2,0
𣟹,木,sēn,1,0
𣟺,木,liàn,4,0
𣟻,木,,0,0
𣟼,木,jiū,1,0
𣟽,木,lào,4,0
𣟾,木,,0,0
𣟿,木,,0,0
𣠀,木,,0,0
𣠁,木,,0,0
𣠂,木,,0,0
𣠃,木,,0,0
𣠄,木,,0,0
𣠅,木,,0,0
𣠆,木,,0,0
𣠇,木,,0,0
𣠈,木,,0,0
𣠉,木,,0,0
𣠊,木,,0,0
𣠋,木,,0,0
𣠌,木,,0,0
𣠍,木,,0,0
𣠎,木,xiāo,1,0
𣠏,木,zōu,1,0
𣠐,木,,0,0
𣠑,木,,0,0
𣠒,木,,0,0
𣠓,木,,0,0
𣠔,木,,0,0
𣠕,木,,0,0
𣠖,木,,0,0
𣠗,木,,0,0
𣠘,木,,0,0
𣠙,木,,0,0
𣠚,木,liú,2,0
𣠛,木,,0,0
𣠜,木,zhào,4,0
𣠝,木,,0,0
𣠞,木,zhé,2,0
𣠟,木,,0,0
𣠠,木,lěi,3,0
𣠡,木,,0,0
𣠢,木,,0,0
𣠣,木,,0,0
𣠤,木,,0,0
𣠥,木,,0,0
𣠦,木,,0,0
𣠧,木,,0,0
𣠨,木,,0,0
𣠩,木,,0,0
𣠪,木,,0,0
𣠫,木,,0,0
𣠬,木,,0,0
𣠭,木,duǎn,3,0
𣠮,木,,0,0
𣠯,木,,0,0
𣠰,木,,0,0
𣠱,木,,0,0
𣠲,木,,0,0
𣠳,木,,0,0
𣠴,木,,0,0
𣠵,木,,0,0
𣠶,木,,0,0
𣠷,木,jiǎn,3,0
𣠸,木,shuān,1,0
𣠹,木,zuó,2,0
𣠺,木,qiè,4,0
𣠻,木,,0,0
𣠼,木,lǎo,3,0
𣠽,木,,0,0
𣠾,木,,0,0
𣠿,木,,0,0
𣡀,木,,0,0
𣡁,木,,0,0
𣡂,木,,0,0
𣡃,木,,0,0
𣡄,木,,0,0
𣡅,木,,0,0
𣡆,木,,0,0
𣡇,木,,0,0
𣡈,木,,0,0
𣡉,木,yù,4,0
𣡊,木,yì,4,0
𣡋,木,nǐ,3,0
𣡌,木,,0,0
𣡍,木,,0,0
𣡎,木,cén,2,0
𣡏,木,,0,0
𣡐,木,,0,0
𣡑,木,,0,0
𣡒,木,,0,0
𣡓,木,,0,0
𣡔,木,,0,0
𣡕,木,yàn,4,0
𣡖,木,,0,0
𣡗,木,ruǎn,3,0
𣡘,木,,0,0
𣡙,木,,0,0
𣡚,木,,0,0
𣡛,木,,0,0
𣡜,木,,0,0
𣡝,木,,0,0
𣡞,木,yán,2,0
𣡟,木,dié,2,0
𣡠,木,mián,2,0
𣡡,木,,0,0
𣡢,木,,0,0
𣡣,木,,0,0
𣡤,木,,0,0
𣡥,木,,0,0
𣡦,木,,0,0
𣡧,木,léi,2,0
𣡨,木,,0,0
𣡩,木,wān,1,0
𣡪,木,,0,0
𣡫,木,,0,0
𣡬,木,,0,0
𣡭,木,,0,0
𣡮,木,,0,0
𣡯,木,,0,0
𣡰,木,nǎ,3,0
𣡱,木,,0,0
𣡲,木,,0,0
𣡳,夕,,0,0
𣡴,木,,0,0
𣡵,木,,0,0
𣡶,木,yán,2,0
𣡷,木,,0,0
𣡸,木,,0,0
𣡹,木,,0,0
𣡺,木,lěi,3,0
𣡻,木,,0,0
𣡼,木,,0,0
𣡽,木,shā,1,0
𣡾,木,hū,1,0
𣡿,木,,0,0
𣢀,欠,,0,0
𣢁,欠,xī,1,0
𣢂,欠,xī,1,0
𣢃,欠,,0,0
𣢄,欠,yǒu,3,0
𣢅,欠,hān,1,0
𣢆,欠,,0,0
𣢇,欠,hāi,1,0
𣢈,欠,,0,0
𣢉,欠,wā,1,0
𣢊,欠,xù,4,0
𣢋,欠,pī,1,0
𣢌,欠,tān,1,0
𣢍,欠,xī,1,0
𣢎,欠,xī,1,0
𣢏,欠,bīn,1,0
𣢐,欠,qīn,1,0
𣢑,欠,xī,1,0
𣢒,欠,yú,2,0
𣢓,欠,xì,4,0
𣢔,欠,,0,0
𣢕,欠,cì,4,0
𣢖,欠,qiàn,4,0
𣢗,欠,xiā,1,0
𣢘,欠,,0,0
𣢙,欠,,0,0
𣢚,欠,wá,2,0
𣢛,欠,è,4,0
𣢜,欠,yǒu,3,0
𣢝,欠,xìng,4,0
𣢞,欠,ní,2,0
𣢟,欠,hán,2,0
𣢠,欠,bì,4,0
𣢡,欠,shēng,1,0
𣢢,欠,,0,0
𣢣,欠,,0,0
𣢤,欠,zhān,1,0
𣢥,欠,diàn,4,0
𣢦,欠,yǔ,3,0
𣢧,欠,,0,0
𣢨,欠,ǒu,3,0
𣢩,欠,,0,0
𣢪,欠,guǐ,3,0
𣢫,欠,wǎng,3,0
𣢬,欠,qiān,1,0
𣢭,欠,yí,2,0
𣢮,欠,,0,0
𣢯,欠,,0,0
𣢰,欠,zú,2,0
𣢱,欠,,0,0
𣢲,欠,qiān,1,0
𣢳,欠,dìng,4,0
𣢴,欠,kēng,1,0
𣢵,欠,,0,0
𣢶,欠,chù,4,0
𣢷,欠,yī,1,0
𣢸,欠,,0,0
𣢹,欠,,0,0
𣢺,欠,hān,1,0
𣢻,欠,kuǎn,3,0
𣢼,欠,,0,0
𣢽,欠,,0,0
𣢾,欠,,0,0
𣢿,欠,,0,0
𣣀,欠,,0,0
𣣁,欠,,0,0
𣣂,欠,,0,0
𣣃,欠,,0,0
𣣄,欠,,0,0
𣣅,欠,,0,0
𣣆,欠,,0,0
𣣇,欠,,0,0
𣣈,欠,diàn,4,0
𣣉,欠,xì,4,0
𣣊,欠,zī,1,0
𣣋,欠,líng,2,0
𣣌,欠,zì,4,0
𣣍,欠,,0,0
𣣎,欠,yù,4,0
𣣏,欠,hūn,1,0
𣣐,欠,,0,0
𣣑,欠,sǐ,3,0
𣣒,欠,kǎn,3,0
𣣓,欠,,0,0
𣣔,欠,,0,0
𣣕,欠,,0,0
𣣖,欠,,0,0
𣣗,欠,,0,0
𣣘,欠,,0,0
𣣙,欠,,0,0
𣣚,欠,àn,4,0
𣣛,欠,,0,0
𣣜,欠,yǒu,3,0
𣣝,欠,jí,2,0
𣣞,欠,hùn,4,0
𣣟,欠,qiā,1,0
𣣠,欠,hóu,2,0
𣣡,欠,hóu,2,0
𣣢,欠,,0,0
𣣣,欠,diàn,4,0
𣣤,欠,,0,0
𣣥,欠,,0,0
𣣦,欠,,0,0
𣣧,欠,,0,0
𣣨,欠,,0,0
𣣩,欠,xiē,1,0
𣣪,欠,,0,0
𣣫,欠,,0,0
𣣬,貝,,0,0
𣣭,欠,shè,4,0
𣣮,欠,shà,4,0
𣣯,欠,,0,0
𣣰,欠,,0,0
𣣱,欠,,0,0
𣣲,欠,xié,2,0
𣣳,欠,yáo,2,0
𣣴,欠,dà,4,0
𣣵,欠,,0,0
𣣶,欠,xiè,4,0
𣣷,欠,chī,1,0
𣣸,欠,yǒu,3,0
𣣹,欠,hē,1,0
𣣺,欠,shà,4,0
𣣻,欠,,0,0
𣣼,欠,,0,0
𣣽,欠,,0,0
𣣾,欠,,0,0
𣣿,欠,tái,2,0
𣤀,欠,,0,0
𣤁,欠,zhú,2,0
𣤂,欠,,0,0
𣤃,欠,ǎi,3,0
𣤄,欠,,0,0
𣤅,欠,,0,0
𣤆,欠,,0,0
𣤇,欠,què,4,0
𣤈,欠,zé,2,0
𣤉,欠,,0,0
𣤊,欠,lā,1,0
𣤋,欠,lòu,4,0
𣤌,欠,chuài,4,0
𣤍,欠,,0,0
𣤎,欠,yǒu,3,0
𣤏,欠,,0,0
𣤐,欠,,0,0
𣤑,欠,,0,0
𣤒,欠,,0,0
𣤓,欠,,0,0
𣤔,欠,,0,0
𣤕,欠,,0,0
𣤖,欠,tì,4,0
𣤗,欠,,0,0
𣤘,欠,shī,1,0
𣤙,欠,,0,0
𣤚,欠,,0,0
𣤛,欠,,0,0
𣤜,欠,,0,0
𣤝,欠,,0,0
𣤞,欠,,0,0
𣤟,欠,,0,0
𣤠,欠,,0,0
𣤡,欠,xiào,4,0
𣤢,欠,xì,4,0
𣤣,欠,,0,0
𣤤,欠,,0,0
𣤥,欠,,0,0
𣤦,欠,,0,0
𣤧,欠,,0,0
𣤨,欠,huò,4,0
𣤩,欠,chì,4,0
𣤪,欠,yì,4,0
𣤫,欠,,0,0
𣤬,欠,,0,0
𣤭,欠,,0,0
𣤮,欠,,0,0
𣤯,欠,shú,2,0
𣤰,欠,yuè,4,0
𣤱,欠,chán,2,0
𣤲,欠,è,4,0
𣤳,欠,xī,1,0
𣤴,欠,xī,1,0
𣤵,欠,yǐng,3,0
𣤶,欠,zú,2,0
𣤷,欠,zā,1,0
𣤸,欠,,0,0
𣤹,欠,,0,0
𣤺,欠,zā,1,0
𣤻,欠,,0,0
𣤼,欠,,0,0
𣤽,欠,,0,0
𣤾,欠,,0,0
𣤿,欠,,0,0
𣥀,欠,,0,0
𣥁,欠,,0,0
𣥂,止,tà,4,0
𣥃,止,wàn,4,0
𣥄,止,,0,0
𣥅,止,,0,0
𣥆,止,,0,0
𣥇,止,xìn,4,0
𣥈,止,,0,0
𣥉,止,,0,0
𣥊,止,wàng,4,0
𣥋,止,fǔ,3,0
𣥌,止,,0,0
𣥍,止,,0,0
𣥎,止,,0,0
𣥏,止,,0,0
𣥐,止,lǔ,3,0
𣥑,止,,0,0
𣥒,止,,0,0
𣥓,止,,0,0
𣥔,止,,0,0
𣥕,止,,0,0
𣥖,止,,0,0
𣥗,止,,0,0
𣥘,止,,0,0
𣥙,止,,0,0
𣥚,止,,0,0
𣥛,止,,0,0
𣥜,止,,0,0
𣥝,止,,0,0
𣥞,止,jiǎn,3,0
𣥟,止,,0,0
𣥠,止,,0,0
𣥡,止,yán,2,0
𣥢,止,,0,0
𣥣,止,bì,4,0
𣥤,止,kěn,3,0
𣥥,十,guàn,4,0
𣥦,止,,0,0
𣥧,止,,0,0
𣥨,止,zī,1,0
𣥩,止,,0,0
𣥪,止,,0,0
𣥫,止,,0,0
𣥬,止,,0,0
𣥭,止,,0,0
𣥮,止,kuǐ,3,0
𣥯,止,zhǒu,3,0
𣥰,止,zhì,4,0
𣥱,止,,0,0
𣥲,彡,,0,0
𣥳,止,tú,2,0
𣥴,止,,0,0
𣥵,止,,0,0
𣥶,止,,0,0
𣥷,止,tà,4,0
𣥸,止,,0,0
𣥹,止,chù,4,0
𣥺,止,chēng,1,0
𣥻,止,chěng,3,0
𣥼,止,zhù,4,0
𣥽,止,,0,0
𣥾,止,dà,4,0
𣥿,止,,0,0
𣦀,止,,0,0
𣦁,止,,0,0
𣦂,止,,0,0
𣦃,止,,0,0
𣦄,止,,0,0
𣦅,止,,0,0
𣦆,止,,0,0
𣦇,止,bì,4,0
𣦈,止,,0,0
𣦉,止,jiǎ,3,0
𣦊,止,,0,0
𣦋,齒,,0,0
𣦌,止,yì,4,0
𣦍,止,,0,0
𣦎,止,,0,0
𣦏,弋,yuè,4,0
𣦐,止,gāng,1,0
𣦑,止,,0,0
𣦒,止,,0,0
𣦓,止,,0,0
𣦔,止,,0,0
𣦕,止,,0,0
𣦖,止,gān,1,0
𣦗,止,,0,0
𣦘,止,,0,0
𣦙,止,,0,0
𣦚,止,,0,0
𣦛,止,,0,0
𣦜,止,qiāo,1,0
𣦝,止,,0,0
𣦞,止,,0,0
𣦟,止,,0,0
𣦠,止,chú,2,0
𣦡,止,chú,2,0
𣦢,止,bì,4,0
𣦣,止,,0,0
𣦤,止,,0,0
𣦥,止,,0,0
𣦦,止,guì,4,0
𣦧,止,,0,0
𣦨,止,,0,0
𣦩,止,gǔ,3,0
𣦪,止,bǐng,3,0
𣦫,止,yìn,4,0
𣦬,止,zhuì,4,0
𣦭,山,gǔ,3,0
𣦮,止,,0,0
𣦯,止,lì,4,0
𣦰,止,,0,0
𣦱,止,,0,0
𣦲,止,,0,0
𣦳,止,,0,0
𣦴,止,,0,0
𣦵,歹,è,4,0
𣦶,歹,dǎi,3,0
𣦷,歹,,0,0
𣦸,歹,,0,0
𣦹,歹,,0,0
𣦺,歹,,0,0
𣦻,歹,,0,0
𣦼,歹,cán,2,0
𣦽,歹,,0,0
𣦾,歹,,0,0
𣦿,歹,,0,0
𣧀,歹,,0,0
𣧁,歹,,0,0
𣧂,歹,tì,4,0
𣧃,歹,dù,4,0
𣧄,歹,yì,4,0
𣧅,歹,,0,0
𣧆,歹,,0,0
𣧇,歹,,0,0
𣧈,歹,dié,2,0
𣧉,歹,,0,0
𣧊,歹,niǔ,3,0
𣧋,歹,,0,0
𣧌,歹,xuè,4,0
𣧍,歹,nè,4,0
𣧎,歹,guì,4,0
𣧏,歹,kǎo,3,0
𣧐,歹,,0,0
𣧑,歹,,0,0
𣧒,歹,chuǎn,3,0
𣧓,歹,,0,0
𣧔,歹,,0,0
𣧕,歹,,0,0
𣧖,歹,zhá,2,0
𣧗,歹,yóu,2,0
𣧘,歹,,0,0
𣧙,歹,bài,4,0
𣧚,歹,shí,2,0
𣧛,歹,diàn,4,0
𣧜,歹,pā,1,0
𣧝,歹,qiú,2,0
𣧞,歹,,0,0
𣧟,歹,,0,0
𣧠,歹,,0,0
𣧡,歹,xuè,4,0
𣧢,歹,,0,0
𣧣,歹,mò,4,0
𣧤,歹,kē,1,0
𣧥,歹,yǒu,3,0
𣧦,歹,jiǎo,3,0
𣧧,歹,bó,2,0
𣧨,歹,,0,0
𣧩,歹,,0,0
𣧪,歹,,0,0
𣧫,歹,,0,0
𣧬,歹,xiǔ,3,0
𣧭,歹,,0,0
𣧮,歹,,0,0
𣧯,歹,,0,0
𣧰,歹,,0,0
𣧱,歹,,0,0
𣧲,歹,mǐ,3,0
𣧳,歹,luò,4,0
𣧴,歹,,0,0
𣧵,歹,xuè,4,0
𣧶,歹,,0,0
𣧷,歹,duò,4,0
𣧸,歹,,0,0
𣧹,歹,èr,4,0
𣧺,歹,shān,1,0
𣧻,歹,,0,0
𣧼,歹,kuì,4,0
𣧽,歹,nào,4,0
𣧾,歹,miǎn,3,0
𣧿,歹,lì,4,0
𣨀,歹,luàn,4,0
𣨁,歹,,0,0
𣨂,歹,dié,2,0
𣨃,歹,,0,0
𣨄,歹,qià,4,0
𣨅,歹,lèi,4,0
𣨆,歹,,0,0
𣨇,歹,mào,4,0
𣨈,歹,,0,0
𣨉,歹,hēng,1,0
𣨊,歹,chè,4,0
𣨋,歹,zhì,4,0
𣨌,歹,,0,0
𣨍,歹,gǔ,3,0
𣨎,歹,cuō,1,0
𣨏,歹,,0,0
𣨐,歹,,0,0
𣨑,歹,,0,0
𣨒,歹,,0,0
𣨓,歹,wù,4,0
𣨔,歹,tào,4,0
𣨕,歹,,0,0
𣨖,歹,,0,0
𣨗,歹,xī,1,0
𣨘,歹,yāo,1,0
𣨙,歹,wěi,3,0
𣨚,歹,,0,0
𣨛,歹,zú,2,0
𣨜,歹,mà,4,0
𣨝,歹,yǔ,3,0
𣨞,歹,pěng,3,0
𣨟,歹,yì,4,0
𣨠,歹,qìn,4,0
𣨡,歹,yuè,4,0
𣨢,歹,juè,4,0
𣨣,歹,jiàng,4,0
𣨤,歹,xù,4,0
𣨥,歹,bēng,1,0
𣨦,歹,,0,0
𣨧,歹,,0,0
𣨨,歹,,0,0
𣨩,歹,,0,0
𣨪,歹,luǒ,3,0
𣨫,歹,zhuī,1,0
𣨬,歹,,0,0
𣨭,歹,,0,0
𣨮,歹,,0,0
𣨯,歹,,0,0
𣨰,歹,,0,0
𣨱,歹,,0,0
𣨲,歹,dù,4,0
𣨳,歹,xiàng,4,0
𣨴,歹,,0,0
𣨵,歹,,0,0
𣨶,歹,huì,4,0
𣨷,歹,,0,0
𣨸,歹,,0,0
𣨹,歹,,0,0
𣨺,歹,gǔ,3,0
𣨻,歹,kǎo,3,0
𣨼,歹,tì,4,0
𣨽,歹,,0,0
𣨾,歹,xīng,1,0
𣨿,歹,hún,2,0
𣩀,歹,biān,1,0
𣩁,歹,,0,0
𣩂,歹,,0,0
𣩃,歹,,0,0
𣩄,歹,kè,4,0
𣩅,歹,kǎo,3,0
𣩆,歹,,0,0
𣩇,歹,,0,0
𣩈,歹,cuó,2,0
𣩉,歹,,0,0
𣩊,歹,,0,0
𣩋,歹,,0,0
𣩌,歹,,0,0
𣩍,歹,,0,0
𣩎,歹,,0,0
𣩏,歹,lù,4,0
𣩐,歹,,0,0
𣩑,歹,zuì,4,0
𣩒,歹,zāo,1,0
𣩓,歹,jiǎo,3,0
𣩔,歹,guàn,4,0
𣩕,歹,,0,0
𣩖,歹,,0,0
𣩗,歹,,0,0
𣩘,歹,,0,0
𣩙,歹,yān,1,0
𣩚,歹,ér,2,0
𣩛,歹,,0,0
𣩜,歹,qíng,2,0
𣩝,歹,,0,0
𣩞,歹,,0,0
𣩟,歹,dèng,4,0
𣩠,歹,sì,4,0
𣩡,歹,suì,4,0
𣩢,歹,liào,4,0
𣩣,歹,,0,0
𣩤,歹,,0,0
𣩥,歹,,0,0
𣩦,歹,,0,0
𣩧,歹,shàn,4,0
𣩨,歹,,0,0
𣩩,歹,bì,4,0
𣩪,歹,wèi,4,0
𣩫,歹,yè,4,0
𣩬,歹,,0,0
𣩭,歹,zhài,4,0
𣩮,歹,,0,0
𣩯,歹,yé,2,0
𣩰,歹,diào,4,0
𣩱,歹,ài,4,0
𣩲,歹,,0,0
𣩳,歹,,0,0
𣩴,歹,jiàng,4,0
𣩵,歹,,0,0
𣩶,歹,,0,0
𣩷,歹,sū,1,0
𣩸,歹,,0,0
𣩹,歹,huài,4,0
𣩺,歹,yù,4,0
𣩻,歹,,0,0
𣩼,歹,,0,0
𣩽,歹,rǎng,3,0
𣩾,歹,,0,0
𣩿,歹,,0,0
𣪀,歹,diān,1,0
𣪁,歹,zuān,1,0
𣪂,殳,bān,1,0
𣪃,殳,,0,0
𣪄,殳,qín,2,0
𣪅,殳,,0,0
𣪆,殳,,0,0
𣪇,殳,jiā,1,0
𣪈,殳,,0,0
𣪉,殳,pí,2,0
𣪊,殳,,0,0
𣪋,殳,,0,0
𣪌,殳,tóu,2,0
𣪍,殳,,0,0
𣪎,殳,,0,0
𣪏,殳,,0,0
𣪐,殳,chóu,2,0
𣪑,殳,,0,0
𣪒,殳,,0,0
𣪓,殳,,0,0
𣪔,殳,,0,0
𣪕,殳,guǐ,3,0
𣪖,殳,,0,0
𣪗,殳,,0,0
𣪘,殳,,0,0
𣪙,殳,,0,0
𣪚,殳,,0,0
𣪛,殳,,0,0
𣪜,殳,,0,0
𣪝,殳,,0,0
𣪞,殳,,0,0
𣪟,殳,,0,0
𣪠,殳,jī,1,0
𣪡,殳,,0,0
𣪢,殳,,0,0
𣪣,殳,,0,0
𣪤,殳,,0,0
𣪥,殳,,0,0
𣪦,殳,,0,0
𣪧,殳,,0,0
𣪨,殳,xuè,4,0
𣪩,殳,,0,0
𣪪,殳,diàn,4,0
𣪫,殳,,0,0
𣪬,殳,,0,0
𣪭,目,biàn,4,0
𣪮,殳,zǎi,3,0
𣪯,殳,tóng,2,0
𣪰,殳,,0,0
𣪱,殳,,0,0
𣪲,殳,,0,0
𣪳,殳,,0,0
𣪴,殳,,0,0
𣪵,殳,,0,0
𣪶,殳,shǎn,3,0
𣪷,殳,,0,0
𣪸,殳,gù,4,0
𣪹,殳,què,4,0
𣪺,殳,,0,0
𣪻,殳,,0,0
𣪼,殳,,0,0
𣪽,殳,,0,0
𣪾,殳,,0,0
𣪿,殳,,0,0
𣫀,殳,gǔ,3,0
𣫁,殳,,0,0
𣫂,殳,,0,0
𣫃,殳,,0,0
𣫄,殳,,0,0
𣫅,殳,,0,0
𣫆,殳,,0,0
𣫇,殳,,0,0
𣫈,殳,hú,2,0
𣫉,殳,kuǎi,3,0
𣫊,殳,,0,0
𣫋,殳,,0,0
𣫌,殳,gòu,4,0
𣫍,殳,,0,0
𣫎,殳,sù,4,0
𣫏,殳,,0,0
𣫐,殳,chóu,2,0
𣫑,殳,,0,0
𣫒,殳,kēng,1,0
𣫓,殳,,0,0
𣫔,殳,dū,1,0
𣫕,殳,,0,0
𣫖,殳,,0,0
𣫗,殳,,0,0
𣫘,殳,,0,0
𣫙,殳,yì,4,0
𣫚,殳,,0,0
𣫛,殳,,0,0
𣫜,殳,dào,4,0
𣫝,殳,qiāng,1,0
𣫞,殳,,0,0
𣫟,殳,,0,0
𣫠,殳,,0,0
𣫡,殳,,0,0
𣫢,殳,,0,0
𣫣,殳,lóng,2,0
𣫤,殳,,0,0
𣫥,殳,lí,2,0
𣫦,殳,,0,0
𣫧,殳,lì,4,0
𣫨,殳,qīng,1,0
𣫩,殳,,0,0
𣫪,殳,wēi,1,0
𣫫,殳,,0,0
𣫬,毋,móu,2,0
𣫭,毋,,0,0
𣫮,毋,,0,0
𣫯,毋,,0,0
𣫰,毋,,0,0
𣫱,毋,qì,4,0
𣫲,毋,,0,0
𣫳,毋,jiǎng,3,0
𣫴,毋,xié,2,0
𣫵,毋,,0,0
𣫶,毋,,0,0
𣫷,毋,,0,0
𣫸,毋,,0,0
𣫹,毋,dài,4,0
𣫺,毋,,0,0
𣫻,毋,lóu,2,0
𣫼,毋,,0,0
𣫽,毋,,0,0
𣫾,毋,,0,0
𣫿,毋,,0,0
𣬀,毋,,0,0
𣬁,毋,,0,0
𣬂,比,guàn,4,0
𣬃,比,,0,0
𣬄,比,,0,0
𣬅,比,,0,0
𣬆,比,péi,2,0
𣬇,比,,0,0
𣬈,比,,0,0
𣬉,比,pí,2,0
𣬊,比,,0,0
𣬋,比,juàn,4,0
𣬌,比,,0,0
𣬍,比,bēi,1,0
𣬎,比,jué,2,0
𣬏,比,juàn,4,0
𣬐,比,shì,4,0
𣬑,比,,0,0
𣬒,比,,0,0
𣬓,比,,0,0
𣬔,比,,0,0
𣬕,比,xiě,3,0
𣬖,比,,0,0
𣬗,比,,0,0
𣬘,比,ruí,2,0
𣬙,比,jìng,4,0
𣬚,比,pò,4,0
𣬛,毛,sān,1,0
𣬜,毛,,0,0
𣬝,毛,,0,0
𣬞,毛,,0,0
𣬟,毛,,0,0
𣬠,毛,jī,1,0
𣬡,毛,,0,0
𣬢,毛,,0,0
𣬣,毛,,0,0
𣬤,毛,,0,0
𣬥,毛,,0,0
𣬦,毛,,0,0
𣬧,毛,,0,0
𣬨,毛,,0,0
𣬩,毛,fēn,1,0
𣬪,毛,bèi,4,0
𣬫,毛,jiè,4,0
𣬬,毛,sā,1,0
𣬭,毛,,0,0
𣬮,毛,pī,1,0
𣬯,毛,,0,0
𣬰,毛,,0,0
𣬱,毛,,0,0
𣬲,毛,,0,0
𣬳,毛,,0,0
𣬴,毛,dì,4,0
𣬵,毛,máo,2,0
𣬶,毛,ba,5,0
𣬷,毛,ba,5,0
𣬸,毛,tiáo,2,0
𣬹,毛,líng,2,0
𣬺,毛,shēng,1,0
𣬻,毛,zhěn,3,0
𣬼,毛,pī,1,0
𣬽,毛,wù,4,0
𣬾,毛,,0,0
𣬿,毛,zè,4,0
𣭀,毛,bào,4,0
𣭁,毛,,0,0
𣭂,毛,,0,0
𣭃,毛,,0,0
𣭄,毛,,0,0
𣭅,毛,,0,0
𣭆,毛,,0,0
𣭇,毛,lǚ,3,0
𣭈,毛,,0,0
𣭉,毛,,0,0
𣭊,毛,,0,0
𣭋,毛,,0,0
𣭌,毛,,0,0
𣭍,毛,,0,0
𣭎,毛,,0,0
𣭏,毛,,0,0
𣭐,毛,,0,0
𣭑,毛,,0,0
𣭒,毛,,0,0
𣭓,毛,,0,0
𣭔,毛,,0,0
𣭕,毛,,0,0
𣭖,毛,hāo,1,0
𣭗,毛,dǒu,3,0
𣭘,毛,fú,2,0
𣭙,毛,ní,2,0
𣭚,毛,,0,0
𣭛,毛,,0,0
𣭜,毛,,0,0
𣭝,毛,gé,2,0
𣭞,毛,,0,0
𣭟,毛,,0,0
𣭠,毛,rú,2,0
𣭡,毛,xiǎn,3,0
𣭢,毛,,0,0
𣭣,毛,,0,0
𣭤,毛,bì,4,0
𣭥,毛,,0,0
𣭦,毛,,0,0
𣭧,毛,,0,0
𣭨,毛,,0,0
𣭩,毛,,0,0
𣭪,毛,,0,0
𣭫,毛,,0,0
𣭬,毛,,0,0
𣭭,毛,,0,0
𣭮,毛,máo,2,0
𣭯,毛,,0,0
𣭰,毛,,0,0
𣭱,毛,,0,0
𣭲,毛,rǒng,3,0
𣭳,毛,qiú,2,0
𣭴,毛,,0,0
𣭵,毛,,0,0
𣭶,毛,,0,0
𣭷,毛,bó,2,0
𣭸,毛,,0,0
𣭹,毛,hāo,1,0
𣭺,毛,nǎo,3,0
𣭻,毛,yán,2,0
𣭼,毛,,0,0
𣭽,毛,,0,0
𣭾,毛,,0,0
𣭿,毛,,0,0
𣮀,毛,,0,0
𣮁,毛,,0,0
𣮂,毛,,0,0
𣮃,毛,páo,2,0
𣮄,毛,suī,1,0
𣮅,毛,,0,0
𣮆,毛,tuò,4,0
𣮇,毛,,0,0
𣮈,毛,qū,1,0
𣮉,毛,lí,2,0
𣮊,毛,dé,2,0
𣮋,毛,,0,0
𣮌,毛,jié,2,0
𣮍,毛,jié,2,0
𣮎,毛,gǔn,3,0
𣮏,毛,jiān,1,0
𣮐,毛,bì,4,0
𣮑,毛,,0,0
𣮒,毛,,0,0
𣮓,毛,,0,0
𣮔,毛,,0,0
𣮕,毛,,0,0
𣮖,毛,,0,0
𣮗,毛,,0,0
𣮘,毛,,0,0
𣮙,毛,,0,0
𣮚,毛,,0,0
𣮛,毛,,0,0
𣮜,毛,,0,0
𣮝,毛,,0,0
𣮞,毛,,0,0
𣮟,毛,,0,0
𣮠,毛,sàn,4,0
𣮡,毛,bāng,1,0
𣮢,毛,chún,2,0
𣮣,毛,,0,0
𣮤,毛,,0,0
𣮥,毛,,0,0
𣮦,毛,nài,4,0
𣮧,毛,bǎng,3,0
𣮨,毛,,0,0
𣮩,毛,,0,0
𣮪,毛,róng,2,0
𣮫,毛,jiā,1,0
𣮬,毛,sōu,1,0
𣮭,毛,,0,0
𣮮,毛,,0,0
𣮯,毛,,0,0
𣮰,毛,dé,2,0
𣮱,毛,,0,0
𣮲,毛,,0,0
𣮳,毛,,0,0
𣮴,毛,,0,0
𣮵,毛,,0,0
𣮶,毛,,0,0
𣮷,毛,,0,0
𣮸,毛,,0,0
𣮹,毛,,0,0
𣮺,毛,,0,0
𣮻,毛,,0,0
𣮼,毛,,0,0
𣮽,毛,,0,0
𣮾,毛,xiān,1,0
𣮿,毛,zhān,1,0
𣯀,毛,mào,4,0
𣯁,毛,,0,0
𣯂,毛,,0,0
𣯃,毛,zī,1,0
𣯄,毛,,0,0
𣯅,毛,jì,4,0
𣯆,毛,qí,2,0
𣯇,毛,,0,0
𣯈,毛,,0,0
𣯉,毛,,0,0
𣯊,毛,,0,0
𣯋,毛,rù,4,0
𣯌,毛,suō,1,0
𣯍,毛,rǒng,3,0
𣯎,毛,wù,4,0
𣯏,毛,róng,2,0
𣯐,毛,róng,2,0
𣯑,毛,,0,0
𣯒,毛,,0,0
𣯓,毛,,0,0
𣯔,毛,,0,0
𣯕,毛,,0,0
𣯖,毛,,0,0
𣯗,毛,,0,0
𣯘,毛,,0,0
𣯙,毛,,0,0
𣯚,毛,tà,4,0
𣯛,毛,,0,0
𣯜,毛,sōu,1,0
𣯝,毛,,0,0
𣯞,毛,,0,0
𣯟,毛,,0,0
𣯠,毛,,0,0
𣯡,毛,,0,0
𣯢,毛,,0,0
𣯣,毛,mén,2,0
𣯤,毛,lí,2,0
𣯥,毛,,0,0
𣯦,毛,,0,0
𣯧,毛,cuǐ,3,0
𣯨,毛,zōng,1,0
𣯩,毛,mén,2,0
𣯪,毛,xǐ,3,0
𣯫,毛,,0,0
𣯬,毛,mǎng,3,0
𣯭,毛,niè,4,0
𣯮,毛,,0,0
𣯯,毛,suī,1,0
𣯰,毛,,0,0
𣯱,毛,péi,2,0
𣯲,毛,,0,0
𣯳,毛,,0,0
𣯴,毛,bì,4,0
𣯵,毛,dì,4,0
𣯶,毛,sān,1,0
𣯷,毛,,0,0
𣯸,毛,qú,2,0
𣯹,毛,qiáo,2,0
𣯺,毛,,0,0
𣯻,毛,fēn,1,0
𣯼,毛,sù,4,0
𣯽,毛,,0,0
𣯾,毛,,0,0
𣯿,毛,,0,0
𣰀,毛,,0,0
𣰁,毛,,0,0
𣰂,毛,,0,0
𣰃,毛,xū,1,0
𣰄,毛,,0,0
𣰅,毛,,0,0
𣰆,毛,,0,0
𣰇,毛,rǒng,3,0
𣰈,毛,jī,1,0
𣰉,毛,,0,0
𣰊,毛,,0,0
𣰋,毛,qú,2,0
𣰌,毛,liè,4,0
𣰍,毛,,0,0
𣰎,毛,,0,0
𣰏,毛,,0,0
𣰐,毛,,0,0
𣰑,毛,,0,0
𣰒,毛,,0,0
𣰓,毛,,0,0
𣰔,毛,,0,0
𣰕,毛,sào,4,0
𣰖,毛,,0,0
𣰗,毛,,0,0
𣰘,毛,kùn,4,0
𣰙,毛,,0,0
𣰚,毛,cuì,4,0
𣰛,毛,yè,4,0
𣰜,毛,bìng,4,0
𣰝,毛,,0,0
𣰞,毛,jié,2,0
𣰟,毛,,0,0
𣰠,毛,qú,2,0
𣰡,毛,qú,2,0
𣰢,毛,,0,0
𣰣,毛,,0,0
𣰤,毛,,0,0
𣰥,毛,méng,2,0
𣰦,毛,rán,2,0
𣰧,毛,,0,0
𣰨,毛,bīn,1,0
𣰩,毛,cháo,2,0
𣰪,毛,,0,0
𣰫,毛,,0,0
𣰬,毛,dú,2,0
𣰭,毛,,0,0
𣰮,毛,,0,0
𣰯,毛,,0,0
𣰰,毛,,0,0
𣰱,毛,,0,0
𣰲,毛,,0,0
𣰳,毛,,0,0
𣰴,毛,,0,0
𣰵,毛,,0,0
𣰶,毛,ráng,2,0
𣰷,毛,xiān,1,0
𣰸,毛,,0,0
𣰹,毛,,0,0
𣰺,毛,táo,2,0
𣰻,毛,qú,2,0
𣰼,毛,niè,4,0
𣰽,毛,,0,0
𣰾,毛,,0,0
𣰿,毛,shū,1,0
𣱀,毛,lǔ,3,0
𣱁,毛,,0,0
𣱂,毛,kùn,4,0
𣱃,毛,,0,0
𣱄,毛,,0,0
𣱅,氏,,0,0
𣱆,氏,,0,0
𣱇,氏,,0,0
𣱈,氏,mín,2,0
𣱉,氏,mǐn,3,0
𣱊,氏,,0,0
𣱋,氏,,0,0
𣱌,氏,,0,0
𣱍,氏,dàn,4,0
𣱎,氏,,0,0
𣱏,氏,,0,0
𣱐,氏,yìn,4,0
𣱑,氏,,0,0
𣱒,氏,,0,0
𣱓,氏,xiào,4,0
𣱔,氏,,0,0
𣱕,气,,0,0
𣱖,气,,0,0
𣱗,气,jì,4,0
𣱘,气,,0,0
𣱙,气,,0,0
𣱚,气,,0,0
𣱛,气,,0,0
𣱜,气,yīn,1,0
𣱝,气,dōng,1,0
𣱞,气,,0,0
𣱟,气,,0,0
𣱠,气,,0,0
𣱡,气,,0,0
𣱢,气,,0,0
𣱣,气,,0,0
𣱤,气,,0,0
𣱥,气,,0,0
𣱦,气,fēn,1,0
𣱧,气,zhòng,4,0
𣱨,气,,0,0
𣱩,气,,0,0
𣱪,气,,0,0
𣱫,气,gǔ,3,0
𣱬,气,,0,0
𣱭,气,,0,0
𣱮,气,,0,0
𣱯,气,,0,0
𣱰,气,,0,0
𣱱,水,chá,2,0
𣱲,水,,0,0
𣱳,水,liú,2,0
𣱴,水,,0,0
𣱵,水,,0,0
𣱶,水,bǔ,3,0
𣱷,水,,0,0
𣱸,水,,0,0
𣱹,水,,0,0
𣱺,水,pā,1,0
𣱻,水,sì,4,0
𣱼,水,dāo,1,0
𣱽,水,zhěn,3,0
𣱾,水,,0,0
𣱿,水,,0,0
𣲀,水,shān,1,0
𣲁,水,,0,0
𣲂,水,chuǎi,3,0
𣲃,水,,0,0
𣲄,水,jiǔ,3,0
𣲅,水,,0,0
𣲆,水,,0,0
𣲇,水,,0,0
𣲈,水,,0,0
𣲉,水,,0,0
𣲊,水,kè,4,0
𣲋,水,chí,2,0
𣲌,水,,0,0
𣲍,水,,0,0
𣲎,水,,0,0
𣲏,水,,0,0
𣲐,水,,0,0
𣲑,水,hù,4,0
𣲒,水,lì,4,0
𣲓,水,shā,1,0
𣲔,水,,0,0
𣲕,水,,0,0
𣲖,水,pài,4,0
𣲗,水,wéi,2,0
𣲘,水,wǔ,3,0
𣲙,水,,0,0
𣲚,水,,0,0
𣲛,水,,0,0
𣲜,水,yíng,2,0
𣲝,水,,0,0
𣲞,水,,0,0
𣲟,水,,0,0
𣲠,水,,0,0
𣲡,水,shā,1,0
𣲢,水,dī,1,0
𣲣,水,,0,0
𣲤,水,,0,0
𣲥,水,dān,1,0
𣲦,水,,0,0
𣲧,水,,0,0
𣲨,水,,0,0
𣲩,水,,0,0
𣲪,水,,0,0
𣲫,水,,0,0
𣲬,水,,0,0
𣲭,水,,0,0
𣲮,水,,0,0
𣲯,水,,0,0
𣲰,水,,0,0
𣲱,水,tū,1,0
𣲲,水,hé,2,0
𣲳,水,pǒ,3,0
𣲴,水,,0,0
𣲵,水,zhǐ,3,0
𣲶,水,niǔ,3,0
𣲷,水,nì,4,0
𣲸,水,,0,0
𣲹,水,,0,0
𣲺,水,,0,0
𣲻,水,,0,0
𣲼,水,,0,0
𣲽,水,rǒng,3,0
𣲾,水,guài,4,0
𣲿,水,,0,0
𣳀,水,zhí,2,0
𣳁,水,,0,0
𣳂,水,,0,0
𣳃,水,jí,2,0
𣳄,水,,0,0
𣳅,水,,0,0
𣳆,水,píng,2,0
𣳇,水,,0,0
𣳈,水,,0,0
𣳉,水,,0,0
𣳊,水,,0,0
𣳋,水,,0,0
𣳌,水,,0,0
𣳍,水,,0,0
𣳎,水,,0,0
𣳏,水,,0,0
𣳐,水,,0,0
𣳑,水,,0,0
𣳒,水,,0,0
𣳓,水,,0,0
𣳔,水,,0,0
𣳕,水,,0,0
𣳖,水,,0,0
𣳗,水,,0,0
𣳘,水,,0,0
𣳙,水,,0,0
𣳚,水,,0,0
𣳛,水,,0,0
𣳜,水,fàn,4,0
𣳝,水,,0,0
𣳞,水,,0,0
𣳟,水,jié,2,0
𣳠,水,hǎi,3,0
𣳡,水,,0,0
𣳢,水,,0,0
𣳣,水,,0,0
𣳤,水,zhàn,4,0
𣳥,水,,0,0
𣳦,水,xì,4,0
𣳧,水,,0,0
𣳨,水,,0,0
𣳩,水,zī,1,0
𣳪,水,,0,0
𣳫,水,,0,0
𣳬,水,xí,2,0
𣳭,水,piào,4,0
𣳮,水,,0,0
𣳯,水,,0,0
𣳰,水,bēn,1,0
𣳱,水,,0,0
𣳲,水,jiǎn,3,0
𣳳,水,,0,0
𣳴,水,,0,0
𣳵,水,,0,0
𣳶,水,,0,0
𣳷,水,,0,0
𣳸,水,,0,0
𣳹,水,,0,0
𣳺,水,,0,0
𣳻,水,,0,0
𣳼,水,,0,0
𣳽,水,,0,0
𣳾,水,,0,0
𣳿,水,,0,0
𣴀,水,,0,0
𣴁,水,,0,0
𣴂,水,,0,0
𣴃,水,,0,0
𣴄,水,,0,0
𣴅,水,,0,0
𣴆,水,,0,0
𣴇,水,,0,0
𣴈,水,,0,0
𣴉,水,,0,0
𣴊,水,,0,0
𣴋,水,,0,0
𣴌,水,,0,0
𣴍,水,,0,0
𣴎,水,,0,0
𣴏,水,,0,0
𣴐,水,,0,0
𣴑,水,,0,0
𣴒,水,,0,0
𣴓,水,jiàn,4,0
𣴔,水,,0,0
𣴕,水,,0,0
𣴖,水,zá,2,0
𣴗,水,,0,0
𣴘,水,,0,0
𣴙,水,,0,0
𣴚,水,,0,0
𣴛,水,,0,0
𣴜,水,,0,0
𣴝,水,,0,0
𣴞,水,bèn,4,0
𣴟,水,mào,4,0
𣴠,水,,0,0
𣴡,水,,0,0
𣴢,水,zào,4,0
𣴣,水,zhuàng,4,0
𣴤,水,,0,0
𣴥,水,kuáng,2,0
𣴦,水,,0,0
𣴧,水,,0,0
𣴨,水,bí,2,0
𣴩,水,,0,0
𣴪,水,pài,4,0
𣴫,水,,0,0
𣴬,水,,0,0
𣴭,水,,0,0
𣴮,水,,0,0
𣴯,水,,0,0
𣴰,水,,0,0
𣴱,水,,0,0
𣴲,水,,0,0
𣴳,水,,0,0
𣴴,水,,0,0
𣴵,水,,0,0
𣴶,水,,0,0
𣴷,水,,0,0
𣴸,水,,0,0
𣴹,水,,0,0
𣴺,水,,0,0
𣴻,水,,0,0
𣴼,水,mào,4,0
𣴽,水,tàn,4,0
𣴾,水,,0,0
𣴿,水,,0,0
𣵀,水,,0,0
𣵁,水,,0,0
𣵂,水,,0,0
𣵃,水,,0,0
𣵄,水,,0,0
𣵅,水,,0,0
𣵆,水,,0,0
𣵇,水,,0,0
𣵈,水,,0,0
𣵉,水,,0,0
𣵊,水,,0,0
𣵋,水,,0,0
𣵌,水,,0,0
𣵍,水,,0,0
𣵎,水,,0,0
𣵏,水,,0,0
𣵐,水,,0,0
𣵑,水,,0,0
𣵒,水,,0,0
𣵓,水,,0,0
𣵔,水,,0,0
𣵕,水,,0,0
𣵖,水,,0,0
𣵗,水,,0,0
𣵘,水,,0,0
𣵙,水,,0,0
𣵚,水,,0,0
𣵛,水,,0,0
𣵜,水,,0,0
𣵝,水,,0,0
𣵞,水,tǔn,3,0
𣵟,水,luǒ,3,0
𣵠,水,,0,0
𣵡,水,,0,0
𣵢,水,tān,1,0
𣵣,水,,0,0
𣵤,水,,0,0
𣵥,水,,0,0
𣵦,水,,0,0
𣵧,水,,0,0
𣵨,水,,0,0
𣵩,水,,0,0
𣵪,水,,0,0
𣵫,水,,0,0
𣵬,水,,0,0
𣵭,水,,0,0
𣵮,水,,0,0
𣵯,水,,0,0
𣵰,水,,0,0
𣵱,水,án,2,0
𣵲,水,,0,0
𣵳,水,,0,0
𣵴,水,,0,0
𣵵,水,,0,0
𣵶,水,,0,0
𣵷,水,hán,2,0
𣵸,水,zhú,2,0
𣵹,水,,0,0
𣵺,水,duò,4,0
𣵻,水,duò,4,0
𣵼,水,gàn,4,0
𣵽,水,,0,0
𣵾,水,,0,0
𣵿,水,,0,0
𣶀,水,,0,0
𣶁,水,,0,0
𣶂,水,,0,0
𣶃,水,,0,0
𣶄,水,,0,0
𣶅,水,,0,0
𣶆,水,qiòng,4,0
𣶇,水,,0,0
𣶈,水,wǎng,3,0
𣶉,水,,0,0
𣶊,水,mò,4,0
𣶋,水,zhè,4,0
𣶌,水,wěn,3,0
𣶍,水,zhuàng,4,0
𣶎,水,,0,0
𣶏,水,jiē,1,0
𣶐,水,pào,4,0
𣶑,水,,0,0
𣶒,丨,,0,0
𣶓,水,,0,0
𣶔,水,,0,0
𣶕,水,,0,0
𣶖,水,,0,0
𣶗,水,,0,0
𣶘,水,sù,4,0
𣶙,水,,0,0
𣶚,水,,0,0
𣶛,水,,0,0
𣶜,水,,0,0
𣶝,水,jù,4,0
𣶞,水,,0,0
𣶟,水,,0,0
𣶠,水,qī,1,0
𣶡,水,càn,4,0
𣶢,水,,0,0
𣶣,水,tuán,2,0
𣶤,水,shā,1,0
𣶥,水,,0,0
𣶦,水,tuó,2,0
𣶧,水,,0,0
𣶨,水,,0,0
𣶩,水,huà,4,0
𣶪,水,,0,0
𣶫,水,yì,4,0
𣶬,水,,0,0
𣶭,水,,0,0
𣶮,水,,0,0
𣶯,水,,0,0
𣶰,水,,0,0
𣶱,水,,0,0
𣶲,水,,0,0
𣶳,水,,0,0
𣶴,水,,0,0
𣶵,水,,0,0
𣶶,水,,0,0
𣶷,水,,0,0
𣶸,水,,0,0
𣶹,水,,0,0
𣶺,水,,0,0
𣶻,水,,0,0
𣶼,水,,0,0
𣶽,水,,0,0
𣶾,水,,0,0
𣶿,水,,0,0
𣷀,水,,0,0
𣷁,水,,0,0
𣷂,水,,0,0
𣷃,水,,0,0
𣷄,水,,0,0
𣷅,水,,0,0
𣷆,水,,0,0
𣷇,水,,0,0
𣷈,水,,0,0
𣷉,水,,0,0
𣷊,水,,0,0
𣷋,水,,0,0
𣷌,水,,0,0
𣷍,水,,0,0
𣷎,水,,0,0
𣷏,水,,0,0
𣷐,水,,0,0
𣷑,水,,0,0
𣷒,水,,0,0
𣷓,水,,0,0
𣷔,水,,0,0
𣷕,水,,0,0
𣷖,水,,0,0
𣷗,水,,0,0
𣷘,水,,0,0
𣷙,水,,0,0
𣷚,水,,0,0
𣷛,水,,0,0
𣷜,水,,0,0
𣷝,水,,0,0
𣷞,水,,0,0
𣷟,水,,0,0
𣷠,水,mín,2,0
𣷡,水,zhōng,1,0
𣷢,水,,0,0
𣷣,水,,0,0
𣷤,水,,0,0
𣷥,水,shuò,4,0
𣷦,水,,0,0
𣷧,水,,0,0
𣷨,水,,0,0
𣷩,水,yì,4,0
𣷪,水,wǎng,3,0
𣷫,水,áo,2,0
𣷬,水,,0,0
𣷭,水,,0,0
𣷮,水,,0,0
𣷯,水,,0,0
𣷰,水,,0,0
𣷱,水,,0,0
𣷲,水,,0,0
𣷳,水,,0,0
𣷴,水,,0,0
𣷵,水,,0,0
𣷶,水,sǔ,3,0
𣷷,水,,0,0
𣷸,水,,0,0
𣷹,水,,0,0
𣷺,水,,0,0
𣷻,水,,0,0
𣷼,水,,0,0
𣷽,水,,0,0
𣷾,水,guǐ,3,0
𣷿,水,tuǒ,3,0
𣸀,水,huǐ,3,0
𣸁,水,,0,0
𣸂,水,,0,0
𣸃,水,xù,4,0
𣸄,水,zǎn,3,0
𣸅,水,,0,0
𣸆,水,zǐ,3,0
𣸇,水,biàn,4,0
𣸈,水,,0,0
𣸉,水,dá,2,0
𣸊,水,yīn,1,0
𣸋,水,quǎn,3,0
𣸌,水,,0,0
𣸍,水,,0,0
𣸎,水,huài,4,0
𣸏,水,ná,2,0
𣸐,水,zá,2,0
𣸑,水,,0,0
𣸒,水,tí,2,0
𣸓,水,,0,0
𣸔,水,,0,0
𣸕,水,,0,0
𣸖,水,,0,0
𣸗,水,,0,0
𣸘,水,yí,2,0
𣸙,水,tān,1,0
𣸚,水,shé,2,0
𣸛,水,shuò,4,0
𣸜,水,,0,0
𣸝,水,xíng,2,0
𣸞,水,,0,0
𣸟,水,,0,0
𣸠,水,yǒu,3,0
𣸡,水,,0,0
𣸢,水,,0,0
𣸣,水,fén,2,0
𣸤,水,,0,0
𣸥,水,,0,0
𣸦,水,,0,0
𣸧,水,,0,0
𣸨,水,,0,0
𣸩,水,,0,0
𣸪,水,,0,0
𣸫,水,,0,0
𣸬,水,,0,0
𣸭,水,,0,0
𣸮,水,,0,0
𣸯,水,,0,0
𣸰,水,,0,0
𣸱,水,,0,0
𣸲,水,,0,0
𣸳,水,,0,0
𣸴,水,,0,0
𣸵,水,,0,0
𣸶,水,,0,0
𣸷,水,,0,0
𣸸,水,,0,0
𣸹,水,,0,0
𣸺,水,,0,0
𣸻,水,,0,0
𣸼,水,,0,0
𣸽,水,,0,0
𣸾,水,,0,0
𣸿,水,,0,0
𣹀,水,,0,0
𣹁,水,,0,0
𣹂,水,,0,0
𣹃,水,,0,0
𣹄,水,,0,0
𣹅,水,,0,0
𣹆,水,,0,0
𣹇,水,kè,4,0
𣹈,水,,0,0
𣹉,水,,0,0
𣹊,水,,0,0
𣹋,水,fú,2,0
𣹌,水,,0,0
𣹍,水,,0,0
𣹎,水,,0,0
𣹏,水,,0,0
𣹐,水,,0,0
𣹑,水,,0,0
𣹒,水,mǐn,3,0
𣹓,水,,0,0
𣹔,水,,0,0
𣹕,水,,0,0
𣹖,水,,0,0
𣹗,水,,0,0
𣹘,水,,0,0
𣹙,水,,0,0
𣹚,水,pì,4,0
𣹛,水,,0,0
𣹜,水,jí,2,0
𣹝,水,qiào,4,0
𣹞,水,zhǒng,3,0
𣹟,水,gàn,4,0
𣹠,水,yuān,1,0
𣹡,水,chí,2,0
𣹢,水,,0,0
𣹣,水,,0,0
𣹤,水,,0,0
𣹥,水,qiàn,4,0
𣹦,水,,0,0
𣹧,水,zuó,2,0
𣹨,水,,0,0
𣹩,水,xié,2,0
𣹪,水,máo,2,0
𣹫,水,,0,0
𣹬,水,hú,2,0
𣹭,水,,0,0
𣹮,水,pì,4,0
𣹯,水,xùn,4,0
𣹰,水,,0,0
𣹱,水,xiá,2,0
𣹲,水,tí,2,0
𣹳,水,,0,0
𣹴,水,,0,0
𣹵,水,nà,4,0
𣹶,水,chuǎ,3,0
𣹷,水,,0,0
𣹸,水,,0,0
𣹹,水,,0,0
𣹺,水,,0,0
𣹻,水,,0,0
𣹼,水,,0,0
𣹽,水,,0,0
𣹾,水,,0,0
𣹿,水,,0,0
𣺀,水,wǔ,3,0
𣺁,水,,0,0
𣺂,水,,0,0
𣺃,水,,0,0
𣺄,水,,0,0
𣺅,水,,0,0
𣺆,水,,0,0
𣺇,水,,0,0
𣺈,水,,0,0
𣺉,水,,0,0
𣺊,水,,0,0
𣺋,水,,0,0
𣺌,水,,0,0
𣺍,水,,0,0
𣺎,水,,0,0
𣺏,水,,0,0
𣺐,水,,0,0
𣺑,水,,0,0
𣺒,水,,0,0
𣺓,水,,0,0
𣺔,水,,0,0
𣺕,水,,0,0
𣺖,水,,0,0
𣺗,水,,0,0
𣺘,水,,0,0
𣺙,水,,0,0
𣺚,水,,0,0
𣺛,水,,0,0
𣺜,水,,0,0
𣺝,水,,0,0
𣺞,水,,0,0
𣺟,水,,0,0
𣺠,水,,0,0
𣺡,水,,0,0
𣺢,水,,0,0
𣺣,水,,0,0
𣺤,水,,0,0
𣺥,水,,0,0
𣺦,水,,0,0
𣺧,水,,0,0
𣺨,水,,0,0
𣺩,水,,0,0
𣺪,水,,0,0
𣺫,水,,0,0
𣺬,水,huāng,1,0
𣺭,水,xuè,4,0
𣺮,水,tào,4,0
𣺯,水,,0,0
𣺰,水,qiào,4,0
𣺱,水,,0,0
𣺲,水,,0,0
𣺳,水,jiāo,1,0
𣺴,水,,0,0
𣺵,水,,0,0
𣺶,水,,0,0
𣺷,水,,0,0
𣺸,水,,0,0
𣺹,水,,0,0
𣺺,水,,0,0
𣺻,水,,0,0
𣺼,水,dǎng,3,0
𣺽,水,bài,4,0
𣺾,水,,0,0
𣺿,水,,0,0
𣻀,水,,0,0
𣻁,水,,0,0
𣻂,水,,0,0
𣻃,水,,0,0
𣻄,水,,0,0
𣻅,水,,0,0
𣻆,水,,0,0
𣻇,水,,0,0
𣻈,水,,0,0
𣻉,水,,0,0
𣻊,水,,0,0
𣻋,水,,0,0
𣻌,水,,0,0
𣻍,水,dàng,4,0
𣻎,水,kòu,4,0
𣻏,水,,0,0
𣻐,水,jū,1,0
𣻑,水,shā,1,0
𣻒,水,jīng,1,0
𣻓,水,,0,0
𣻔,水,,0,0
𣻕,水,mó,2,0
𣻖,水,nóu,2,0
𣻗,水,,0,0
𣻘,水,shuò,4,0
𣻙,水,,0,0
𣻚,水,shù,4,0
𣻛,水,zhuāng,1,0
𣻜,水,fú,2,0
𣻝,水,,0,0
𣻞,水,,0,0
𣻟,水,zāng,1,0
𣻠,水,xié,2,0
𣻡,水,làng,4,0
𣻢,水,tōng,1,0
𣻣,水,,0,0
𣻤,水,,0,0
𣻥,水,,0,0
𣻦,水,,0,0
𣻧,水,,0,0
𣻨,水,,0,0
𣻩,水,zhé,2,0
𣻪,水,,0,0
𣻫,水,,0,0
𣻬,水,càn,4,0
𣻭,水,,0,0
𣻮,水,yuè,4,0
𣻯,水,,0,0
𣻰,水,,0,0
𣻱,水,zhòu,4,0
𣻲,水,,0,0
𣻳,水,,0,0
𣻴,水,,0,0
𣻵,水,,0,0
𣻶,水,,0,0
𣻷,水,,0,0
𣻸,水,,0,0
𣻹,水,,0,0
𣻺,水,,0,0
𣻻,水,,0,0
𣻼,水,,0,0
𣻽,水,,0,0
𣻾,水,,0,0
𣻿,水,,0,0
𣼀,水,,0,0
𣼁,水,,0,0
𣼂,水,,0,0
𣼃,水,,0,0
𣼄,水,,0,0
𣼅,水,,0,0
𣼆,水,,0,0
𣼇,水,,0,0
𣼈,水,,0,0
𣼉,水,,0,0
𣼊,水,,0,0
𣼋,水,,0,0
𣼌,水,,0,0
𣼍,水,,0,0
𣼎,水,,0,0
𣼏,水,,0,0
𣼐,水,,0,0
𣼑,水,,0,0
𣼒,水,,0,0
𣼓,水,,0,0
𣼔,水,,0,0
𣼕,水,,0,0
𣼖,水,,0,0
𣼗,水,,0,0
𣼘,水,,0,0
𣼙,彐,,0,0
𣼚,水,tān,1,0
𣼛,水,,0,0
𣼜,水,,0,0
𣼝,水,,0,0
𣼞,水,yán,2,0
𣼟,水,lù,4,0
𣼠,水,yǎn,3,0
𣼡,水,,0,0
𣼢,水,,0,0
𣼣,水,,0,0
𣼤,水,,0,0
𣼥,水,,0,0
𣼦,水,zé,2,0
𣼧,水,shuài,4,0
𣼨,水,,0,0
𣼩,水,,0,0
𣼪,水,,0,0
𣼫,水,,0,0
𣼬,水,,0,0
𣼭,水,,0,0
𣼮,水,,0,0
𣼯,水,,0,0
𣼰,水,,0,0
𣼱,水,,0,0
𣼲,水,,0,0
𣼳,水,,0,0
𣼴,水,,0,0
𣼵,水,,0,0
𣼶,水,,0,0
𣼷,水,,0,0
𣼸,水,,0,0
𣼹,水,,0,0
𣼺,水,,0,0
𣼻,水,,0,0
𣼼,水,,0,0
𣼽,水,,0,0
𣼾,水,,0,0
𣼿,水,,0,0
𣽀,水,,0,0
𣽁,水,,0,0
𣽂,水,,0,0
𣽃,水,,0,0
𣽄,水,,0,0
𣽅,水,guō,1,0
𣽆,水,zhú,2,0
𣽇,水,,0,0
𣽈,水,rú,2,0
𣽉,水,rú,2,0
𣽊,水,,0,0
𣽋,水,,0,0
𣽌,水,kǎn,3,0
𣽍,水,jì,4,0
𣽎,水,gāo,1,0
𣽏,水,,0,0
𣽐,水,,0,0
𣽑,水,,0,0
𣽒,水,xiè,4,0
𣽓,水,,0,0
𣽔,水,,0,0
𣽕,水,òu,4,0
𣽖,水,jiān,1,0
𣽗,水,,0,0
𣽘,水,,0,0
𣽙,水,,0,0
𣽚,水,zhí,2,0
𣽛,水,zhá,2,0
𣽜,水,,0,0
𣽝,水,hǒng,3,0
𣽞,水,,0,0
𣽟,水,kuǎn,3,0
𣽠,水,,0,0
𣽡,水,bó,2,0
𣽢,水,,0,0
𣽣,水,,0,0
𣽤,水,sè,4,0
𣽥,水,àn,4,0
𣽦,水,jiàn,4,0
𣽧,水,,0,0
𣽨,水,téng,2,0
𣽩,水,,0,0
𣽪,水,,0,0
𣽫,水,sōng,1,0
𣽬,水,,0,0
𣽭,水,mèng,4,0
𣽮,水,yín,2,0
𣽯,水,tān,1,0
𣽰,水,guō,1,0
𣽱,水,,0,0
𣽲,水,,0,0
𣽳,水,ruán,2,0
𣽴,水,wèi,4,0
𣽵,水,,0,0
𣽶,水,,0,0
𣽷,水,sì,4,0
𣽸,水,,0,0
𣽹,水,,0,0
𣽺,水,,0,0
𣽻,水,,0,0
𣽼,水,,0,0
𣽽,水,,0,0
𣽾,水,,0,0
𣽿,水,,0,0
𣾀,水,,0,0
𣾁,水,,0,0
𣾂,水,,0,0
𣾃,水,,0,0
𣾄,水,,0,0
𣾅,水,,0,0
𣾆,水,,0,0
𣾇,水,,0,0
𣾈,水,,0,0
𣾉,水,,0,0
𣾊,水,,0,0
𣾋,水,,0,0
𣾌,水,,0,0
𣾍,水,lián,2,0
𣾎,水,,0,0
𣾏,水,,0,0
𣾐,水,,0,0
𣾑,水,,0,0
𣾒,水,,0,0
𣾓,水,,0,0
𣾔,水,,0,0
𣾕,水,,0,0
𣾖,水,,0,0
𣾗,水,,0,0
𣾘,水,,0,0
𣾙,水,,0,0
𣾚,水,,0,0
𣾛,水,,0,0
𣾜,水,,0,0
𣾝,水,,0,0
𣾞,水,,0,0
𣾟,水,,0,0
𣾠,水,,0,0
𣾡,水,,0,0
𣾢,水,,0,0
𣾣,水,,0,0
𣾤,水,qì,4,0
𣾥,水,,0,0
𣾦,水,zhǎng,3,0
𣾧,水,,0,0
𣾨,水,,0,0
𣾩,水,,0,0
𣾪,水,,0,0
𣾫,水,,0,0
𣾬,水,,0,0
𣾭,水,,0,0
𣾮,水,,0,0
𣾯,水,,0,0
𣾰,水,,0,0
𣾱,水,,0,0
𣾲,水,,0,0
𣾳,水,,0,0
𣾴,水,,0,0
𣾵,水,,0,0
𣾶,水,,0,0
𣾷,水,,0,0
𣾸,水,,0,0
𣾹,水,,0,0
𣾺,水,,0,0
𣾻,水,,0,0
𣾼,水,,0,0
𣾽,水,,0,0
𣾾,水,,0,0
𣾿,水,,0,0
𣿀,水,,0,0
𣿁,水,,0,0
𣿂,水,,0,0
𣿃,水,,0,0
𣿄,水,,0,0
𣿅,水,dǒng,3,0
𣿆,水,fú,2,0
𣿇,水,shěn,3,0
𣿈,水,sù,4,0
𣿉,水,yì,4,0
𣿊,水,liàn,4,0
𣿋,水,,0,0
𣿌,水,hé,2,0
𣿍,水,,0,0
𣿎,水,zhēn,1,0
𣿏,水,,0,0
𣿐,水,zé,2,0
𣿑,水,,0,0
𣿒,水,cuǐ,3,0
𣿓,水,cuǐ,3,0
𣿔,水,,0,0
𣿕,水,,0,0
𣿖,水,,0,0
𣿗,水,,0,0
𣿘,水,,0,0
𣿙,水,,0,0
𣿚,水,,0,0
𣿛,水,,0,0
𣿜,水,,0,0
𣿝,水,fèng,4,0
𣿞,水,lǐ,3,0
𣿟,水,kòu,4,0
𣿠,水,,0,0
𣿡,水,,0,0
𣿢,水,,0,0
𣿣,水,xiào,4,0
𣿤,水,yǒu,3,0
𣿥,水,,0,0
𣿦,水,,0,0
𣿧,水,,0,0
𣿨,水,,0,0
𣿩,水,,0,0
𣿪,水,,0,0
𣿫,水,,0,0
𣿬,水,,0,0
𣿭,水,,0,0
𣿮,水,,0,0
𣿯,水,,0,0
𣿰,水,,0,0
𣿱,水,,0,0
𣿲,水,,0,0
𣿳,水,,0,0
𣿴,水,,0,0
𣿵,水,,0,0
𣿶,水,,0,0
𣿷,水,,0,0
𣿸,水,,0,0
𣿹,水,,0,0
𣿺,水,,0,0
𣿻,水,,0,0
𣿼,水,,0,0
𣿽,水,,0,0
𣿾,水,,0,0
𣿿,水,,0,0
𤀀,水,,0,0
𤀁,水,,0,0
𤀂,水,,0,0
𤀃,水,háo,2,0
𤀄,水,,0,0
𤀅,水,,0,0
𤀆,水,,0,0
𤀇,水,,0,0
𤀈,水,,0,0
𤀉,水,hàn,4,0
𤀊,水,kěn,3,0
𤀋,水,,0,0
𤀌,水,,0,0
𤀍,水,,0,0
𤀎,水,,0,0
𤀏,水,,0,0
𤀐,水,,0,0
𤀑,水,,0,0
𤀒,水,,0,0
𤀓,水,,0,0
𤀔,水,,0,0
𤀕,水,,0,0
𤀖,水,,0,0
𤀗,水,,0,0
𤀘,水,,0,0
𤀙,水,,0,0
𤀚,水,,0,0
𤀛,水,,0,0
𤀜,水,,0,0
𤀝,水,yù,4,0
𤀞,水,,0,0
𤀟,水,,0,0
𤀠,水,,0,0
𤀡,水,,0,0
𤀢,工,,0,0
𤀣,水,huǎn,3,0
𤀤,水,suō,1,0
𤀥,水,,0,0
𤀦,水,là,4,0
𤀧,水,,0,0
𤀨,水,dòu,4,0
𤀩,水,jiàn,4,0
𤀪,水,pō,1,0
𤀫,水,biǎn,3,0
𤀬,水,,0,0
𤀭,水,,0,0
𤀮,水,,0,0
𤀯,水,,0,0
𤀰,水,xuè,4,0
𤀱,水,,0,0
𤀲,水,biàn,4,0
𤀳,水,,0,0
𤀴,水,,0,0
𤀵,水,,0,0
𤀶,水,,0,0
𤀷,水,wèi,4,0
𤀸,水,,0,0
𤀹,水,,0,0
𤀺,水,,0,0
𤀻,水,,0,0
𤀼,水,,0,0
𤀽,水,,0,0
𤀾,水,,0,0
𤀿,水,,0,0
𤁀,水,,0,0
𤁁,水,,0,0
𤁂,水,,0,0
𤁃,水,,0,0
𤁄,水,,0,0
𤁅,水,,0,0
𤁆,水,,0,0
𤁇,水,,0,0
𤁈,水,,0,0
𤁉,水,,0,0
𤁊,水,,0,0
𤁋,水,,0,0
𤁌,水,,0,0
𤁍,水,,0,0
𤁎,水,,0,0
𤁏,水,,0,0
𤁐,水,,0,0
𤁑,水,,0,0
𤁒,水,,0,0
𤁓,水,,0,0
𤁔,水,,0,0
𤁕,水,,0,0
𤁖,水,,0,0
𤁗,水,,0,0
𤁘,水,,0,0
𤁙,水,,0,0
𤁚,水,,0,0
𤁛,水,,0,0
𤁜,水,,0,0
𤁝,水,,0,0
𤁞,水,,0,0
𤁟,水,,0,0
𤁠,水,,0,0
𤁡,水,dàn,4,0
𤁢,水,jié,2,0
𤁣,水,bài,4,0
𤁤,水,,0,0
𤁥,水,niǎn,3,0
𤁦,水,xiàn,4,0
𤁧,水,sè,4,0
𤁨,水,,0,0
𤁩,水,,0,0
𤁪,水,huá,2,0
𤁫,水,chuā,1,0
𤁬,水,,0,0
𤁭,水,,0,0
𤁮,水,òu,4,0
𤁯,水,liè,4,0
𤁰,水,dí,2,0
𤁱,水,cài,4,0
𤁲,水,,0,0
𤁳,水,zhá,2,0
𤁴,水,,0,0
𤁵,水,lǘ,2,0
𤁶,水,,0,0
𤁷,水,,0,0
𤁸,水,,0,0
𤁹,水,huò,4,0
𤁺,水,,0,0
𤁻,水,,0,0
𤁼,水,lì,4,0
𤁽,水,yǐng,3,0
𤁾,水,,0,0
𤁿,水,wěi,3,0
𤂀,水,bì,4,0
𤂁,水,guó,2,0
𤂂,水,,0,0
𤂃,水,pì,4,0
𤂄,水,,0,0
𤂅,水,,0,0
𤂆,水,biāo,1,0
𤂇,水,,0,0
𤂈,水,,0,0
𤂉,水,,0,0
𤂊,水,,0,0
𤂋,水,,0,0
𤂌,水,,0,0
𤂍,水,,0,0
𤂎,水,,0,0
𤂏,水,,0,0
𤂐,水,,0,0
𤂑,水,,0,0
𤂒,水,,0,0
𤂓,水,,0,0
𤂔,水,,0,0
𤂕,水,,0,0
𤂖,水,,0,0
𤂗,水,,0,0
𤂘,水,,0,0
𤂙,水,,0,0
𤂚,水,,0,0
𤂛,水,,0,0
𤂜,水,,0,0
𤂝,水,,0,0
𤂞,水,,0,0
𤂟,水,,0,0
𤂠,水,yǎn,3,0
𤂡,水,,0,0
𤂢,水,,0,0
𤂣,水,,0,0
𤂤,水,zhuàn,4,0
𤂥,水,,0,0
𤂦,水,,0,0
𤂧,水,,0,0
𤂨,水,,0,0
𤂩,水,,0,0
𤂪,水,,0,0
𤂫,水,,0,0
𤂬,水,,0,0
𤂭,水,,0,0
𤂮,水,,0,0
𤂯,水,,0,0
𤂰,水,,0,0
𤂱,水,,0,0
𤂲,水,hóng,2,0
𤂳,水,,0,0
𤂴,水,,0,0
𤂵,水,,0,0
𤂶,水,lìn,4,0
𤂷,水,è,4,0
𤂸,水,,0,0
𤂹,水,yǐn,3,0
𤂺,水,làn,4,0
𤂻,水,,0,0
𤂼,水,yào,4,0
𤂽,水,,0,0
𤂾,水,,0,0
𤂿,水,xuàn,4,0
𤃀,水,lì,4,0
𤃁,水,,0,0
𤃂,水,,0,0
𤃃,水,,0,0
𤃄,水,,0,0
𤃅,水,,0,0
𤃆,水,,0,0
𤃇,水,,0,0
𤃈,水,,0,0
𤃉,水,,0,0
𤃊,水,,0,0
𤃋,水,,0,0
𤃌,水,,0,0
𤃍,水,,0,0
𤃎,水,,0,0
𤃏,水,,0,0
𤃐,水,,0,0
𤃑,水,,0,0
𤃒,水,,0,0
𤃓,水,,0,0
𤃔,水,,0,0
𤃕,水,,0,0
𤃖,水,,0,0
𤃗,水,,0,0
𤃘,水,,0,0
𤃙,水,,0,0
𤃚,水,,0,0
𤃛,水,,0,0
𤃜,水,,0,0
𤃝,水,,0,0
𤃞,水,,0,0
𤃟,水,,0,0
𤃠,水,,0,0
𤃡,水,,0,0
𤃢,水,,0,0
𤃣,水,,0,0
𤃤,水,,0,0
𤃥,水,,0,0
𤃦,水,,0,0
𤃧,水,,0,0
𤃨,水,làn,4,0
𤃩,水,líng,2,0
𤃪,水,xī,1,0
𤃫,水,hōng,1,0
𤃬,水,,0,0
𤃭,水,jiǎo,3,0
𤃮,水,zhuó,2,0
𤃯,水,,0,0
𤃰,水,,0,0
𤃱,水,,0,0
𤃲,水,zhí,2,0
𤃳,水,,0,0
𤃴,水,,0,0
𤃵,水,bó,2,0
𤃶,水,tēng,1,0
𤃷,水,ǎn,3,0
𤃸,水,,0,0
𤃹,水,,0,0
𤃺,水,xún,2,0
𤃻,水,lěi,3,0
𤃼,水,zāng,1,0
𤃽,水,huǐ,3,0
𤃾,水,,0,0
𤃿,水,,0,0
𤄀,水,,0,0
𤄁,水,,0,0
𤄂,水,,0,0
𤄃,水,,0,0
𤄄,水,,0,0
𤄅,水,,0,0
𤄆,水,,0,0
𤄇,水,,0,0
𤄈,水,,0,0
𤄉,水,,0,0
𤄊,水,,0,0
𤄋,水,,0,0
𤄌,水,,0,0
𤄍,水,,0,0
𤄎,水,xì,4,0
𤄏,水,hóng,2,0
𤄐,水,,0,0
𤄑,水,fàn,4,0
𤄒,水,jiǎn,3,0
𤄓,水,cóng,2,0
𤄔,水,zá,2,0
𤄕,水,,0,0
𤄖,水,cā,1,0
𤄗,水,,0,0
𤄘,水,yōu,1,0
𤄙,水,,0,0
𤄚,水,,0,0
𤄛,水,duì,4,0
𤄜,水,pān,1,0
𤄝,水,,0,0
𤄞,水,,0,0
𤄟,水,,0,0
𤄠,水,,0,0
𤄡,水,,0,0
𤄢,水,,0,0
𤄣,水,,0,0
𤄤,水,,0,0
𤄥,水,tà,4,0
𤄦,水,,0,0
𤄧,水,pàn,4,0
𤄨,水,,0,0
𤄩,水,,0,0
𤄪,水,,0,0
𤄫,水,fān,1,0
𤄬,水,xī,1,0
𤄭,水,,0,0
𤄮,水,,0,0
𤄯,水,,0,0
𤄰,水,,0,0
𤄱,水,,0,0
𤄲,水,,0,0
𤄳,水,,0,0
𤄴,水,,0,0
𤄵,水,,0,0
𤄶,水,yào,4,0
𤄷,水,luó,2,0
𤄸,水,,0,0
𤄹,水,,0,0
𤄺,水,biān,1,0
𤄻,水,,0,0
𤄼,水,jìn,4,0
𤄽,水,lì,4,0
𤄾,水,,0,0
𤄿,水,,0,0
𤅀,水,,0,0
𤅁,水,,0,0
𤅂,水,,0,0
𤅃,水,,0,0
𤅄,水,,0,0
𤅅,水,,0,0
𤅆,水,,0,0
𤅇,水,,0,0
𤅈,水,,0,0
𤅉,水,,0,0
𤅊,水,yàn,4,0
𤅋,水,dòu,4,0
𤅌,水,,0,0
𤅍,水,,0,0
𤅎,水,màn,4,0
𤅏,水,,0,0
𤅐,水,gōng,1,0
𤅑,水,rǎng,3,0
𤅒,水,càn,4,0
𤅓,水,,0,0
𤅔,水,,0,0
𤅕,水,,0,0
𤅖,水,,0,0
𤅗,水,,0,0
𤅘,水,,0,0
𤅙,水,,0,0
𤅚,水,,0,0
𤅛,水,,0,0
𤅜,水,,0,0
𤅝,水,,0,0
𤅞,水,,0,0
𤅟,水,,0,0
𤅠,水,,0,0
𤅡,水,,0,0
𤅢,水,,0,0
𤅣,水,mén,2,0
𤅤,水,,0,0
𤅥,水,,0,0
𤅦,水,,0,0
𤅧,水,,0,0
𤅨,水,,0,0
𤅩,水,,0,0
𤅪,水,,0,0
𤅫,水,,0,0
𤅬,水,,0,0
𤅭,水,,0,0
𤅮,水,,0,0
𤅯,水,,0,0
𤅰,水,,0,0
𤅱,水,gǔ,3,0
𤅲,水,shuàn,4,0
𤅳,水,,0,0
𤅴,水,,0,0
𤅵,水,,0,0
𤅶,水,,0,0
𤅷,水,,0,0
𤅸,水,yán,2,0
𤅹,水,bì,4,0
𤅺,水,,0,0
𤅻,水,,0,0
𤅼,水,,0,0
𤅽,水,,0,0
𤅾,水,,0,0
𤅿,水,,0,0
𤆀,水,biāo,1,0
𤆁,水,chéng,2,0
𤆂,火,kuì,4,0
𤆃,火,,0,0
𤆄,火,huǒ,3,0
𤆅,火,,0,0
𤆆,火,,0,0
𤆇,火,,0,0
𤆈,火,,0,0
𤆉,火,,0,0
𤆊,火,,0,0
𤆋,火,,0,0
𤆌,火,,0,0
𤆍,火,chì,4,0
𤆎,火,,0,0
𤆏,火,wò,4,0
𤆐,火,,0,0
𤆑,火,còu,4,0
𤆒,火,zhì,4,0
𤆓,火,,0,0
𤆔,火,,0,0
𤆕,火,,0,0
𤆖,火,,0,0
𤆗,火,,0,0
𤆘,火,,0,0
𤆙,火,shuǐ,3,0
𤆚,火,,0,0
𤆛,火,,0,0
𤆜,火,guà,4,0
𤆝,火,pū,1,0
𤆞,火,xù,4,0
𤆟,火,sī,1,0
𤆠,火,,0,0
𤆡,火,wǔ,3,0
𤆢,火,lún,2,0
𤆣,火,,0,0
𤆤,火,,0,0
𤆥,火,,0,0
𤆦,火,,0,0
𤆧,火,,0,0
𤆨,火,,0,0
𤆩,火,,0,0
𤆪,火,,0,0
𤆫,火,,0,0
𤆬,火,,0,0
𤆭,火,,0,0
𤆮,火,fū,1,0
𤆯,火,,0,0
𤆰,火,shì,4,0
𤆱,火,,0,0
𤆲,火,,0,0
𤆳,火,huì,4,0
𤆴,火,huāng,1,0
𤆵,火,pā,1,0
𤆶,火,,0,0
𤆷,火,,0,0
𤆸,火,,0,0
𤆹,火,,0,0
𤆺,火,,0,0
𤆻,火,,0,0
𤆼,火,zhǔ,3,0
𤆽,火,,0,0
𤆾,火,yí,2,0
𤆿,火,,0,0
𤇀,火,,0,0
𤇁,火,,0,0
𤇂,火,,0,0
𤇃,火,lì,4,0
𤇄,火,shǎn,3,0
𤇅,火,,0,0
𤇆,火,,0,0
𤇇,火,,0,0
𤇈,火,,0,0
𤇉,火,,0,0
𤇊,火,,0,0
𤇋,火,,0,0
𤇌,火,,0,0
𤇍,火,,0,0
𤇎,火,,0,0
𤇏,火,,0,0
𤇐,火,,0,0
𤇑,火,,0,0
𤇒,火,,0,0
𤇓,火,,0,0
𤇔,火,,0,0
𤇕,火,,0,0
𤇖,火,,0,0
𤇗,火,,0,0
𤇘,火,,0,0
𤇙,火,,0,0
𤇚,火,,0,0
𤇛,火,,0,0
𤇜,火,mín,2,0
𤇝,火,,0,0
𤇞,火,gē,1,0
𤇟,火,,0,0
𤇠,火,hū,1,0
𤇡,火,,0,0
𤇢,火,,0,0
𤇣,火,,0,0
𤇤,火,,0,0
𤇥,火,,0,0
𤇦,火,,0,0
𤇧,火,,0,0
𤇨,火,,0,0
𤇩,火,,0,0
𤇪,火,,0,0
𤇫,火,,0,0
𤇬,火,,0,0
𤇭,火,lóng,2,0
𤇮,火,,0,0
𤇯,火,ēn,1,0
𤇰,火,fá,2,0
𤇱,火,,0,0
𤇲,火,,0,0
𤇳,火,xù,4,0
𤇴,火,yí,2,0
𤇵,火,,0,0
𤇶,火,,0,0
𤇷,火,,0,0
𤇸,火,,0,0
𤇹,火,,0,0
𤇺,火,,0,0
𤇻,火,,0,0
𤇼,火,,0,0
𤇽,火,,0,0
𤇾,火,yìng,4,0
𤇿,火,,0,0
𤈀,火,,0,0
𤈁,火,,0,0
𤈂,火,,0,0
𤈃,火,,0,0
𤈄,火,,0,0
𤈅,火,,0,0
𤈆,火,,0,0
𤈇,火,,0,0
𤈈,火,,0,0
𤈉,火,,0,0
𤈊,火,,0,0
𤈎,火,,0,0
𤈏,火,,0,0
𤈐,火,,0,0
𤈑,火,,0,0
𤈒,火,,0,0
𤈓,火,,0,0
𤈔,火,chí,2,0
𤈕,火,,0,0
𤈖,火,,0,0
𤈗,火,,0,0
𤈘,火,,0,0
𤈙,火,yí,2,0
𤈚,火,,0,0
𤈛,火,,0,0
𤈜,火,,0,0
𤈝,火,,0,0
𤈞,火,,0,0
𤈟,火,,0,0
𤈠,火,,0,0
𤈡,火,,0,0
𤈢,火,,0,0
𤈣,火,,0,0
𤈤,火,,0,0
𤈥,火,dí,2,0
𤈦,火,huǐ,3,0
𤈧,火,hé,2,0
𤈨,火,,0,0
𤈩,火,zhǎ,3,0
𤈪,火,,0,0
𤈫,火,,0,0
𤈬,火,,0,0
𤈭,火,,0,0
𤈮,火,,0,0
𤈯,火,,0,0
𤈰,火,,0,0
𤈱,火,,0,0
𤈲,火,,0,0
𤈳,火,,0,0
𤈴,火,,0,0
𤈵,火,,0,0
𤈶,火,yún,2,0
𤈷,火,xiān,1,0
𤈸,火,,0,0
𤈹,火,,0,0
𤈺,火,,0,0
𤈻,火,,0,0
𤈼,火,,0,0
𤈽,火,,0,0
𤈾,火,,0,0
𤈿,火,,0,0
𤉀,火,,0,0
𤉁,火,,0,0
𤉂,火,,0,0
𤉃,火,,0,0
𤉄,火,,0,0
𤉅,火,,0,0
𤉆,火,,0,0
𤉇,火,,0,0
𤉈,火,,0,0
𤉉,火,,0,0
𤉊,火,,0,0
𤉋,火,,0,0
𤉌,火,xián,2,0
𤉍,火,lào,4,0
𤉎,火,shào,4,0
𤉏,火,shì,4,0
𤉐,火,zhuó,2,0
𤉑,火,,0,0
𤉒,火,,0,0
𤉓,火,,0,0
𤉔,火,,0,0
𤉕,火,,0,0
𤉖,火,,0,0
𤉗,火,,0,0
𤉘,火,,0,0
𤉙,火,,0,0
𤉚,火,,0,0
𤉛,火,,0,0
𤉜,火,,0,0
𤉝,火,,0,0
𤉞,火,,0,0
𤉟,火,,0,0
𤉠,火,,0,0
𤉡,火,,0,0
𤉢,火,,0,0
𤉣,火,,0,0
𤉤,火,biē,1,0
𤉥,火,jiǔ,3,0
𤉦,火,wō,1,0
𤉧,火,jiǎo,3,0
𤉨,火,fú,2,0
𤉩,火,,0,0
𤉪,火,xiāng,1,0
𤉫,火,kài,4,0
𤉬,火,,0,0
𤉭,火,,0,0
𤉮,火,,0,0
𤉯,火,,0,0
𤉰,火,,0,0
𤉱,火,,0,0
𤉲,火,,0,0
𤉳,火,,0,0
𤉴,火,,0,0
𤉵,火,,0,0
𤉶,火,,0,0
𤉷,火,,0,0
𤉸,火,,0,0
𤉹,火,,0,0
𤉺,火,,0,0
𤉻,火,,0,0
𤉼,火,,0,0
𤉽,火,,0,0
𤉾,火,,0,0
𤉿,火,,0,0
𤊀,火,,0,0
𤊁,火,,0,0
𤊂,火,,0,0
𤊃,火,,0,0
𤊄,火,,0,0
𤊅,火,,0,0
𤊆,火,,0,0
𤊇,火,,0,0
𤊈,火,,0,0
𤊉,火,,0,0
𤊊,火,,0,0
𤊋,火,,0,0
𤊌,火,,0,0
𤊍,火,,0,0
𤊎,火,,0,0
𤊏,火,,0,0
𤊐,火,,0,0
𤊑,火,,0,0
𤊒,火,,0,0
𤊓,火,,0,0
𤊔,火,,0,0
𤊕,火,,0,0
𤊖,火,,0,0
𤊗,火,,0,0
𤊘,火,,0,0
𤊙,火,,0,0
𤊚,火,,0,0
𤊛,火,,0,0
𤊜,火,,0,0
𤊝,火,,0,0
𤊞,火,,0,0
𤊟,火,,0,0
𤊠,火,,0,0
𤊡,火,,0,0
𤊢,火,,0,0
𤊣,火,,0,0
𤊤,火,,0,0
𤊥,火,,0,0
𤊦,火,,0,0
𤊧,火,,0,0
𤊨,火,,0,0
𤊩,火,,0,0
𤊪,火,,0,0
𤊫,火,,0,0
𤊬,火,,0,0
𤊭,火,,0,0
𤊮,火,,0,0
𤊯,火,,0,0
𤊰,火,,0,0
𤊱,火,,0,0
𤊲,火,nǎo,3,0
𤊳,火,,0,0
𤊴,火,huò,4,0
𤊵,火,jí,2,0
𤊶,火,là,4,0
𤊷,火,,0,0
𤊸,火,,0,0
𤊹,火,,0,0
𤊺,火,,0,0
𤊻,火,fōu,1,0
𤊼,火,shǎn,3,0
𤊽,火,liào,4,0
𤊾,火,miè,4,0
𤊿,火,chè,4,0
𤋀,火,,0,0
𤋁,火,,0,0
𤋂,火,mó,2,0
𤋃,火,,0,0
𤋄,火,,0,0
𤋅,火,,0,0
𤋆,火,,0,0
𤋇,火,,0,0
𤋈,火,,0,0
𤋉,火,,0,0
𤋊,火,,0,0
𤋋,火,,0,0
𤋌,火,,0,0
𤋍,火,,0,0
𤋎,火,,0,0
𤋏,火,lóu,2,0
𤋐,火,,0,0
𤋑,火,,0,0
𤋒,火,,0,0
𤋓,火,,0,0
𤋔,火,,0,0
𤋕,火,,0,0
𤋖,火,,0,0
𤋗,火,,0,0
𤋘,火,,0,0
𤋙,火,,0,0
𤋚,火,,0,0
𤋛,火,,0,0
𤋜,火,,0,0
𤋝,火,,0,0
𤋞,火,,0,0
𤋟,火,,0,0
𤋠,火,,0,0
𤋡,火,,0,0
𤋢,火,,0,0
𤋣,火,,0,0
𤋤,火,,0,0
𤋥,火,,0,0
𤋦,火,,0,0
𤋧,火,,0,0
𤋨,火,duò,4,0
𤋩,火,,0,0
𤋪,火,,0,0
𤋫,火,nǎo,3,0
𤋬,火,,0,0
𤋭,火,jī,1,0
𤋮,火,,0,0
𤋯,火,,0,0
𤋰,火,zhù,4,0
𤋱,火,,0,0
𤋲,火,,0,0
𤋳,魚,,0,0
𤋴,火,,0,0
𤋵,火,,0,0
𤋶,火,,0,0
𤋷,火,,0,0
𤋸,火,,0,0
𤋹,火,,0,0
𤋺,火,,0,0
𤋻,火,,0,0
𤋼,火,,0,0
𤋽,火,,0,0
𤋾,火,,0,0
𤋿,火,,0,0
𤌀,火,,0,0
𤌁,火,,0,0
𤌂,火,sù,4,0
𤌃,火,duò,4,0
𤌄,火,,0,0
𤌅,火,,0,0
𤌆,火,,0,0
𤌇,火,jiǒng,3,0
𤌈,火,,0,0
𤌉,火,,0,0
𤌊,火,zǎi,3,0
𤌋,火,huǐ,3,0
𤌌,火,yǐng,3,0
𤌍,火,hú,2,0
𤌎,火,lìn,4,0
𤌏,火,wěng,3,0
𤌐,火,hàn,4,0
𤌑,火,,0,0
𤌒,火,,0,0
𤌓,火,,0,0
𤌔,火,nán,2,0
𤌕,火,,0,0
𤌖,火,,0,0
𤌗,火,,0,0
𤌘,火,,0,0
𤌙,火,,0,0
𤌚,火,,0,0
𤌛,火,,0,0
𤌜,火,,0,0
𤌝,火,,0,0
𤌞,火,,0,0
𤌟,火,,0,0
𤌠,火,,0,0
𤌡,火,,0,0
𤌢,火,,0,0
𤌣,火,,0,0
𤌤,火,,0,0
𤌥,火,,0,0
𤌦,火,,0,0
𤌧,火,,0,0
𤌨,火,,0,0
𤌩,火,,0,0
𤌪,火,,0,0
𤌫,火,,0,0
𤌬,火,,0,0
𤌭,火,,0,0
𤌮,火,,0,0
𤌯,火,,0,0
𤌰,火,,0,0
𤌱,火,,0,0
𤌲,火,,0,0
𤌳,火,,0,0
𤌴,火,,0,0
𤌵,火,,0,0
𤌶,火,,0,0
𤌷,火,xì,4,0
𤌸,火,,0,0
𤌹,火,gàn,4,0
𤌺,火,,0,0
𤌻,火,,0,0
𤌼,火,,0,0
𤌽,火,,0,0
𤌾,火,hè,4,0
𤌿,火,jī,1,0
𤍀,火,xiǎng,3,0
𤍁,火,shā,1,0
𤍂,火,,0,0
𤍃,火,,0,0
𤍄,火,,0,0
𤍅,火,,0,0
𤍆,火,,0,0
𤍇,火,,0,0
𤍈,火,,0,0
𤍉,火,,0,0
𤍊,火,,0,0
𤍋,火,,0,0
𤍌,火,,0,0
𤍍,火,,0,0
𤍎,火,,0,0
𤍏,火,,0,0
𤍐,火,tuì,4,0
𤍑,火,,0,0
𤍒,火,zhāo,1,0
𤍓,火,shù,4,0
𤍔,火,,0,0
𤍕,火,yǒu,3,0
𤍖,火,jiān,1,0
𤍗,火,,0,0
𤍘,火,,0,0
𤍙,火,,0,0
𤍚,火,,0,0
𤍛,火,,0,0
𤍜,火,zào,4,0
𤍝,火,,0,0
𤍞,火,,0,0
𤍟,火,,0,0
𤍠,火,rè,4,0
𤍡,火,,0,0
𤍢,火,,0,0
𤍣,火,,0,0
𤍤,火,zhāng,1,0
𤍥,火,,0,0
𤍦,火,,0,0
𤍧,火,,0,0
𤍨,火,,0,0
𤍩,火,,0,0
𤍪,火,,0,0
𤍫,火,,0,0
𤍬,火,,0,0
𤍭,火,,0,0
𤍮,火,,0,0
𤍯,火,,0,0
𤍰,火,,0,0
𤍱,火,,0,0
𤍲,火,,0,0
𤍳,火,,0,0
𤍴,火,,0,0
𤍵,火,,0,0
𤍶,火,,0,0
𤍷,火,,0,0
𤍸,火,,0,0
𤍹,火,,0,0
𤍺,火,,0,0
𤍻,火,,0,0
𤍼,火,,0,0
𤍽,火,ruò,4,0
𤍾,火,,0,0
𤍿,火,,0,0
𤎀,艸,,0,0
𤎁,火,,0,0
𤎂,面,,0,0
𤎃,火,,0,0
𤎄,火,yān,1,0
𤎅,火,,0,0
𤎆,火,,0,0
𤎇,火,,0,0
𤎈,火,,0,0
𤎉,火,,0,0
𤎊,火,,0,0
𤎋,火,cuì,4,0
𤎌,火,,0,0
𤎍,火,,0,0
𤎎,火,,0,0
𤎏,火,,0,0
𤎐,火,,0,0
𤎑,火,,0,0
𤎒,火,,0,0
𤎓,火,,0,0
𤎔,火,,0,0
𤎕,火,,0,0
𤎖,火,,0,0
𤎗,火,jí,2,0
𤎘,火,shāng,1,0
𤎙,火,,0,0
𤎚,火,,0,0
𤎛,火,,0,0
𤎜,火,,0,0
𤎝,火,,0,0
𤎞,火,,0,0
𤎟,火,,0,0
𤎠,火,,0,0
𤎡,火,,0,0
𤎢,火,,0,0
𤎣,火,è,4,0
𤎤,火,láo,2,0
𤎥,火,tǎn,3,0
𤎦,火,,0,0
𤎧,火,zhù,4,0
𤎨,火,,0,0
𤎩,火,,0,0
𤎪,火,,0,0
𤎫,火,,0,0
𤎬,火,,0,0
𤎭,火,lǐn,3,0
𤎮,火,,0,0
𤎯,火,zēng,1,0
𤎰,火,,0,0
𤎱,火,juǎn,3,0
𤎲,火,hū,1,0
𤎳,火,,0,0
𤎴,火,,0,0
𤎵,火,,0,0
𤎶,火,,0,0
𤎷,火,,0,0
𤎸,火,,0,0
𤎺,火,,0,0
𤎻,火,xiāo,1,0
𤎼,火,,0,0
𤎽,火,,0,0
𤎾,火,,0,0
𤎿,火,,0,0
𤏀,火,,0,0
𤏁,火,,0,0
𤏂,火,,0,0
𤏃,火,,0,0
𤏄,火,,0,0
𤏅,火,,0,0
𤏆,火,,0,0
𤏇,火,,0,0
𤏈,火,,0,0
𤏉,火,,0,0
𤏊,火,,0,0
𤏋,火,,0,0
𤏌,火,,0,0
𤏍,火,,0,0
𤏎,火,,0,0
𤏏,火,,0,0
𤏐,火,,0,0
𤏑,火,,0,0
𤏒,火,,0,0
𤏓,火,,0,0
𤏔,火,,0,0
𤏕,火,,0,0
𤏖,火,,0,0
𤏗,火,shěn,3,0
𤏘,火,huò,4,0
𤏙,火,,0,0
𤏚,火,,0,0
𤏛,火,,0,0
𤏜,火,kuì,4,0
𤏝,火,,0,0
𤏞,火,,0,0
𤏟,火,,0,0
𤏠,大,,0,0
𤏡,火,,0,0
𤏢,火,,0,0
𤏣,火,,0,0
𤏤,火,,0,0
𤏥,火,,0,0
𤏦,火,,0,0
𤏧,火,,0,0
𤏨,火,,0,0
𤏩,火,,0,0
𤏪,火,,0,0
𤏫,火,,0,0
𤏬,火,,0,0
𤏭,火,,0,0
𤏮,火,,0,0
𤏯,火,,0,0
𤏰,火,,0,0
𤏱,火,chù,4,0
𤏲,火,zhòu,4,0
𤏳,火,,0,0
𤏴,火,,0,0
𤏵,火,,0,0
𤏶,火,āo,1,0
𤏷,火,,0,0
𤏸,火,zhuó,2,0
𤏹,火,,0,0
𤏺,火,,0,0
𤏻,火,,0,0
𤏼,火,,0,0
𤏽,火,xīng,1,0
𤏾,火,,0,0
𤏿,火,miè,4,0
𤐀,火,hū,1,0
𤐁,火,,0,0
𤐂,火,,0,0
𤐃,火,,0,0
𤐄,火,,0,0
𤐅,火,,0,0
𤐆,火,,0,0
𤐇,火,,0,0
𤐈,火,,0,0
𤐉,火,,0,0
𤐊,火,,0,0
𤐋,火,,0,0
𤐌,火,,0,0
𤐍,火,,0,0
𤐎,火,,0,0
𤐏,火,,0,0
𤐐,火,,0,0
𤐑,火,,0,0
𤐒,火,,0,0
𤐓,火,,0,0
𤐔,火,tán,2,0
𤐕,火,,0,0
𤐖,火,,0,0
𤐗,火,,0,0
𤐘,火,,0,0
𤐙,火,bì,4,0
𤐚,火,,0,0
𤐛,火,,0,0
𤐜,火,,0,0
𤐝,火,,0,0
𤐞,火,,0,0
𤐟,火,,0,0
𤐠,火,,0,0
𤐡,火,,0,0
𤐢,火,,0,0
𤐣,火,dǐng,3,0
𤐤,火,,0,0
𤐥,火,,0,0
𤐦,火,,0,0
𤐧,火,,0,0
𤐨,火,,0,0
𤐩,火,kài,4,0
𤐪,火,,0,0
𤐫,火,biāo,1,0
𤐬,火,,0,0
𤐭,火,,0,0
𤐮,火,,0,0
𤐯,火,,0,0
𤐰,火,huò,4,0
𤐱,火,liè,4,0
𤐲,火,cuàn,4,0
𤐳,火,,0,0
𤐴,火,,0,0
𤐵,火,,0,0
𤐶,火,,0,0
𤐷,火,,0,0
𤐸,火,,0,0
𤐹,火,,0,0
𤐺,火,,0,0
𤐻,火,,0,0
𤐼,火,,0,0
𤐽,火,,0,0
𤐾,火,,0,0
𤐿,火,,0,0
𤑀,火,,0,0
𤑁,火,,0,0
𤑂,火,,0,0
𤑃,肉,xiàn,4,0
𤑄,火,rè,4,0
𤑅,火,,0,0
𤑆,火,,0,0
𤑇,火,,0,0
𤑈,火,,0,0
𤑉,火,,0,0
𤑊,火,,0,0
𤑋,火,,0,0
𤑌,火,,0,0
𤑍,火,,0,0
𤑎,火,,0,0
𤑏,火,,0,0
𤑐,火,,0,0
𤑑,火,,0,0
𤑒,火,,0,0
𤑓,火,yuè,4,0
𤑔,火,,0,0
𤑕,火,xūn,1,0
𤑖,火,,0,0
𤑗,火,liǎo,3,0
𤑘,火,,0,0
𤑙,火,,0,0
𤑚,火,,0,0
𤑛,火,,0,0
𤑜,火,,0,0
𤑝,火,,0,0
𤑞,火,,0,0
𤑟,火,,0,0
𤑠,火,,0,0
𤑡,火,,0,0
𤑢,火,,0,0
𤑣,火,shā,1,0
𤑤,火,,0,0
𤑥,火,,0,0
𤑦,火,shì,4,0
𤑧,火,,0,0
𤑨,火,,0,0
𤑩,火,,0,0
𤑪,火,xiè,4,0
𤑫,火,,0,0
𤑬,火,,0,0
𤑭,火,,0,0
𤑮,火,,0,0
𤑯,火,,0,0
𤑰,火,,0,0
𤑱,火,,0,0
𤑲,火,,0,0
𤑳,火,xiāo,1,0
𤑴,火,,0,0
𤑵,火,,0,0
𤑶,火,,0,0
𤑷,火,yé,2,0
𤑸,火,lǎn,3,0
𤑹,火,yì,4,0
𤑺,火,,0,0
𤑻,火,,0,0
𤑼,火,,0,0
𤑽,火,,0,0
𤑾,火,,0,0
𤑿,火,liǎn,3,0
𤒀,火,,0,0
𤒁,火,,0,0
𤒂,火,,0,0
𤒃,火,,0,0
𤒄,火,,0,0
𤒅,火,,0,0
𤒆,火,,0,0
𤒇,火,,0,0
𤒈,火,,0,0
𤒉,火,,0,0
𤒊,火,,0,0
𤒋,火,,0,0
𤒌,火,,0,0
𤒍,火,,0,0
𤒎,火,,0,0
𤒏,火,,0,0
𤒐,火,,0,0
𤒑,火,,0,0
𤒒,火,,0,0
𤒓,火,,0,0
𤒔,火,bó,2,0
𤒕,火,cāo,1,0
𤒖,火,,0,0
𤒗,火,,0,0
𤒘,火,,0,0
𤒙,火,,0,0
𤒚,火,,0,0
𤒛,火,,0,0
𤒜,火,,0,0
𤒝,火,yào,4,0
𤒞,火,,0,0
𤒟,火,,0,0
𤒠,火,,0,0
𤒡,火,,0,0
𤒢,火,,0,0
𤒣,火,,0,0
𤒤,火,,0,0
𤒥,火,,0,0
𤒦,火,liàn,4,0
𤒧,火,,0,0
𤒨,火,,0,0
𤒩,火,,0,0
𤒪,火,,0,0
𤒫,火,,0,0
𤒬,火,,0,0
𤒭,火,,0,0
𤒮,火,,0,0
𤒯,火,,0,0
𤒰,火,,0,0
𤒱,火,,0,0
𤒲,火,,0,0
𤒳,火,,0,0
𤒴,火,,0,0
𤒵,火,,0,0
𤒶,火,,0,0
𤒷,火,,0,0
𤒸,火,,0,0
𤒹,火,,0,0
𤒺,火,,0,0
𤒻,火,tà,4,0
𤒼,火,,0,0
𤒽,火,,0,0
𤒾,火,,0,0
𤒿,火,,0,0
𤓀,火,,0,0
𤓁,火,,0,0
𤓂,火,,0,0
𤓃,火,,0,0
𤓄,火,,0,0
𤓅,火,,0,0
𤓆,火,,0,0
𤓇,火,,0,0
𤓈,火,,0,0
𤓉,火,,0,0
𤓊,火,,0,0
𤓋,火,,0,0
𤓌,火,,0,0
𤓍,火,,0,0
𤓎,火,,0,0
𤓏,肉,,0,0
𤓐,火,,0,0
𤓑,火,jì,4,0
𤓒,火,,0,0
𤓓,火,,0,0
𤓔,火,xī,1,0
𤓕,火,zhì,4,0
𤓖,火,,0,0
𤓗,火,,0,0
𤓘,火,,0,0
𤓙,火,,0,0
𤓚,火,xī,1,0
𤓛,火,,0,0
𤓜,火,,0,0
𤓝,火,yuè,4,0
𤓞,火,,0,0
𤓟,臼,,0,0
𤓠,火,,0,0
𤓡,火,,0,0
𤓢,火,,0,0
𤓣,火,,0,0
𤓤,火,xiǎn,3,0
𤓥,火,,0,0
𤓦,火,zhuò,4,0
𤓧,火,,0,0
𤓨,火,,0,0
𤓩,火,,0,0
𤓪,火,,0,0
𤓫,火,,0,0
𤓬,火,,0,0
𤓭,火,,0,0
𤓮,火,,0,0
𤓯,爪,zhǎng,3,0
𤓰,爪,,0,0
𤓱,爪,,0,0
𤓲,爪,,0,0
𤓳,爪,,0,0
𤓴,爪,,0,0
𤓵,爪,zǔ,3,0
𤓶,爪,,0,0
𤓷,爪,ná,2,0
𤓸,爪,,0,0
𤓹,爪,,0,0
𤓺,爪,,0,0
𤓻,爪,,0,0
𤓼,爪,,0,0
𤓽,爪,,0,0
𤓾,爪,dào,4,0
𤓿,爪,liè,4,0
𤔀,爪,ná,2,0
𤔁,爪,,0,0
𤔂,爪,,0,0
𤔃,爪,,0,0
𤔄,爪,,0,0
𤔅,爪,,0,0
𤔆,爪,,0,0
𤔇,爪,,0,0
𤔈,爪,,0,0
𤔉,爪,páo,2,0
𤔊,爪,,0,0
𤔋,爪,jù,4,0
𤔌,爪,,0,0
𤔍,爪,,0,0
𤔎,爪,,0,0
𤔏,爪,,0,0
𤔐,爪,,0,0
𤔑,爪,,0,0
𤔒,爪,,0,0
𤔓,爪,,0,0
𤔔,爪,luàn,4,0
𤔕,爪,,0,0
𤔖,爪,luǒ,3,0
𤔗,囗,,0,0
𤔘,爪,,0,0
𤔙,爪,shuǎ,3,0
𤔚,爪,shàng,4,0
𤔛,爪,,0,0
𤔜,爪,,0,0
𤔝,爪,luǒ,3,0
𤔞,爪,,0,0
𤔟,爪,fēn,1,0
𤔠,爪,,0,0
𤔡,爪,,0,0
𤔢,爪,,0,0
𤔣,爪,bào,4,0
𤔤,爪,,0,0
𤔥,爪,,0,0
𤔦,爪,,0,0
𤔧,爪,,0,0
𤔨,爪,lì,4,0
𤔩,爪,,0,0
𤔪,爪,,0,0
𤔫,爪,xiòng,4,0
𤔬,爪,,0,0
𤔭,爪,,0,0
𤔮,爪,,0,0
𤔯,爪,,0,0
𤔰,爪,,0,0
𤔱,爪,,0,0
𤔲,爪,,0,0
𤔳,爪,,0,0
𤔴,爪,,0,0
𤔵,爪,,0,0
𤔶,爪,dāng,1,0
𤔷,爪,,0,0
𤔸,爪,,0,0
𤔹,爪,,0,0
𤔺,爪,,0,0
𤔻,爪,,0,0
𤔼,爪,,0,0
𤔽,爪,,0,0
𤔾,爪,,0,0
𤔿,爪,,0,0
𤕀,爪,chèng,4,0
𤕁,缶,,0,0
𤕂,爪,,0,0
𤕃,爪,,0,0
𤕄,爪,zhǎng,3,0
𤕅,爪,,0,0
𤕆,爪,,0,0
𤕇,爪,sǒu,3,0
𤕈,爪,,0,0
𤕉,爪,,0,0
𤕊,爪,shén,2,0
𤕋,爪,,0,0
𤕌,爪,,0,0
𤕍,爪,,0,0
𤕎,父,,0,0
𤕏,父,,0,0
𤕐,父,,0,0
𤕑,父,,0,0
𤕒,父,gě,3,0
𤕓,父,,0,0
𤕔,父,,0,0
𤕕,父,,0,0
𤕖,父,,0,0
𤕗,父,,0,0
𤕘,父,yū,1,0
𤕙,父,,0,0
𤕚,父,huī,1,0
𤕛,父,chè,4,0
𤕜,爻,,0,0
𤕝,爻,jiào,4,0
𤕞,爻,zhù,4,0
𤕟,爻,shū,1,0
𤕠,爻,,0,0
𤕡,爻,,0,0
𤕢,爻,xiáo,2,0
𤕣,爻,,0,0
𤕤,爻,,0,0
𤕥,爻,,0,0
𤕦,爻,níng,2,0
𤕧,爻,,0,0
𤕨,爻,,0,0
𤕩,爻,,0,0
𤕪,爿,,0,0
𤕫,爿,,0,0
𤕬,爿,,0,0
𤕭,爿,jiāng,1,0
𤕮,爿,,0,0
𤕯,爿,jiāng,1,0
𤕰,爿,,0,0
𤕱,爿,,0,0
𤕲,爿,,0,0
𤕳,爿,,0,0
𤕴,爿,,0,0
𤕵,爿,,0,0
𤕶,爿,,0,0
𤕷,爿,diào,4,0
𤕸,爿,,0,0
𤕹,爿,,0,0
𤕺,爿,,0,0
𤕻,爿,,0,0
𤕼,爿,,0,0
𤕽,爿,qiáng,2,0
𤕾,爿,qiú,2,0
𤕿,爿,,0,0
𤖀,爿,fēng,1,0
𤖁,爿,,0,0
𤖂,爿,,0,0
𤖃,爿,,0,0
𤖄,爿,,0,0
𤖅,爿,,0,0
𤖆,爿,zhàn,4,0
𤖇,爿,kē,1,0
𤖈,爿,,0,0
𤖉,爿,,0,0
𤖊,爿,,0,0
𤖋,爿,,0,0
𤖌,爿,,0,0
𤖍,爿,,0,0
𤖎,爿,,0,0
𤖏,爿,,0,0
𤖐,爿,,0,0
𤖑,爿,,0,0
𤖒,爿,dié,2,0
𤖓,爿,zé,2,0
𤖔,爿,,0,0
𤖕,爿,,0,0
𤖖,爿,guāng,1,0
𤖗,爿,sè,4,0
𤖘,爿,fèn,4,0
𤖙,爿,,0,0
𤖚,爿,,0,0
𤖛,爿,jiǎng,3,0
𤖜,爿,,0,0
𤖝,爿,yán,2,0
𤖞,爿,zhì,4,0
𤖟,爿,,0,0
𤖠,爿,,0,0
𤖡,爿,,0,0
𤖢,爿,lì,4,0
𤖣,爿,,0,0
𤖤,爿,,0,0
𤖥,爿,,0,0
𤖦,爿,líng,2,0
𤖧,爿,,0,0
𤖨,片,,0,0
𤖩,片,,0,0
𤖪,片,yí,2,0
𤖫,片,,0,0
𤖬,片,qǔ,3,0
𤖭,片,pán,2,0
𤖮,片,gōu,1,0
𤖯,片,,0,0
𤖰,片,jiǎ,3,0
𤖱,片,hé,2,0
𤖲,片,,0,0
𤖳,片,pèng,4,0
𤖴,片,,0,0
𤖵,片,jù,4,0
𤖶,片,,0,0
𤖷,片,chè,4,0
𤖸,片,,0,0
𤖹,片,,0,0
𤖺,片,liè,4,0
𤖻,片,shì,4,0
𤖼,片,pò,4,0
𤖽,片,xiàng,4,0
𤖾,片,,0,0
𤖿,片,pì,4,0
𤗀,片,luǒ,3,0
𤗁,片,cù,4,0
𤗂,片,,0,0
𤗃,片,yǔ,3,0
𤗄,片,,0,0
𤗅,片,,0,0
𤗆,片,,0,0
𤗇,片,kòng,4,0
𤗈,片,xiè,4,0
𤗉,片,,0,0
𤗊,片,,0,0
𤗋,片,,0,0
𤗌,片,,0,0
𤗍,片,wǎn,3,0
𤗎,片,yǎn,3,0
𤗏,片,péi,2,0
𤗐,片,,0,0
𤗑,片,,0,0
𤗒,片,,0,0
𤗓,片,chéng,2,0
𤗔,片,,0,0
𤗕,片,,0,0
𤗖,片,,0,0
𤗗,片,,0,0
𤗘,片,tí,2,0
𤗙,片,chè,4,0
𤗚,片,bì,4,0
𤗛,片,liàn,4,0
𤗜,片,jiǎ,3,0
𤗝,片,,0,0
𤗞,片,tíng,2,0
𤗟,片,,0,0
𤗠,片,,0,0
𤗡,片,,0,0
𤗢,片,tī,1,0
𤗣,片,,0,0
𤗤,片,,0,0
𤗥,片,,0,0
𤗦,片,,0,0
𤗧,片,,0,0
𤗨,片,dié,2,0
𤗩,片,,0,0
𤗪,片,shù,4,0
𤗫,片,lí,2,0
𤗬,片,lǘ,2,0
𤗭,片,xiā,1,0
𤗮,片,,0,0
𤗯,片,cuī,1,0
𤗰,片,,0,0
𤗱,片,,0,0
𤗲,片,,0,0
𤗳,片,bō,1,0
𤗴,片,tuí,2,0
𤗵,片,pú,2,0
𤗶,片,,0,0
𤗷,片,lìn,4,0
𤗸,片,fèn,4,0
𤗹,片,,0,0
𤗺,片,bó,2,0
𤗻,片,chàn,4,0
𤗼,片,,0,0
𤗽,片,,0,0
𤗾,片,dāng,1,0
𤗿,片,tǎi,3,0
𤘀,片,dào,4,0
𤘁,片,,0,0
𤘂,片,,0,0
𤘃,片,lì,4,0
𤘄,片,,0,0
𤘅,牙,yá,2,0
𤘆,牙,yá,2,0
𤘇,牙,zhān,1,0
𤘈,牙,,0,0
𤘉,牙,,0,0
𤘊,牙,yí,2,0
𤘋,牙,,0,0
𤘌,牙,qī,1,0
𤘍,牙,,0,0
𤘎,牙,,0,0
𤘏,牙,,0,0
𤘐,牙,,0,0
𤘑,牙,,0,0
𤘒,牙,,0,0
𤘓,牙,,0,0
𤘔,牛,hù,4,0
𤘕,牛,,0,0
𤘖,牛,tīng,1,0
𤘗,牛,,0,0
𤘘,牛,kǒu,3,0
𤘙,牛,,0,0
𤘚,牛,,0,0
𤘛,牛,chún,2,0
𤘜,牛,yóu,2,0
𤘝,牛,fèn,4,0
𤘞,牛,,0,0
𤘟,牛,nuó,2,0
𤘠,牛,tiàn,4,0
𤘡,牛,jìn,4,0
𤘢,牛,pí,2,0
𤘣,牛,chén,2,0
𤘤,牛,pì,4,0
𤘥,牛,,0,0
𤘦,牛,jiè,4,0
𤘧,牛,guǐ,3,0
𤘨,牛,,0,0
𤘩,牛,,0,0
𤘪,牛,,0,0
𤘫,牛,,0,0
𤘬,牛,,0,0
𤘭,牛,,0,0
𤘮,牛,,0,0
𤘯,牛,,0,0
𤘰,牛,,0,0
𤘱,牛,,0,0
𤘲,牛,zhuàng,4,0
𤘳,牛,,0,0
𤘴,牛,,0,0
𤘵,牛,hú,2,0
𤘶,牛,chǒu,3,0
𤘷,牛,shù,4,0
𤘸,牛,tāo,1,0
𤘹,牛,pí,2,0
𤘺,牛,rǒng,3,0
𤘻,牛,rǒng,3,0
𤘼,牛,,0,0
𤘽,牛,hǒu,3,0
𤘾,牛,pēng,1,0
𤘿,牛,,0,0
𤙀,牛,,0,0
𤙁,牛,,0,0
𤙂,牛,,0,0
𤙃,牛,,0,0
𤙄,牛,,0,0
𤙅,牛,bài,4,0
𤙆,牛,,0,0
𤙇,牛,xiá,2,0
𤙈,牛,,0,0
𤙉,牛,,0,0
𤙊,牛,,0,0
𤙋,牛,qǐn,3,0
𤙌,牛,nǐ,3,0
𤙍,牛,,0,0
𤙎,牛,tāo,1,0
𤙏,牛,qù,4,0
𤙐,牛,,0,0
𤙑,牛,,0,0
𤙒,牛,xié,2,0
𤙓,牛,,0,0
𤙔,牛,zhào,4,0
𤙕,牛,huā,1,0
𤙖,牛,xīn,1,0
𤙗,牛,,0,0
𤙘,牛,shōu,1,0
𤙙,牛,,0,0
𤙚,牛,,0,0
𤙛,牛,tú,2,0
𤙜,牛,,0,0
𤙝,牛,liáng,2,0
𤙞,牛,bì,4,0
𤙟,牛,chū,1,0
𤙠,牛,,0,0
𤙡,牛,xīng,1,0
𤙢,牛,,0,0
𤙣,牛,xīn,1,0
𤙤,牛,fū,1,0
𤙥,牛,,0,0
𤙦,牛,,0,0
𤙧,牛,,0,0
𤙨,牛,,0,0
𤙩,牛,jiè,4,0
𤙪,牛,,0,0
𤙫,牛,,0,0
𤙬,牛,,0,0
𤙭,牛,fǔ,3,0
𤙮,牛,,0,0
𤙯,牛,láo,2,0
𤙰,牛,tè,4,0
𤙱,牛,shè,4,0
𤙲,牛,,0,0
𤙳,牛,,0,0
𤙴,牛,chāo,1,0
𤙵,牛,chuī,1,0
𤙶,牛,,0,0
𤙷,牛,,0,0
𤙸,牛,,0,0
𤙹,牛,,0,0
𤙺,牛,,0,0
𤙻,牛,,0,0
𤙼,牛,rán,2,0
𤙽,牛,hǒu,3,0
𤙾,牛,bēng,1,0
𤙿,牛,,0,0
𤚀,牛,cǎi,3,0
𤚁,牛,,0,0
𤚂,牛,,0,0
𤚃,牛,,0,0
𤚄,牛,,0,0
𤚅,牛,mú,2,0
𤚆,牛,,0,0
𤚇,牛,,0,0
𤚈,牛,,0,0
𤚉,牛,xū,1,0
𤚊,牛,dié,2,0
𤚋,牛,,0,0
𤚌,牛,,0,0
𤚍,牛,chǎn,3,0
𤚎,牛,yú,2,0
𤚏,牛,zhòng,4,0
𤚐,牛,,0,0
𤚑,牛,,0,0
𤚒,牛,,0,0
𤚓,牛,lí,2,0
𤚔,牛,shōu,1,0
𤚕,牛,,0,0
𤚖,牛,,0,0
𤚗,牛,,0,0
𤚘,牛,,0,0
𤚙,牛,,0,0
𤚚,牛,dú,2,0
𤚛,牛,,0,0
𤚜,止,māo,1,0
𤚝,牛,huáng,2,0
𤚞,牛,,0,0
𤚟,牛,táo,2,0
𤚠,牛,,0,0
𤚡,牛,dù,4,0
𤚢,牛,tí,2,0
𤚣,牛,shēng,1,0
𤚤,牛,méi,2,0
𤚥,牛,,0,0
𤚦,牛,,0,0
𤚧,牛,,0,0
𤚨,牛,zhēn,1,0
𤚩,牛,qín,2,0
𤚪,牛,pì,4,0
𤚫,牛,táng,2,0
𤚬,牛,cāng,1,0
𤚭,牛,yáo,2,0
𤚮,牛,,0,0
𤚯,牛,xiù,4,0
𤚰,牛,bāng,1,0
𤚱,牛,gǔ,3,0
𤚲,牛,,0,0
𤚳,牛,,0,0
𤚴,牛,,0,0
𤚵,牛,bù,4,0
𤚶,牛,,0,0
𤚷,牛,,0,0
𤚸,牛,,0,0
𤚹,牛,,0,0
𤚺,牛,,0,0
𤚻,牛,,0,0
𤚼,牛,gòu,4,0
𤚽,牛,bó,2,0
𤚾,牛,,0,0
𤚿,牛,,0,0
𤛀,牛,,0,0
𤛁,牛,wèn,4,0
𤛂,牛,,0,0
𤛃,牛,,0,0
𤛄,牛,jì,4,0
𤛅,牛,,0,0
𤛆,牛,,0,0
𤛇,牛,,0,0
𤛈,牛,,0,0
𤛉,牛,,0,0
𤛊,牛,lā,1,0
𤛋,牛,,0,0
𤛌,牛,,0,0
𤛍,牛,cuī,1,0
𤛎,牛,mǐn,3,0
𤛏,牛,cǔ,3,0
𤛐,牛,ōu,1,0
𤛑,牛,yōng,1,0
𤛒,牛,,0,0
𤛓,牛,,0,0
𤛔,牛,,0,0
𤛕,牛,,0,0
𤛖,牛,máo,2,0
𤛗,殳,kè,4,0
𤛘,牛,māng,1,0
𤛙,牛,dǐng,3,0
𤛚,牛,huān,1,0
𤛛,牛,duǒ,3,0
𤛜,牛,jiāng,1,0
𤛝,牛,sù,4,0
𤛞,牛,,0,0
𤛟,牛,,0,0
𤛠,牛,,0,0
𤛡,牛,,0,0
𤛢,牛,céng,2,0
𤛣,牛,tà,4,0
𤛤,牛,,0,0
𤛥,牛,huáng,2,0
𤛦,牛,jué,2,0
𤛧,牛,xún,2,0
𤛨,牛,,0,0
𤛩,牛,,0,0
𤛪,牛,xiòng,4,0
𤛫,牛,,0,0
𤛬,牛,mì,4,0
𤛭,牛,qún,2,0
𤛮,牛,láo,2,0
𤛯,牛,,0,0
𤛰,牛,,0,0
𤛱,牛,zhì,4,0
𤛲,牛,wěi,3,0
𤛳,牛,,0,0
𤛴,牛,,0,0
𤛵,牛,,0,0
𤛶,牛,,0,0
𤛷,牛,sè,4,0
𤛸,牛,,0,0
𤛹,牛,,0,0
𤛺,牛,,0,0
𤛻,牛,zāng,1,0
𤛼,牛,,0,0
𤛽,牛,,0,0
𤛾,牛,,0,0
𤛿,牛,,0,0
𤜀,牛,,0,0
𤜁,牛,ǎn,3,0
𤜂,牛,wèi,4,0
𤜃,牛,,0,0
𤜄,牛,huài,4,0
𤜅,牛,,0,0
𤜆,牛,,0,0
𤜇,牛,zhàn,4,0
𤜈,牛,,0,0
𤜉,牛,yīng,1,0
𤜊,牛,gē,1,0
𤜋,牛,huì,4,0
𤜌,牛,,0,0
𤜍,牛,quán,2,0
𤜎,牛,,0,0
𤜏,牛,,0,0
𤜐,牛,,0,0
𤜑,牛,,0,0
𤜒,牛,,0,0
𤜓,牛,liè,4,0
𤜔,牛,jú,2,0
𤜕,牛,bà,4,0
𤜖,牛,léi,2,0
𤜗,牛,,0,0
𤜘,牛,mán,2,0
𤜙,牛,líng,2,0
𤜚,犬,,0,0
𤜛,犬,,0,0
𤜜,犬,lì,4,0
𤜝,犬,jǐ,3,0
𤜞,犬,,0,0
𤜟,犬,,0,0
𤜠,犬,,0,0
𤜡,犬,huí,2,0
𤜢,犬,xìn,4,0
𤜣,犬,shì,4,0
𤜤,犬,zhé,2,0
𤜥,犬,,0,0
𤜦,犬,,0,0
𤜧,犬,bō,1,0
𤜨,犬,,0,0
𤜩,犬,,0,0
𤜪,犬,,0,0
𤜫,犬,chā,1,0
𤜬,犬,,0,0
𤜭,犬,,0,0
𤜮,犬,,0,0
𤜯,犬,chā,1,0
𤜰,犬,jīng,1,0
𤜱,犬,bā,1,0
𤜲,犬,bèi,4,0
𤜳,犬,,0,0
𤜴,犬,,0,0
𤜵,犬,yàn,4,0
𤜶,犬,,0,0
𤜷,犬,hù,4,0
𤜸,犬,,0,0
𤜹,犬,yú,2,0
𤜺,犬,,0,0
𤜻,犬,bì,4,0
𤜼,犬,chuán,2,0
𤜽,犬,,0,0
𤜾,犬,jǐ,3,0
𤜿,犬,,0,0
𤝀,犬,,0,0
𤝁,犬,,0,0
𤝂,犬,mù,4,0
𤝃,犬,,0,0
𤝄,犬,máo,2,0
𤝅,犬,zhōng,1,0
𤝆,犬,,0,0
𤝇,犬,yè,4,0
𤝈,犬,dōu,1,0
𤝉,犬,yě,3,0
𤝊,犬,,0,0
𤝋,犬,,0,0
𤝌,犬,,0,0
𤝍,犬,rì,4,0
𤝎,犬,yīn,1,0
𤝏,犬,,0,0
𤝐,犬,hào,4,0
𤝑,犬,,0,0
𤝒,犬,nà,4,0
𤝓,犬,tiè,4,0
𤝔,犬,fù,4,0
𤝕,犬,mǔ,3,0
𤝖,犬,zǎi,3,0
𤝗,犬,,0,0
𤝘,犬,hú,2,0
𤝙,犬,,0,0
𤝚,犬,chēn,1,0
𤝛,犬,tuó,2,0
𤝜,犬,,0,0
𤝝,犬,,0,0
𤝞,犬,chù,4,0
𤝟,犬,fú,2,0
𤝠,犬,,0,0
𤝡,犬,,0,0
𤝢,犬,zé,2,0
𤝣,犬,,0,0
𤝤,犬,,0,0
𤝥,犬,,0,0
𤝦,犬,,0,0
𤝧,犬,bào,4,0
𤝨,犬,,0,0
𤝩,犬,,0,0
𤝪,犬,,0,0
𤝫,犬,,0,0
𤝬,犬,dǐ,3,0
𤝭,犬,cǎi,3,0
𤝮,犬,lù,4,0
𤝯,犬,pǒ,3,0
𤝰,犬,dá,2,0
𤝱,犬,yè,4,0
𤝲,犬,,0,0
𤝳,犬,yǐ,3,0
𤝴,犬,,0,0
𤝵,犬,,0,0
𤝶,犬,,0,0
𤝷,犬,xiáng,2,0
𤝸,犬,bī,1,0
𤝹,犬,zhū,1,0
𤝺,犬,,0,0
𤝻,犬,yí,2,0
𤝼,犬,,0,0
𤝽,犬,lǜ,4,0
𤝾,犬,,0,0
𤝿,犬,kuāng,1,0
𤞀,犬,,0,0
𤞁,犬,,0,0
𤞂,犬,zhì,4,0
𤞃,犬,huì,4,0
𤞄,犬,,0,0
𤞅,犬,,0,0
𤞆,犬,,0,0
𤞇,犬,wá,2,0
𤞈,犬,dī,1,0
𤞉,犬,shù,4,0
𤞊,犬,liè,4,0
𤞋,犬,zǎo,3,0
𤞌,犬,zhì,4,0
𤞍,犬,náo,2,0
𤞎,犬,,0,0
𤞏,犬,,0,0
𤞐,犬,,0,0
𤞑,犬,,0,0
𤞒,犬,,0,0
𤞓,犬,,0,0
𤞔,犬,,0,0
𤞕,犬,,0,0
𤞖,犬,,0,0
𤞗,犬,chái,2,0
𤞘,犬,,0,0
𤞙,犬,,0,0
𤞚,犬,xiāo,1,0
𤞛,犬,zàng,4,0
𤞜,犬,,0,0
𤞝,犬,,0,0
𤞞,犬,yù,4,0
𤞟,犬,dòu,4,0
𤞠,犬,chà,4,0
𤞡,犬,xié,2,0
𤞢,犬,yáng,2,0
𤞣,犬,,0,0
𤞤,犬,xiǎn,3,0
𤞥,犬,bǎo,3,0
𤞦,犬,,0,0
𤞧,犬,,0,0
𤞨,犬,,0,0
𤞩,犬,,0,0
𤞪,犬,,0,0
𤞫,犬,,0,0
𤞬,犬,,0,0
𤞭,犬,,0,0
𤞮,犬,zhāi,1,0
𤞯,犬,,0,0
𤞰,犬,qiú,2,0
𤞱,犬,,0,0
𤞲,犬,hú,2,0
𤞳,犬,zài,4,0
𤞴,犬,jué,2,0
𤞵,犬,,0,0
𤞶,犬,hān,1,0
𤞷,犬,,0,0
𤞸,犬,,0,0
𤞹,犬,,0,0
𤞺,犬,,0,0
𤞻,犬,,0,0
𤞼,犬,,0,0
𤞽,犬,,0,0
𤞾,犬,,0,0
𤞿,犬,àn,4,0
𤟀,犬,zào,4,0
𤟁,犬,,0,0
𤟂,犬,,0,0
𤟃,犬,shà,4,0
𤟄,犬,,0,0
𤟅,犬,xiàn,4,0
𤟆,犬,chǐ,3,0
𤟇,犬,yǎn,3,0
𤟈,犬,,0,0
𤟉,犬,àn,4,0
𤟊,犬,,0,0
𤟋,犬,,0,0
𤟌,犬,,0,0
𤟍,犬,zhé,2,0
𤟎,犬,jué,2,0
𤟏,犬,,0,0
𤟐,犬,,0,0
𤟑,犬,lì,4,0
𤟒,犬,,0,0
𤟓,犬,lè,4,0
𤟔,犬,,0,0
𤟕,犬,,0,0
𤟖,犬,cǎi,3,0
𤟗,犬,,0,0
𤟘,犬,lù,4,0
𤟙,犬,,0,0
𤟚,犬,jiā,1,0
𤟛,犬,,0,0
𤟜,犬,,0,0
𤟝,犬,xià,4,0
𤟞,犬,xiào,4,0
𤟟,犬,yān,1,0
𤟠,犬,xū,1,0
𤟡,犬,,0,0
𤟢,犬,dùn,4,0
𤟣,犬,yíng,2,0
𤟤,犬,huī,1,0
𤟥,犬,tí,2,0
𤟦,犬,nóu,2,0
𤟧,犬,xǐ,3,0
𤟨,犬,,0,0
𤟩,犬,,0,0
𤟪,犬,tú,2,0
𤟫,犬,,0,0
𤟬,犬,,0,0
𤟭,犬,,0,0
𤟮,犬,,0,0
𤟯,犬,,0,0
𤟰,犬,,0,0
𤟱,犬,,0,0
𤟲,犬,,0,0
𤟳,犬,,0,0
𤟴,犬,,0,0
𤟵,戶,,0,0
𤟶,犬,,0,0
𤟷,犬,wāi,1,0
𤟸,犬,chēn,1,0
𤟹,犬,,0,0
𤟺,犬,,0,0
𤟻,犬,,0,0
𤟼,犬,hōng,1,0
𤟽,犬,,0,0
𤟾,犬,tí,2,0
𤟿,犬,xuān,1,0
𤠀,犬,zá,2,0
𤠁,犬,,0,0
𤠂,犬,,0,0
𤠃,犬,,0,0
𤠄,犬,,0,0
𤠅,犬,,0,0
𤠆,犬,,0,0
𤠇,犬,gé,2,0
𤠈,犬,,0,0
𤠉,犬,,0,0
𤠊,犬,,0,0
𤠋,犬,lóu,2,0
𤠌,犬,chái,2,0
𤠍,犬,pán,2,0
𤠎,犬,jí,2,0
𤠏,犬,,0,0
𤠐,犬,tà,4,0
𤠑,犬,,0,0
𤠒,犬,,0,0
𤠓,犬,xī,1,0
𤠔,犬,,0,0
𤠕,犬,,0,0
𤠖,犬,xiāo,1,0
𤠗,犬,,0,0
𤠘,犬,sāo,1,0
𤠙,犬,jiā,1,0
𤠚,犬,sù,4,0
𤠛,犬,huāng,1,0
𤠜,犬,,0,0
𤠝,犬,cuō,1,0
𤠞,犬,,0,0
𤠟,犬,tà,4,0
𤠠,犬,shuāi,1,0
𤠡,犬,,0,0
𤠢,犬,,0,0
𤠣,犬,,0,0
𤠤,犬,,0,0
𤠥,犬,,0,0
𤠦,犬,,0,0
𤠧,犬,,0,0
𤠨,犬,,0,0
𤠩,犬,,0,0
𤠪,犬,fú,2,0
𤠫,犬,lì,4,0
𤠬,犬,,0,0
𤠭,犬,shè,4,0
𤠮,犬,,0,0
𤠯,犬,táng,2,0
𤠰,犬,,0,0
𤠱,犬,,0,0
𤠲,犬,,0,0
𤠳,犬,,0,0
𤠴,犬,,0,0
𤠵,犬,,0,0
𤠶,犬,diān,1,0
𤠷,犬,,0,0
𤠸,犬,,0,0
𤠹,犬,,0,0
𤠺,犬,bì,4,0
𤠻,犬,,0,0
𤠼,犬,gòu,4,0
𤠽,犬,cù,4,0
𤠾,犬,,0,0
𤠿,犬,qiān,1,0
𤡀,犬,,0,0
𤡁,犬,,0,0
𤡂,犬,léi,2,0
𤡃,犬,sù,4,0
𤡄,犬,,0,0
𤡅,犬,,0,0
𤡆,犬,zòng,4,0
𤡇,犬,hāo,1,0
𤡈,犬,,0,0
𤡉,犬,,0,0
𤡊,犬,,0,0
𤡋,犬,,0,0
𤡌,犬,,0,0
𤡍,犬,,0,0
𤡎,犬,,0,0
𤡏,犬,chì,4,0
𤡐,犬,cáo,2,0
𤡑,犬,,0,0
𤡒,犬,,0,0
𤡓,犬,wò,4,0
𤡔,犬,xiāo,1,0
𤡕,犬,liè,4,0
𤡖,犬,yān,1,0
𤡗,犬,,0,0
𤡘,犬,,0,0
𤡙,犬,,0,0
𤡚,犬,,0,0
𤡛,犬,,0,0
𤡜,犬,,0,0
𤡝,犬,bì,4,0
𤡞,犬,,0,0
𤡟,犬,huàn,4,0
𤡠,犬,,0,0
𤡡,犬,xī,1,0
𤡢,犬,chī,1,0
𤡣,犬,xū,1,0
𤡤,犬,náo,2,0
𤡥,犬,yán,2,0
𤡦,犬,,0,0
𤡧,犬,xiè,4,0
𤡨,犬,zhá,2,0
𤡩,犬,,0,0
𤡪,犬,suì,4,0
𤡫,犬,,0,0
𤡬,犬,xì,4,0
𤡭,犬,bēng,1,0
𤡮,犬,rán,2,0
𤡯,犬,shuò,4,0
𤡰,犬,bān,1,0
𤡱,犬,guì,4,0
𤡲,犬,kāi,1,0
𤡳,犬,chēn,1,0
𤡴,犬,,0,0
𤡵,犬,,0,0
𤡶,犬,xù,4,0
𤡷,犬,,0,0
𤡸,犬,,0,0
𤡹,犬,,0,0
𤡺,犬,,0,0
𤡻,犬,,0,0
𤡼,犬,,0,0
𤡽,犬,,0,0
𤡾,犬,è,4,0
𤡿,犬,lì,4,0
𤢀,犬,xī,1,0
𤢁,犬,huàn,4,0
𤢂,犬,sù,4,0
𤢃,犬,,0,0
𤢄,犬,chǎng,3,0
𤢅,犬,,0,0
𤢆,犬,,0,0
𤢇,犬,,0,0
𤢈,犬,,0,0
𤢉,犬,,0,0
𤢊,犬,lù,4,0
𤢋,犬,yán,2,0
𤢌,犬,,0,0
𤢍,犬,,0,0
𤢎,犬,dāng,1,0
𤢏,犬,dǎn,3,0
𤢐,犬,yāng,1,0
𤢑,犬,,0,0
𤢒,犬,zhǎi,3,0
𤢓,犬,jù,4,0
𤢔,犬,,0,0
𤢕,犬,duó,2,0
𤢖,犬,sāo,1,0
𤢗,犬,lái,2,0
𤢘,犬,sù,4,0
𤢙,犬,,0,0
𤢚,犬,,0,0
𤢛,犬,,0,0
𤢜,犬,,0,0
𤢝,犬,,0,0
𤢞,犬,,0,0
𤢟,犬,zé,2,0
𤢠,犬,,0,0
𤢡,犬,,0,0
𤢢,犬,,0,0
𤢣,犬,bì,4,0
𤢤,犬,,0,0
𤢥,犬,,0,0
𤢦,犬,yìn,4,0
𤢧,犬,,0,0
𤢨,犬,hāo,1,0
𤢩,犬,,0,0
𤢪,犬,liè,4,0
𤢫,犬,,0,0
𤢬,犬,,0,0
𤢭,犬,háo,2,0
𤢮,犬,yáng,2,0
𤢯,犬,,0,0
𤢰,犬,,0,0
𤢱,犬,,0,0
𤢲,犬,,0,0
𤢳,犬,,0,0
𤢴,犬,shuò,4,0
𤢵,犬,ài,4,0
𤢶,犬,qióng,2,0
𤢷,犬,,0,0
𤢸,犬,,0,0
𤢹,犬,lěi,3,0
𤢺,犬,xié,2,0
𤢻,犬,,0,0
𤢼,犬,shì,4,0
𤢽,犬,,0,0
𤢾,犬,,0,0
𤢿,犬,,0,0
𤣀,犬,,0,0
𤣁,犬,,0,0
𤣂,犬,,0,0
𤣃,犬,lǔ,3,0
𤣄,犬,,0,0
𤣅,犬,què,4,0
𤣆,犬,lián,2,0
𤣇,犬,,0,0
𤣈,犬,,0,0
𤣉,犬,,0,0
𤣊,犬,,0,0
𤣋,犬,,0,0
𤣌,犬,xiào,4,0
𤣍,犬,,0,0
𤣎,犬,yīng,1,0
𤣏,犬,,0,0
𤣐,犬,,0,0
𤣑,犬,xié,2,0
𤣒,犬,,0,0
𤣓,犬,,0,0
𤣔,犬,,0,0
𤣕,犬,,0,0
𤣖,犬,,0,0
𤣗,犬,,0,0
𤣘,犬,líng,2,0
𤣙,犬,yōu,1,0
𤣚,犬,,0,0
𤣛,犬,,0,0
𤣜,犬,,0,0
𤣝,犬,,0,0
𤣞,犬,dǎng,3,0
𤣟,犬,lǎn,3,0
𤣠,犬,xiāo,1,0
𤣡,犬,,0,0
𤣢,犬,,0,0
𤣣,犬,,0,0
𤣤,犬,,0,0
𤣥,玄,,0,0
𤣦,玄,,0,0
𤣧,玄,,0,0
𤣨,玄,yì,4,0
𤣩,玉,,0,0
𤣪,玉,,0,0
𤣫,玉,,0,0
𤣬,玉,wū,1,0
𤣭,玉,,0,0
𤣮,玉,yì,4,0
𤣯,玉,tuō,1,0
𤣰,玉,bǔ,3,0
𤣱,玉,,0,0
𤣲,玉,xìn,4,0
𤣳,玉,,0,0
𤣴,玉,,0,0
𤣵,玉,sī,1,0
𤣶,玉,jīn,1,0
𤣷,玉,,0,0
𤣸,玉,bā,1,0
𤣹,玉,fǎ,3,0
𤣺,玉,,0,0
𤣻,玉,mò,4,0
𤣼,玉,ruò,4,0
𤣽,玉,,0,0
𤣾,玉,,0,0
𤣿,玉,,0,0
𤤀,玉,,0,0
𤤁,玉,,0,0
𤤂,玉,,0,0
𤤃,玉,,0,0
𤤄,玉,,0,0
𤤅,玉,,0,0
𤤆,玉,,0,0
𤤇,玉,,0,0
𤤈,玉,,0,0
𤤉,玉,,0,0
𤤊,玉,dà,4,0
𤤋,玉,jì,4,0
𤤌,玉,,0,0
𤤍,玉,,0,0
𤤎,玉,,0,0
𤤏,玉,,0,0
𤤐,玉,sù,4,0
𤤑,玉,qióng,2,0
𤤒,玉,bā,1,0
𤤓,玉,,0,0
𤤔,玉,,0,0
𤤕,玉,,0,0
𤤖,玉,,0,0
𤤗,玉,,0,0
𤤘,玉,,0,0
𤤙,玉,,0,0
𤤚,玉,,0,0
𤤛,玉,,0,0
𤤜,玉,,0,0
𤤝,玉,,0,0
𤤞,玉,,0,0
𤤟,玉,,0,0
𤤠,玉,,0,0
𤤡,玉,,0,0
𤤢,玉,,0,0
𤤣,玉,,0,0
𤤤,玉,,0,0
𤤥,玉,,0,0
𤤦,玉,tián,2,0
𤤧,玉,yóu,2,0
𤤨,玉,,0,0
𤤩,玉,tuó,2,0
𤤪,玉,,0,0
𤤫,玉,wài,4,0
𤤬,玉,yòu,4,0
𤤭,玉,,0,0
𤤮,玉,dōng,1,0
𤤯,玉,,0,0
𤤰,玉,,0,0
𤤱,玉,xǐ,3,0
𤤲,玉,kǒng,3,0
𤤳,玉,,0,0
𤤴,玉,,0,0
𤤵,玉,,0,0
𤤶,玉,qióng,2,0
𤤷,玉,duī,1,0
𤤸,玉,duò,4,0
𤤹,玉,,0,0
𤤺,玉,yì,4,0
𤤻,玉,,0,0
𤤼,玉,,0,0
𤤽,玉,,0,0
𤤾,玉,,0,0
𤤿,玉,,0,0
𤥀,玉,,0,0
𤥁,玉,,0,0
𤥂,玉,,0,0
𤥃,玉,,0,0
𤥄,玉,,0,0
𤥅,玉,,0,0
𤥆,玉,,0,0
𤥇,玉,,0,0
𤥈,玉,,0,0
𤥉,玉,,0,0
𤥊,玉,,0,0
𤥋,玉,,0,0
𤥌,玉,,0,0
𤥍,玉,,0,0
𤥎,玉,,0,0
𤥏,玉,,0,0
𤥐,玉,,0,0
𤥑,玉,,0,0
𤥒,玉,xī,1,0
𤥓,玉,qīn,1,0
𤥔,玉,sù,4,0
𤥕,玉,,0,0
𤥖,玉,,0,0
𤥗,玉,liú,2,0
𤥘,玉,,0,0
𤥙,玉,wán,2,0
𤥚,玉,,0,0
𤥛,玉,,0,0
𤥜,玉,,0,0
𤥝,玉,,0,0
𤥞,玉,,0,0
𤥟,玉,,0,0
𤥠,玉,,0,0
𤥡,玉,,0,0
𤥢,玉,,0,0
𤥣,玉,,0,0
𤥤,玉,,0,0
𤥥,玉,,0,0
𤥦,玉,,0,0
𤥧,玉,,0,0
𤥨,玉,,0,0
𤥩,玉,,0,0
𤥪,玉,,0,0
𤥫,玉,,0,0
𤥬,玉,,0,0
𤥭,玉,chē,1,0
𤥮,玉,zhū,1,0
𤥯,玉,,0,0
𤥰,玉,mào,4,0
𤥱,玉,,0,0
𤥲,玉,,0,0
𤥳,玉,,0,0
𤥴,玉,,0,0
𤥵,玉,,0,0
𤥶,玉,,0,0
𤥷,玉,quán,2,0
𤥸,玉,,0,0
𤥹,玉,,0,0
𤥺,玉,,0,0
𤥻,玉,,0,0
𤥼,玉,,0,0
𤥽,玉,yū,1,0
𤥾,玉,,0,0
𤥿,玉,yì,4,0
𤦀,玉,mí,2,0
𤦁,玉,,0,0
𤦂,玉,,0,0
𤦃,玉,lái,2,0
𤦄,玉,zhì,4,0
𤦅,玉,,0,0
𤦆,玉,,0,0
𤦇,玉,,0,0
𤦈,玉,,0,0
𤦉,玉,,0,0
𤦊,玉,,0,0
𤦋,玉,,0,0
𤦌,玉,,0,0
𤦍,玉,,0,0
𤦎,玉,,0,0
𤦏,玉,,0,0
𤦐,玉,,0,0
𤦑,玉,,0,0
𤦒,玉,,0,0
𤦓,玉,,0,0
𤦔,玉,,0,0
𤦕,玉,,0,0
𤦖,玉,,0,0
𤦗,玉,,0,0
𤦘,玉,,0,0
𤦙,玉,,0,0
𤦚,玉,,0,0
𤦛,玉,,0,0
𤦜,玉,,0,0
𤦝,玉,,0,0
𤦞,玉,,0,0
𤦟,玉,,0,0
𤦠,玉,,0,0
𤦡,玉,,0,0
𤦢,玉,,0,0
𤦣,玉,,0,0
𤦤,玉,ní,2,0
𤦥,玉,,0,0
𤦦,玉,bān,1,0
𤦧,玉,,0,0
𤦨,玉,,0,0
𤦩,玉,,0,0
𤦪,玉,dōng,1,0
𤦫,玉,,0,0
𤦬,玉,,0,0
𤦭,玉,,0,0
𤦮,玉,zhì,4,0
𤦯,玉,,0,0
𤦰,玉,,0,0
𤦱,玉,,0,0
𤦲,玉,,0,0
𤦳,玉,,0,0
𤦴,玉,,0,0
𤦵,玉,,0,0
𤦶,玉,,0,0
𤦷,玉,,0,0
𤦸,玉,,0,0
𤦹,玉,,0,0
𤦻,玉,,0,0
𤦼,玉,,0,0
𤦽,玉,,0,0
𤦾,玉,,0,0
𤦿,玉,,0,0
𤧀,玉,,0,0
𤧁,玉,,0,0
𤧂,玉,,0,0
𤧃,玉,,0,0
𤧄,玉,,0,0
𤧅,玉,,0,0
𤧆,玉,,0,0
𤧇,玉,,0,0
𤧈,玉,,0,0
𤧉,玉,,0,0
𤧊,玉,,0,0
𤧋,玉,,0,0
𤧌,玉,,0,0
𤧍,玉,,0,0
𤧎,玉,,0,0
𤧏,玉,,0,0
𤧐,玉,,0,0
𤧑,玉,,0,0
𤧒,玉,,0,0
𤧓,玉,,0,0
𤧔,玉,,0,0
𤧕,玉,yì,4,0
𤧖,玉,,0,0
𤧗,玉,,0,0
𤧘,玉,líng,2,0
𤧙,玉,yú,2,0
𤧚,玉,cōng,1,0
𤧛,玉,dì,4,0
𤧜,玉,zhì,4,0
𤧝,玉,,0,0
𤧞,玉,,0,0
𤧟,玉,,0,0
𤧠,玉,ruǎn,3,0
𤧡,玉,,0,0
𤧢,玉,,0,0
𤧣,玉,jiàn,4,0
𤧤,玉,,0,0
𤧥,玉,,0,0
𤧦,玉,,0,0
𤧧,玉,,0,0
𤧨,玉,,0,0
𤧩,玉,wàn,4,0
𤧪,玉,,0,0
𤧫,玉,jìn,4,0
𤧬,玉,,0,0
𤧭,玉,páng,2,0
𤧮,玉,,0,0
𤧯,玉,,0,0
𤧰,玉,,0,0
𤧱,玉,,0,0
𤧲,玉,,0,0
𤧳,玉,,0,0
𤧴,玉,,0,0
𤧵,玉,,0,0
𤧶,玉,,0,0
𤧷,玉,,0,0
𤧸,玉,,0,0
𤧹,玉,,0,0
𤧺,玉,,0,0
𤧻,玉,,0,0
𤧼,玉,,0,0
𤧽,玉,,0,0
𤧾,玉,,0,0
𤧿,玉,,0,0
𤨀,玉,,0,0
𤨁,玉,,0,0
𤨂,玉,,0,0
𤨃,玉,,0,0
𤨄,玉,,0,0
𤨅,玉,,0,0
𤨆,玉,,0,0
𤨇,玉,,0,0
𤨈,玉,,0,0
𤨉,玉,,0,0
𤨊,玉,,0,0
𤨋,玉,,0,0
𤨌,玉,,0,0
𤨍,玉,lù,4,0
𤨎,玉,qú,2,0
𤨏,玉,,0,0
𤨐,玉,xǐ,3,0
𤨑,玉,dá,2,0
𤨒,玉,,0,0
𤨓,玉,,0,0
𤨔,玉,,0,0
𤨕,玉,,0,0
𤨖,玉,hù,4,0
𤨗,玉,luǒ,3,0
𤨘,玉,,0,0
𤨙,玉,lè,4,0
𤨚,玉,,0,0
𤨛,玉,,0,0
𤨜,玉,,0,0
𤨝,玉,,0,0
𤨞,玉,,0,0
𤨟,玉,,0,0
𤨠,玉,,0,0
𤨡,玉,,0,0
𤨢,玉,,0,0
𤨣,玉,,0,0
𤨤,玉,,0,0
𤨥,玉,,0,0
𤨦,玉,,0,0
𤨧,玉,,0,0
𤨨,玉,,0,0
𤨩,玉,,0,0
𤨪,玉,,0,0
𤨫,玉,,0,0
𤨬,玉,,0,0
𤨭,玉,,0,0
𤨮,玉,,0,0
𤨯,玉,,0,0
𤨰,玉,,0,0
𤨱,玉,,0,0
𤨲,玉,,0,0
𤨳,玉,,0,0
𤨴,玉,,0,0
𤨵,玉,,0,0
𤨶,玉,gǒng,3,0
𤨷,玉,,0,0
𤨸,玉,,0,0
𤨹,玉,,0,0
𤨺,玉,,0,0
𤨻,玉,lìng,4,0
𤨼,玉,,0,0
𤨽,玉,,0,0
𤨾,玉,,0,0
𤨿,玉,,0,0
𤩀,玉,,0,0
𤩁,玉,,0,0
𤩂,玉,láo,2,0
𤩃,玉,,0,0
𤩄,玉,zhuàn,4,0
𤩅,玉,,0,0
𤩆,玉,,0,0
𤩇,玉,,0,0
𤩈,玉,,0,0
𤩉,玉,,0,0
𤩊,玉,,0,0
𤩋,玉,,0,0
𤩌,玉,,0,0
𤩍,玉,,0,0
𤩎,玉,,0,0
𤩏,玉,,0,0
𤩐,玉,,0,0
𤩑,玉,,0,0
𤩒,玉,,0,0
𤩓,玉,,0,0
𤩔,玉,,0,0
𤩕,玉,,0,0
𤩖,玉,,0,0
𤩗,玉,,0,0
𤩘,玉,,0,0
𤩙,玉,,0,0
𤩚,玉,,0,0
𤩛,玉,,0,0
𤩜,玉,,0,0
𤩝,玉,,0,0
𤩞,玉,,0,0
𤩟,玉,,0,0
𤩠,玉,,0,0
𤩡,玉,,0,0
𤩢,玉,,0,0
𤩣,玉,,0,0
𤩤,玉,,0,0
𤩥,玉,,0,0
𤩦,玉,,0,0
𤩧,玉,,0,0
𤩨,玉,zǎo,3,0
𤩩,玉,hào,4,0
𤩪,玉,xiàng,4,0
𤩫,玉,,0,0
𤩬,玉,,0,0
𤩭,玉,hào,4,0
𤩮,玉,lì,4,0
𤩯,玉,,0,0
𤩰,玉,,0,0
𤩱,玉,diàn,4,0
𤩲,玉,gé,2,0
𤩳,玉,,0,0
𤩴,玉,,0,0
𤩵,玉,,0,0
𤩶,玉,,0,0
𤩷,玉,,0,0
𤩸,玉,,0,0
𤩹,玉,,0,0
𤩺,玉,,0,0
𤩻,玉,,0,0
𤩼,玉,,0,0
𤩽,玉,huán,2,0
𤩾,玉,,0,0
𤩿,玉,,0,0
𤪀,玉,,0,0
𤪁,玉,,0,0
𤪂,玉,,0,0
𤪃,玉,,0,0
𤪄,玉,è,4,0
𤪅,玉,,0,0
𤪆,玉,xiá,2,0
𤪇,玉,,0,0
𤪈,玉,,0,0
𤪉,玉,,0,0
𤪊,玉,,0,0
𤪋,玉,jiān,1,0
𤪌,玉,qí,2,0
𤪍,玉,xiá,2,0
𤪎,玉,yǒu,3,0
𤪏,玉,,0,0
𤪐,玉,,0,0
𤪑,玉,,0,0
𤪒,玉,,0,0
𤪓,玉,,0,0
𤪔,玉,,0,0
𤪕,玉,,0,0
𤪖,玉,,0,0
𤪗,玉,,0,0
𤪘,玉,,0,0
𤪙,玉,,0,0
𤪚,玉,,0,0
𤪛,玉,,0,0
𤪜,玉,,0,0
𤪝,玉,,0,0
𤪞,玉,,0,0
𤪟,玉,,0,0
𤪠,玉,,0,0
𤪡,玉,zhēng,1,0
𤪢,玉,,0,0
𤪣,玉,,0,0
𤪤,玉,,0,0
𤪥,玉,,0,0
𤪦,玉,,0,0
𤪧,玉,,0,0
𤪨,玉,,0,0
𤪩,玉,,0,0
𤪪,玉,zhuàn,4,0
𤪫,玉,,0,0
𤪬,玉,,0,0
𤪭,玉,,0,0
𤪮,玉,chàn,4,0
𤪯,玉,,0,0
𤪰,玉,,0,0
𤪱,玉,,0,0
𤪲,玉,,0,0
𤪳,玉,,0,0
𤪴,玉,,0,0
𤪵,玉,,0,0
𤪶,玉,,0,0
𤪷,玉,,0,0
𤪸,玉,,0,0
𤪹,玉,,0,0
𤪺,玉,,0,0
𤪻,玉,,0,0
𤪼,玉,,0,0
𤪽,玉,,0,0
𤪾,玉,,0,0
𤪿,玉,,0,0
𤫀,玉,,0,0
𤫁,玉,,0,0
𤫂,玉,,0,0
𤫃,玉,,0,0
𤫄,玉,,0,0
𤫅,玉,,0,0
𤫆,玉,,0,0
𤫇,玉,,0,0
𤫈,玉,,0,0
𤫉,玉,xiè,4,0
𤫊,玉,,0,0
𤫋,玉,,0,0
𤫌,玉,,0,0
𤫍,玉,,0,0
𤫎,玉,,0,0
𤫏,玉,,0,0
𤫐,玉,,0,0
𤫑,玉,,0,0
𤫒,玉,,0,0
𤫓,玉,,0,0
𤫔,玉,,0,0
𤫕,玉,náo,2,0
𤫖,玉,,0,0
𤫗,玉,,0,0
𤫘,玉,,0,0
𤫙,玉,,0,0
𤫚,玉,,0,0
𤫛,玉,,0,0
𤫜,玉,,0,0
𤫝,玉,jì,4,0
𤫞,玉,tián,2,0
𤫟,玉,,0,0
𤫠,玉,,0,0
𤫡,缶,,0,0
𤫢,玉,,0,0
𤫣,玉,yǎn,3,0
𤫤,玉,,0,0
𤫥,玉,,0,0
𤫦,玉,,0,0
𤫧,玉,hǎo,3,0
𤫨,玉,xín,2,0
𤫩,玉,líng,2,0
𤫪,瓜,,0,0
𤫫,瓜,bān,1,0
𤫬,瓜,běng,3,0
𤫭,瓜,,0,0
𤫮,瓜,,0,0
𤫯,瓜,,0,0
𤫰,瓜,,0,0
𤫱,瓜,gōu,1,0
𤫲,瓜,líng,2,0
𤫳,瓜,,0,0
𤫴,瓜,,0,0
𤫵,瓜,kuò,4,0
𤫶,瓜,qià,4,0
𤫷,瓜,jiào,4,0
𤫸,瓜,,0,0
𤫹,瓜,ēn,1,0
𤫺,瓜,yáo,2,0
𤫻,瓜,dū,1,0
𤫼,瓜,,0,0
𤫽,瓜,,0,0
𤫾,瓜,,0,0
𤫿,瓜,,0,0
𤬀,瓜,,0,0
𤬁,瓜,huǒ,3,0
𤬂,瓜,dǔ,3,0
𤬃,瓜,pēi,1,0
𤬄,瓜,,0,0
𤬅,瓜,,0,0
𤬆,瓜,,0,0
𤬇,瓜,,0,0
𤬈,瓜,,0,0
𤬉,瓜,,0,0
𤬊,瓜,,0,0
𤬋,瓜,,0,0
𤬌,瓜,yuán,2,0
𤬍,瓜,,0,0
𤬎,瓜,,0,0
𤬏,瓜,lóu,2,0
𤬐,瓜,xíng,2,0
𤬑,瓜,,0,0
𤬒,瓜,,0,0
𤬓,瓜,lián,2,0
𤬔,瓜,yáo,2,0
𤬕,瓜,xī,1,0
𤬖,瓜,yáo,2,0
𤬗,瓜,,0,0
𤬘,瓜,xī,1,0
𤬙,瓜,,0,0
𤬚,瓜,,0,0
𤬛,瓜,lú,2,0
𤬜,瓜,,0,0
𤬝,瓜,yàn,4,0
𤬞,瓜,,0,0
𤬟,瓜,,0,0
𤬠,瓜,quán,2,0
𤬡,瓜,,0,0
𤬢,瓜,,0,0
𤬣,瓜,,0,0
𤬤,瓜,,0,0
𤬥,瓜,ráng,2,0
𤬦,瓦,wà,4,0
𤬧,瓦,zú,2,0
𤬨,瓦,fàn,4,0
𤬩,瓦,yì,4,0
𤬪,瓦,dù,4,0
𤬫,瓦,suì,4,0
𤬬,瓦,,0,0
𤬭,瓦,pī,1,0
𤬮,瓦,,0,0
𤬯,瓦,hán,2,0
𤬰,瓦,,0,0
𤬱,瓦,xù,4,0
𤬲,瓦,,0,0
𤬳,瓦,gǒng,3,0
𤬴,瓦,,0,0
𤬵,瓦,dì,4,0
𤬶,瓦,,0,0
𤬷,瓦,nà,4,0
𤬸,瓦,,0,0
𤬹,瓦,,0,0
𤬺,瓦,,0,0
𤬻,瓦,,0,0
𤬼,瓦,,0,0
𤬽,瓦,,0,0
𤬾,瓦,duò,4,0
𤬿,瓦,wā,1,0
𤭀,瓦,,0,0
𤭁,瓦,,0,0
𤭂,瓦,niè,4,0
𤭃,瓦,,0,0
𤭄,瓦,,0,0
𤭅,瓦,,0,0
𤭆,瓦,,0,0
𤭇,瓦,,0,0
𤭈,瓦,diào,4,0
𤭉,瓦,huāng,1,0
𤭊,瓦,,0,0
𤭋,瓦,,0,0
𤭌,瓦,tí,2,0
𤭍,瓦,fàn,4,0
𤭎,瓦,,0,0
𤭏,瓦,,0,0
𤭐,瓦,,0,0
𤭑,瓦,wú,2,0
𤭒,瓦,áng,2,0
𤭓,瓦,,0,0
𤭔,瓦,píng,2,0
𤭕,瓦,,0,0
𤭖,瓦,,0,0
𤭘,瓦,,0,0
𤭙,瓦,hán,2,0
𤭚,瓦,,0,0
𤭛,瓦,gāng,1,0
𤭜,瓦,lí,2,0
𤭝,瓦,,0,0
𤭞,瓦,dūn,1,0
𤭟,瓦,fù,4,0
𤭠,瓦,nà,4,0
𤭡,瓦,,0,0
𤭢,瓦,cèi,4,0
𤭣,瓦,,0,0
𤭤,瓦,,0,0
𤭥,瓦,,0,0
𤭦,瓦,,0,0
𤭧,瓦,jiē,1,0
𤭨,瓦,,0,0
𤭩,瓦,qìng,4,0
𤭪,瓦,,0,0
𤭫,瓦,yīng,1,0
𤭬,瓦,xiáng,2,0
𤭭,瓦,,0,0
𤭮,瓦,,0,0
𤭯,瓦,,0,0
𤭰,瓦,,0,0
𤭱,瓦,hú,2,0
𤭲,瓦,,0,0
𤭳,瓦,,0,0
𤭴,瓦,sù,4,0
𤭵,瓦,,0,0
𤭶,瓦,,0,0
𤭷,瓦,,0,0
𤭸,瓦,,0,0
𤭹,瓦,,0,0
𤭺,瓦,,0,0
𤭻,瓦,gē,1,0
𤭼,瓦,è,4,0
𤭽,瓦,xù,4,0
𤭾,瓦,,0,0
𤭿,瓦,,0,0
𤮀,瓦,,0,0
𤮁,瓦,,0,0
𤮂,瓦,,0,0
𤮃,瓦,,0,0
𤮄,瓦,,0,0
𤮅,瓦,,0,0
𤮆,瓦,xī,1,0
𤮇,瓦,,0,0
𤮈,瓦,,0,0
𤮉,瓦,,0,0
𤮊,瓦,kāng,1,0
𤮋,瓦,guó,2,0
𤮌,瓦,jiē,1,0
𤮍,瓦,chuán,2,0
𤮎,瓦,léi,2,0
𤮏,瓦,héng,2,0
𤮐,瓦,zūn,1,0
𤮑,瓦,,0,0
𤮒,瓦,,0,0
𤮓,瓦,,0,0
𤮔,瓦,,0,0
𤮕,瓦,piè,4,0
𤮖,瓦,,0,0
𤮗,瓦,,0,0
𤮘,瓦,dēng,1,0
𤮙,瓦,xī,1,0
𤮚,瓦,léi,2,0
𤮛,瓦,,0,0
𤮜,瓦,shàn,4,0
𤮝,瓦,,0,0
𤮞,瓦,,0,0
𤮟,瓦,,0,0
𤮠,瓦,,0,0
𤮡,瓦,,0,0
𤮢,瓦,,0,0
𤮣,瓦,,0,0
𤮤,瓦,,0,0
𤮥,瓦,,0,0
𤮦,瓦,,0,0
𤮧,瓦,lú,2,0
𤮨,瓦,,0,0
𤮩,瓦,duì,4,0
𤮪,瓦,jùn,4,0
𤮫,瓦,,0,0
𤮬,瓦,,0,0
𤮭,瓦,chàn,4,0
𤮮,瓦,,0,0
𤮯,瓦,xié,2,0
𤮰,瓦,wā,1,0
𤮱,瓦,zhé,2,0
𤮲,瓦,,0,0
𤮳,瓦,zhuān,1,0
𤮴,瓦,,0,0
𤮵,瓦,,0,0
𤮶,瓦,,0,0
𤮷,瓦,liù,4,0
𤮸,瓦,léi,2,0
𤮹,瓦,,0,0
𤮺,甘,,0,0
𤮻,甘,,0,0
𤮼,甘,dài,4,0
𤮽,甘,gān,1,0
𤮾,甘,,0,0
𤮿,甘,,0,0
𤯀,甘,,0,0
𤯁,甘,,0,0
𤯂,甘,,0,0
𤯃,甘,,0,0
𤯄,甘,shì,4,0
𤯅,甘,,0,0
𤯆,甘,,0,0
𤯇,甘,yǎn,3,0
𤯈,甘,,0,0
𤯉,甘,,0,0
𤯊,甘,,0,0
𤯋,甘,,0,0
𤯌,甘,gān,1,0
𤯍,甘,,0,0
𤯎,甘,,0,0
𤯏,小,,0,0
𤯐,甘,yán,2,0
𤯑,甘,,0,0
𤯒,甘,,0,0
𤯓,生,,0,0
𤯔,生,,0,0
𤯕,生,,0,0
𤯖,生,suī,1,0
𤯗,生,,0,0
𤯘,生,,0,0
𤯙,生,,0,0
𤯚,生,zhōng,1,0
𤯛,生,,0,0
𤯜,生,shì,4,0
𤯝,生,,0,0
𤯞,生,,0,0
𤯟,生,,0,0
𤯠,生,,0,0
𤯡,生,shèng,4,0
𤯢,生,,0,0
𤯣,生,,0,0
𤯤,生,,0,0
𤯥,生,chǎn,3,0
𤯦,生,,0,0
𤯧,生,,0,0
𤯨,生,,0,0
𤯩,生,,0,0
𤯪,生,,0,0
𤯫,生,,0,0
𤯬,生,,0,0
𤯭,生,,0,0
𤯮,生,,0,0
𤯯,生,,0,0
𤯰,生,,0,0
𤯱,生,,0,0
𤯲,生,,0,0
𤯳,生,,0,0
𤯴,生,,0,0
𤯵,生,,0,0
𤯶,生,,0,0
𤯷,生,huáng,2,0
𤯸,生,yìn,4,0
𤯹,生,,0,0
𤯺,生,,0,0
𤯻,生,měng,3,0
𤯼,生,,0,0
𤯽,弓,,0,0
𤯾,生,,0,0
𤯿,生,,0,0
𤰀,生,,0,0
𤰁,生,,0,0
𤰂,生,ráng,2,0
𤰃,用,,0,0
𤰄,用,,0,0
𤰅,用,xiáng,2,0
𤰆,用,,0,0
𤰇,用,,0,0
𤰈,用,bèi,4,0
𤰉,用,,0,0
𤰊,用,,0,0
𤰋,用,,0,0
𤰌,用,chuán,2,0
𤰍,用,,0,0
𤰎,用,,0,0
𤰏,用,,0,0
𤰐,用,,0,0
𤰑,用,pú,2,0
𤰒,田,,0,0
𤰓,田,,0,0
𤰔,田,,0,0
𤰕,田,,0,0
𤰖,田,,0,0
𤰗,田,,0,0
𤰘,田,,0,0
𤰙,田,kē,1,0
𤰚,田,lā,1,0
𤰛,田,,0,0
𤰜,田,,0,0
𤰝,田,quǎn,3,0
𤰞,田,,0,0
𤰟,田,hàng,4,0
𤰠,田,chì,4,0
𤰡,田,máng,2,0
𤰢,田,,0,0
𤰣,田,,0,0
𤰤,田,,0,0
𤰥,田,,0,0
𤰦,田,zhà,4,0
𤰧,田,,0,0
𤰨,田,,0,0
𤰩,田,,0,0
𤰪,田,fèn,4,0
𤰫,田,,0,0
𤰬,田,chào,4,0
𤰭,田,,0,0
𤰮,田,,0,0
𤰯,田,,0,0
𤰰,田,,0,0
𤰱,田,,0,0
𤰲,田,,0,0
𤰳,田,jǐng,3,0
𤰴,田,,0,0
𤰵,田,,0,0
𤰶,田,,0,0
𤰷,田,,0,0
𤰸,田,,0,0
𤰹,田,,0,0
𤰺,田,,0,0
𤰻,田,,0,0
𤰼,田,,0,0
𤰽,田,,0,0
𤰾,田,,0,0
𤰿,田,,0,0
𤱀,田,,0,0
𤱁,田,,0,0
𤱂,田,,0,0
𤱃,田,liè,4,0
𤱄,田,,0,0
𤱅,田,nà,4,0
𤱆,田,nà,4,0
𤱇,田,tóng,2,0
𤱈,田,,0,0
𤱉,田,,0,0
𤱊,田,,0,0
𤱋,田,rán,2,0
𤱌,田,zǔ,3,0
𤱍,田,pī,1,0
𤱎,田,yǒu,3,0
𤱏,田,,0,0
𤱐,田,shū,1,0
𤱑,田,,0,0
𤱒,田,,0,0
𤱓,田,,0,0
𤱔,田,,0,0
𤱕,田,,0,0
𤱖,田,,0,0
𤱗,田,,0,0
𤱘,田,,0,0
𤱙,田,,0,0
𤱚,田,,0,0
𤱛,田,liè,4,0
𤱜,田,shōu,1,0
𤱝,田,tuǎn,3,0
𤱞,田,,0,0
𤱟,田,gǎo,3,0
𤱠,田,sháo,2,0
𤱡,乙,tuó,2,0
𤱢,田,,0,0
𤱣,田,nán,2,0
𤱤,田,,0,0
𤱥,田,,0,0
𤱦,田,,0,0
𤱧,田,tuǒ,3,0
𤱨,田,gōng,1,0
𤱩,田,diào,4,0
𤱪,田,,0,0
𤱫,田,,0,0
𤱬,田,,0,0
𤱭,田,,0,0
𤱮,田,,0,0
𤱯,田,,0,0
𤱰,田,,0,0
𤱱,田,,0,0
𤱲,田,,0,0
𤱳,田,,0,0
𤱴,田,měng,3,0
𤱵,田,bāng,1,0
𤱶,田,,0,0
𤱷,田,xié,2,0
𤱸,田,sì,4,0
𤱹,田,tǐng,3,0
𤱺,田,guì,4,0
𤱻,田,,0,0
𤱼,田,,0,0
𤱽,田,fú,2,0
𤱾,田,guì,4,0
𤱿,田,,0,0
𤲀,田,,0,0
𤲁,田,,0,0
𤲂,田,,0,0
𤲃,田,,0,0
𤲄,田,,0,0
𤲅,田,,0,0
𤲆,田,,0,0
𤲇,田,,0,0
𤲈,田,,0,0
𤲉,田,guì,4,0
𤲊,田,,0,0
𤲋,田,,0,0
𤲌,田,,0,0
𤲍,田,,0,0
𤲎,田,,0,0
𤲏,田,,0,0
𤲐,田,,0,0
𤲑,田,zhǔ,3,0
𤲒,田,,0,0
𤲓,田,lái,2,0
𤲔,田,,0,0
𤲕,田,lǔn,3,0
𤲖,田,tiǎn,3,0
𤲗,田,rǎn,3,0
𤲘,田,,0,0
𤲙,田,,0,0
𤲚,田,dōng,1,0
𤲛,田,,0,0
𤲜,田,,0,0
𤲝,田,,0,0
𤲞,田,,0,0
𤲟,田,,0,0
𤲠,田,,0,0
𤲡,田,,0,0
𤲢,田,,0,0
𤲣,田,,0,0
𤲤,田,,0,0
𤲥,田,,0,0
𤲦,田,,0,0
𤲧,田,,0,0
𤲨,田,juàn,4,0
𤲩,田,yán,2,0
𤲪,田,,0,0
𤲫,田,,0,0
𤲬,田,ruán,2,0
𤲭,田,dǎn,3,0
𤲮,田,,0,0
𤲯,田,,0,0
𤲰,田,mào,4,0
𤲱,田,,0,0
𤲲,田,,0,0
𤲳,田,,0,0
𤲴,田,,0,0
𤲵,田,,0,0
𤲶,田,luán,2,0
𤲷,田,,0,0
𤲸,田,xù,4,0
𤲹,田,,0,0
𤲺,田,xī,1,0
𤲻,田,,0,0
𤲼,田,,0,0
𤲽,田,,0,0
𤲾,田,,0,0
𤲿,田,,0,0
𤳀,田,,0,0
𤳁,田,,0,0
𤳂,田,má,2,0
𤳃,田,qī,1,0
𤳄,田,,0,0
𤳅,田,chà,4,0
𤳆,田,,0,0
𤳇,田,,0,0
𤳈,田,shāng,1,0
𤳉,田,hàn,4,0
𤳊,田,píng,2,0
𤳋,田,,0,0
𤳌,田,,0,0
𤳍,田,,0,0
𤳎,田,jī,1,0
𤳏,一,,0,0
𤳐,田,,0,0
𤳑,田,,0,0
𤳒,田,,0,0
𤳓,田,lì,4,0
𤳔,田,,0,0
𤳕,田,yù,4,0
𤳖,田,bān,1,0
𤳗,田,,0,0
𤳘,田,tēng,1,0
𤳙,田,,0,0
𤳚,田,,0,0
𤳛,釆,,0,0
𤳜,田,,0,0
𤳝,田,chóu,2,0
𤳞,田,,0,0
𤳟,田,,0,0
𤳠,田,chóu,2,0
𤳡,田,,0,0
𤳢,田,,0,0
𤳣,田,,0,0
𤳤,田,qī,1,0
𤳥,田,xī,1,0
𤳦,田,bèi,4,0
𤳧,田,,0,0
𤳨,田,,0,0
𤳩,田,,0,0
𤳪,田,yè,4,0
𤳫,田,,0,0
𤳬,田,,0,0
𤳭,田,guǎng,3,0
𤳮,田,,0,0
𤳯,田,zhù,4,0
𤳰,田,,0,0
𤳱,田,,0,0
𤳲,田,,0,0
𤳳,田,léi,2,0
𤳴,田,léi,2,0
𤳵,田,chā,1,0
𤳶,田,,0,0
𤳷,田,,0,0
𤳸,田,,0,0
𤳹,田,,0,0
𤳺,田,,0,0
𤳻,田,,0,0
𤳼,田,,0,0
𤳽,田,,0,0
𤳾,田,,0,0
𤳿,田,,0,0
𤴀,田,guǎng,3,0
𤴁,田,,0,0
𤴂,田,,0,0
𤴃,田,,0,0
𤴄,田,,0,0
𤴅,田,,0,0
𤴆,田,,0,0
𤴇,田,,0,0
𤴈,田,,0,0
𤴉,田,,0,0
𤴊,田,,0,0
𤴋,田,,0,0
𤴌,田,,0,0
𤴍,田,dié,2,0
𤴎,田,,0,0
𤴏,田,,0,0
𤴐,田,,0,0
𤴑,田,,0,0
𤴒,田,,0,0
𤴓,疋,yǎ,3,0
𤴔,疋,,0,0
𤴕,疋,,0,0
𤴖,疋,,0,0
𤴗,疋,,0,0
𤴘,疋,niè,4,0
𤴙,疋,shū,1,0
𤴚,疋,,0,0
𤴛,疋,zhì,4,0
𤴜,疋,,0,0
𤴝,疋,,0,0
𤴞,疋,,0,0
𤴟,疋,zhì,4,0
𤴠,疋,,0,0
𤴡,疋,,0,0
𤴢,疋,zhì,4,0
𤴣,疋,pǐ,3,0
𤴤,疋,,0,0
𤴥,疒,jiū,1,0
𤴦,疒,jiū,1,0
𤴧,疒,yì,4,0
𤴨,疒,yòu,4,0
𤴩,疒,,0,0
𤴪,疒,jiū,1,0
𤴫,疒,,0,0
𤴬,疒,,0,0
𤴭,疒,,0,0
𤴮,疒,,0,0
𤴯,疒,huàn,4,0
𤴰,疒,,0,0
𤴱,疒,dù,4,0
𤴲,疒,,0,0
𤴳,疒,,0,0
𤴴,疒,,0,0
𤴵,疒,,0,0
𤴶,疒,,0,0
𤴷,疒,,0,0
𤴸,疒,,0,0
𤴹,疒,,0,0
𤴺,疒,,0,0
𤴻,疒,táo,2,0
𤴼,疒,qiè,4,0
𤴽,疒,qín,2,0
𤴾,疒,xìn,4,0
𤴿,疒,chān,1,0
𤵀,疒,jì,4,0
𤵁,疒,,0,0
𤵂,疒,qìn,4,0
𤵃,疒,,0,0
𤵄,疒,,0,0
𤵅,疒,,0,0
𤵆,疒,,0,0
𤵇,疒,,0,0
𤵈,疒,,0,0
𤵉,疒,,0,0
𤵊,疒,dù,4,0
𤵋,疒,zhī,1,0
𤵌,疒,,0,0
𤵍,疒,,0,0
𤵎,疒,ǒu,3,0
𤵏,疒,,0,0
𤵐,疒,wù,4,0
𤵑,疒,,0,0
𤵒,疒,wén,2,0
𤵓,疒,,0,0
𤵔,疒,,0,0
𤵕,疒,,0,0
𤵖,疒,,0,0
𤵗,疒,,0,0
𤵘,疒,bì,4,0
𤵙,疒,,0,0
𤵚,疒,,0,0
𤵛,疒,bēi,1,0
𤵜,疒,,0,0
𤵝,疒,mǔ,3,0
𤵞,疒,jìn,4,0
𤵟,疒,táo,2,0
𤵠,疒,liáo,2,0
𤵡,疒,,0,0
𤵢,疒,,0,0
𤵣,疒,,0,0
𤵤,疒,,0,0
𤵥,疒,cáo,2,0
𤵦,疒,zhá,2,0
𤵧,疒,,0,0
𤵨,疒,,0,0
𤵩,疒,,0,0
𤵪,疒,,0,0
𤵫,疒,,0,0
𤵬,疒,chǐ,3,0
𤵭,疒,yā,1,0
𤵮,疒,kuí,2,0
𤵯,疒,yìn,4,0
𤵰,疒,,0,0
𤵱,疒,,0,0
𤵲,疒,,0,0
𤵳,疒,,0,0
𤵴,疒,,0,0
𤵵,疒,,0,0
𤵶,疒,,0,0
𤵷,疒,,0,0
𤵸,疒,lóng,2,0
𤵹,疒,qià,4,0
𤵺,疒,,0,0
𤵻,疒,hāng,1,0
𤵼,疒,shàng,4,0
𤵽,疒,hài,4,0
𤵾,疒,chā,1,0
𤵿,疒,,0,0
𤶀,疒,jiǎo,3,0
𤶁,疒,lǎo,3,0
𤶂,疒,,0,0
𤶃,疒,,0,0
𤶄,疒,,0,0
𤶅,疒,,0,0
𤶆,疒,,0,0
𤶇,疒,,0,0
𤶈,疒,xī,1,0
𤶉,疒,,0,0
𤶊,疒,guì,4,0
𤶋,疒,bó,2,0
𤶌,疒,,0,0
𤶍,疒,,0,0
𤶎,疒,,0,0
𤶏,疒,,0,0
𤶐,疒,,0,0
𤶑,疒,,0,0
𤶒,疒,,0,0
𤶓,疒,zhǐ,3,0
𤶔,疒,,0,0
𤶕,疒,tùn,4,0
𤶖,疒,fú,2,0
𤶗,疒,,0,0
𤶘,疒,hū,1,0
𤶙,疒,,0,0
𤶚,疒,niè,4,0
𤶛,疒,yì,4,0
𤶜,疒,zhuàng,4,0
𤶝,疒,,0,0
𤶞,疒,,0,0
𤶟,疒,,0,0
𤶠,疒,chá,2,0
𤶡,疒,,0,0
𤶢,疒,,0,0
𤶣,疒,,0,0
𤶤,疒,suān,1,0
𤶥,疒,,0,0
𤶦,疒,,0,0
𤶧,疒,yùn,4,0
𤶨,疒,,0,0
𤶩,疒,,0,0
𤶪,疒,,0,0
𤶫,疒,,0,0
𤶬,疒,,0,0
𤶭,疒,,0,0
𤶮,疒,dù,4,0
𤶯,疒,,0,0
𤶰,疒,xī,1,0
𤶱,疒,chuàn,4,0
𤶲,疒,xíng,2,0
𤶳,疒,jiǎo,3,0
𤶴,疒,shēn,1,0
𤶵,疒,,0,0
𤶶,疒,,0,0
𤶷,疒,,0,0
𤶸,疒,,0,0
𤶹,疒,,0,0
𤶺,疒,,0,0
𤶻,疒,,0,0
𤶼,疒,,0,0
𤶽,疒,,0,0
𤶾,疒,,0,0
𤶿,疒,,0,0
𤷀,疒,wāng,1,0
𤷁,疒,bēi,1,0
𤷂,疒,féi,2,0
𤷃,疒,jiàn,4,0
𤷄,疒,quán,2,0
𤷅,疒,yì,4,0
𤷆,疒,dōng,1,0
𤷇,疒,xù,4,0
𤷈,疒,nà,4,0
𤷉,疒,jí,2,0
𤷊,疒,,0,0
𤷋,疒,,0,0
𤷌,疒,zhěn,3,0
𤷍,疒,qí,2,0
𤷎,疒,duī,1,0
𤷏,疒,yín,2,0
𤷐,疒,,0,0
𤷑,疒,jiù,4,0
𤷒,疒,pí,2,0
𤷓,疒,xìn,4,0
𤷔,疒,lún,2,0
𤷕,疒,cǎi,3,0
𤷖,疒,lìng,4,0
𤷗,疒,biē,1,0
𤷘,疒,dào,4,0
𤷙,疒,dé,2,0
𤷚,疒,,0,0
𤷛,疒,,0,0
𤷜,疒,,0,0
𤷝,疒,,0,0
𤷞,疒,,0,0
𤷟,疒,la,5,0
𤷠,疒,,0,0
𤷡,疒,xī,1,0
𤷢,疒,jù,4,0
𤷣,疒,,0,0
𤷤,疒,xiáo,2,0
𤷥,疒,,0,0
𤷦,疒,jīng,1,0
𤷧,疒,,0,0
𤷨,疒,,0,0
𤷩,疒,,0,0
𤷪,疒,,0,0
𤷫,疒,,0,0
𤷬,疒,,0,0
𤷭,疒,,0,0
𤷮,疒,,0,0
𤷯,疒,,0,0
𤷰,疒,,0,0
𤷱,疒,,0,0
𤷲,疒,,0,0
𤷳,疒,,0,0
𤷴,疒,,0,0
𤷵,疒,,0,0
𤷶,疒,,0,0
𤷷,疒,,0,0
𤷸,疒,,0,0
𤷹,疒,wài,4,0
𤷺,疒,,0,0
𤷻,疒,nǎo,3,0
𤷼,疒,xiāng,1,0
𤷽,疒,què,4,0
𤷾,疒,qiè,4,0
𤷿,疒,tū,1,0
𤸀,疒,xǔ,3,0
𤸁,疒,huì,4,0
𤸂,疒,,0,0
𤸃,疒,,0,0
𤸄,疒,,0,0
𤸅,疒,mín,2,0
𤸆,疒,wěi,3,0
𤸇,疒,,0,0
𤸈,疒,yóu,2,0
𤸉,疒,tuí,2,0
𤸊,疒,dài,4,0
𤸋,疒,,0,0
𤸌,疒,,0,0
𤸍,疒,,0,0
𤸎,疒,kě,3,0
𤸏,疒,nà,4,0
𤸐,疒,,0,0
𤸑,疒,fù,4,0
𤸒,疒,yù,4,0
𤸓,疒,zhǐ,3,0
𤸔,疒,,0,0
𤸕,疒,hān,1,0
𤸖,疒,āi,1,0
𤸗,疒,fù,4,0
𤸘,疒,,0,0
𤸙,疒,,0,0
𤸚,疒,,0,0
𤸛,疒,,0,0
𤸜,疒,,0,0
𤸝,疒,,0,0
𤸞,疒,,0,0
𤸟,疒,,0,0
𤸠,疒,,0,0
𤸡,疒,yāng,1,0
𤸢,疒,,0,0
𤸣,疒,,0,0
𤸤,疒,shí,2,0
𤸥,疒,,0,0
𤸦,疒,chán,2,0
𤸧,疒,,0,0
𤸨,疒,,0,0
𤸩,疒,,0,0
𤸪,疒,chì,4,0
𤸫,疒,yùn,4,0
𤸬,疒,shuāi,1,0
𤸭,疒,,0,0
𤸮,疒,sù,4,0
𤸯,疒,sǎng,3,0
𤸰,疒,,0,0
𤸱,疒,è,4,0
𤸲,疒,zhěng,3,0
𤸳,疒,ái,2,0
𤸴,疒,suǒ,3,0
𤸵,疒,bù,4,0
𤸶,疒,,0,0
𤸷,疒,qún,2,0
𤸸,疒,yì,4,0
𤸹,疒,yǎn,3,0
𤸺,疒,,0,0
𤸻,疒,nà,4,0
𤸼,疒,wǔ,3,0
𤸽,疒,,0,0
𤸾,疒,,0,0
𤸿,疒,,0,0
𤹀,疒,,0,0
𤹁,疒,,0,0
𤹂,疒,,0,0
𤹃,疒,,0,0
𤹄,疒,,0,0
𤹅,疒,,0,0
𤹆,疒,,0,0
𤹇,疒,lì,4,0
𤹈,疒,lì,4,0
𤹉,疒,,0,0
𤹊,疒,xī,1,0
𤹋,疒,jué,2,0
𤹌,疒,shī,1,0
𤹍,疒,,0,0
𤹎,疒,yǎ,3,0
𤹏,疒,,0,0
𤹐,疒,,0,0
𤹑,疒,,0,0
𤹒,疒,,0,0
𤹓,疒,,0,0
𤹔,疒,,0,0
𤹕,疒,,0,0
𤹖,疒,,0,0
𤹗,疒,,0,0
𤹘,疒,,0,0
𤹙,疒,,0,0
𤹚,疒,,0,0
𤹛,疒,chén,2,0
𤹜,疒,yíng,2,0
𤹝,疒,bì,4,0
𤹞,疒,chè,4,0
𤹟,疒,,0,0
𤹠,疒,,0,0
𤹡,疒,zhā,1,0
𤹢,疒,tuǒ,3,0
𤹣,疒,hù,4,0
𤹤,疒,téng,2,0
𤹥,疒,yìng,4,0
𤹦,疒,bǐ,3,0
𤹧,疒,níng,2,0
𤹨,疒,liàn,4,0
𤹩,疒,xìn,4,0
𤹪,疒,yǔ,3,0
𤹫,疒,,0,0
𤹬,疒,,0,0
𤹭,疒,,0,0
𤹮,疒,,0,0
𤹯,疒,,0,0
𤹰,疒,,0,0
𤹱,疒,,0,0
𤹲,疒,bèi,4,0
𤹳,疒,,0,0
𤹴,疒,mó,2,0
𤹵,疒,duī,1,0
𤹶,疒,,0,0
𤹷,疒,dǎo,3,0
𤹸,疒,qí,2,0
𤹹,疒,,0,0
𤹺,疒,è,4,0
𤹻,疒,,0,0
𤹼,疒,,0,0
𤹽,疒,,0,0
𤹾,疒,,0,0
𤹿,疒,,0,0
𤺀,疒,shuāi,1,0
𤺁,疒,,0,0
𤺂,疒,,0,0
𤺃,疒,xiāo,1,0
𤺄,疒,zhǒng,3,0
𤺅,疒,zhuì,4,0
𤺆,疒,,0,0
𤺇,疒,biàn,4,0
𤺈,疒,,0,0
𤺉,疒,wěi,3,0
𤺊,疒,xī,1,0
𤺋,疒,,0,0
𤺌,疒,dēng,1,0
𤺍,疒,,0,0
𤺎,疒,xiē,1,0
𤺏,疒,pān,1,0
𤺐,疒,niè,4,0
𤺑,疒,,0,0
𤺒,疒,,0,0
𤺓,疒,bié,2,0
𤺔,疒,shè,4,0
𤺕,疒,fèi,4,0
𤺖,疒,mǐn,3,0
𤺗,疒,qì,4,0
𤺘,疒,,0,0
𤺙,疒,,0,0
𤺚,疒,,0,0
𤺛,疒,,0,0
𤺜,疒,,0,0
𤺝,疒,,0,0
𤺞,疒,,0,0
𤺟,疒,,0,0
𤺠,疒,,0,0
𤺡,疒,,0,0
𤺢,疒,,0,0
𤺣,疒,,0,0
𤺤,疒,,0,0
𤺥,疒,,0,0
𤺦,疒,,0,0
𤺧,疒,,0,0
𤺨,疒,,0,0
𤺩,疒,,0,0
𤺪,疒,shàn,4,0
𤺫,疒,suǒ,3,0
𤺬,疒,,0,0
𤺭,疒,,0,0
𤺮,疒,,0,0
𤺯,疒,,0,0
𤺰,疒,,0,0
𤺱,疒,,0,0
𤺲,疒,,0,0
𤺳,疒,,0,0
𤺴,疒,,0,0
𤺵,疒,,0,0
𤺶,疒,,0,0
𤺷,疒,jí,2,0
𤺸,疒,,0,0
𤺹,疒,,0,0
𤺺,疒,dǎn,3,0
𤺻,疒,juàn,4,0
𤺼,疒,lù,4,0
𤺽,疒,,0,0
𤺾,疒,ào,4,0
𤺿,疒,,0,0
𤻀,疒,,0,0
𤻁,疒,,0,0
𤻂,疒,yì,4,0
𤻃,疒,shǔ,3,0
𤻄,疒,suì,4,0
𤻅,疒,wèi,4,0
𤻆,疒,wán,2,0
𤻇,疒,chǔ,3,0
𤻈,疒,,0,0
𤻉,疒,,0,0
𤻊,疒,tuí,2,0
𤻋,疒,,0,0
𤻌,疒,wò,4,0
𤻍,疒,,0,0
𤻎,疒,,0,0
𤻏,疒,,0,0
𤻐,疒,,0,0
𤻑,疒,,0,0
𤻒,疒,,0,0
𤻓,疒,,0,0
𤻔,疒,,0,0
𤻕,疒,,0,0
𤻖,疒,bì,4,0
𤻗,疒,,0,0
𤻘,疒,yǐn,3,0
𤻙,疒,huó,2,0
𤻚,疒,,0,0
𤻛,疒,,0,0
𤻜,疒,kài,4,0
𤻝,疒,níng,2,0
𤻞,疒,,0,0
𤻟,疒,,0,0
𤻠,疒,,0,0
𤻡,疒,,0,0
𤻢,疒,ài,4,0
𤻣,疒,,0,0
𤻤,疒,lì,4,0
𤻥,疒,,0,0
𤻦,疒,zhāi,1,0
𤻧,疒,,0,0
𤻨,疒,,0,0
𤻩,疒,,0,0
𤻪,疒,,0,0
𤻫,疒,,0,0
𤻬,疒,,0,0
𤻭,疒,,0,0
𤻮,疒,,0,0
𤻯,疒,,0,0
𤻰,疒,,0,0
𤻱,疒,lù,4,0
𤻲,疒,,0,0
𤻳,疒,,0,0
𤻴,疒,,0,0
𤻵,疒,,0,0
𤻶,疒,biàn,4,0
𤻷,疒,pán,2,0
𤻸,疒,,0,0
𤻹,疒,,0,0
𤻺,疒,,0,0
𤻻,疒,,0,0
𤻼,疒,,0,0
𤻽,疒,,0,0
𤻾,疒,,0,0
𤻿,疒,guì,4,0
𤼀,疒,sū,1,0
𤼁,疒,méng,2,0
𤼂,疒,xiǎn,3,0
𤼃,疒,lòng,4,0
𤼄,疒,,0,0
𤼅,疒,qì,4,0
𤼆,疒,,0,0
𤼇,疒,,0,0
𤼈,疒,,0,0
𤼉,疒,,0,0
𤼊,疒,,0,0
𤼋,疒,chàn,4,0
𤼌,疒,yì,4,0
𤼍,疒,háng,2,0
𤼎,疒,,0,0
𤼏,疒,liǎn,3,0
𤼐,疒,guàn,4,0
𤼑,疒,,0,0
𤼒,疒,wěi,3,0
𤼓,疒,,0,0
𤼔,疒,,0,0
𤼕,疒,,0,0
𤼖,疒,,0,0
𤼗,疒,jué,2,0
𤼘,疒,léi,2,0
𤼙,疒,luán,2,0
𤼚,疒,lì,4,0
𤼛,疒,,0,0
𤼜,疒,pí,2,0
𤼝,疒,,0,0
𤼞,疒,,0,0
𤼟,疒,,0,0
𤼠,疒,,0,0
𤼡,疒,,0,0
𤼢,疒,huǎn,3,0
𤼣,疒,,0,0
𤼤,疒,,0,0
𤼥,癶,,0,0
𤼦,癶,,0,0
𤼧,癶,,0,0
𤼨,癶,,0,0
𤼩,癶,,0,0
𤼪,癶,,0,0
𤼫,癶,,0,0
𤼬,癶,,0,0
𤼭,癶,,0,0
𤼮,癶,guī,1,0
𤼯,癶,,0,0
𤼰,癶,,0,0
𤼱,癶,,0,0
𤼲,癶,,0,0
𤼳,癶,jú,2,0
𤼴,癶,,0,0
𤼵,癶,,0,0
𤼶,癶,dēng,1,0
𤼷,癶,,0,0
𤼸,癶,,0,0
𤼹,癶,,0,0
𤼺,癶,fèi,4,0
𤼻,癶,,0,0
𤼼,癶,,0,0
𤼽,白,,0,0
𤼾,白,,0,0
𤼿,白,,0,0
𤽀,白,,0,0
𤽁,白,zhī,1,0
𤽂,白,,0,0
𤽃,白,mèi,4,0
𤽄,白,,0,0
𤽅,白,huàn,4,0
𤽆,白,,0,0
𤽇,白,,0,0
𤽈,白,,0,0
𤽉,白,pā,1,0
𤽊,白,bǐ,3,0
𤽋,白,,0,0
𤽌,白,pō,1,0
𤽍,白,,0,0
𤽎,白,,0,0
𤽏,白,,0,0
𤽐,白,,0,0
𤽑,白,,0,0
𤽒,白,,0,0
𤽓,白,ér,2,0
𤽔,白,,0,0
𤽕,白,huàn,4,0
𤽖,白,,0,0
𤽗,白,,0,0
𤽘,白,,0,0
𤽙,白,,0,0
𤽚,白,,0,0
𤽛,白,,0,0
𤽜,白,,0,0
𤽝,白,,0,0
𤽞,白,,0,0
𤽟,白,,0,0
𤽠,白,,0,0
𤽡,白,,0,0
𤽢,白,,0,0
𤽣,白,chàng,4,0
𤽤,白,,0,0
𤽥,白,luò,4,0
𤽦,白,fǒu,3,0
𤽧,白,,0,0
𤽨,白,,0,0
𤽩,白,,0,0
𤽪,白,,0,0
𤽫,白,,0,0
𤽬,白,,0,0
𤽭,白,,0,0
𤽮,白,,0,0
𤽯,白,chóu,2,0
𤽰,白,,0,0
𤽱,白,zú,2,0
𤽲,白,nán,2,0
𤽳,白,xiǎo,3,0
𤽴,白,,0,0
𤽵,白,,0,0
𤽶,白,,0,0
𤽷,白,,0,0
𤽸,白,,0,0
𤽹,白,bài,4,0
𤽺,白,lù,4,0
𤽻,白,,0,0
𤽼,白,luò,4,0
𤽽,白,,0,0
𤽾,白,,0,0
𤽿,白,niàn,4,0
𤾀,白,zé,2,0
𤾁,白,,0,0
𤾂,白,,0,0
𤾃,白,,0,0
𤾄,白,zhù,4,0
𤾅,白,hú,2,0
𤾆,白,,0,0
𤾇,白,,0,0
𤾈,白,huī,1,0
𤾉,白,tǎng,3,0
𤾊,白,chóu,2,0
𤾋,白,,0,0
𤾌,白,,0,0
𤾍,白,,0,0
𤾎,白,,0,0
𤾏,白,,0,0
𤾐,白,,0,0
𤾑,白,huáng,2,0
𤾒,白,dōu,1,0
𤾓,白,,0,0
𤾔,白,,0,0
𤾕,白,,0,0
𤾖,白,,0,0
𤾗,白,,0,0
𤾘,白,,0,0
𤾙,白,,0,0
𤾚,白,,0,0
𤾛,白,miào,4,0
𤾜,白,,0,0
𤾝,白,bó,2,0
𤾞,白,,0,0
𤾟,白,,0,0
𤾠,白,dì,4,0
𤾡,白,,0,0
𤾢,白,děng,3,0
𤾣,白,pū,1,0
𤾤,白,,0,0
𤾥,白,sōng,1,0
𤾦,白,chóu,2,0
𤾧,白,,0,0
𤾨,白,,0,0
𤾩,白,,0,0
𤾪,白,,0,0
𤾫,白,yào,4,0
𤾬,白,měng,3,0
𤾭,白,lóng,2,0
𤾮,白,,0,0
𤾯,白,,0,0
𤾰,白,,0,0
𤾱,白,,0,0
𤾲,白,lián,2,0
𤾳,白,,0,0
𤾴,白,,0,0
𤾵,白,bié,2,0
𤾶,白,,0,0
𤾷,白,,0,0
𤾸,白,,0,0
𤾹,白,,0,0
𤾺,白,lǚ,3,0
𤾻,白,,0,0
𤾼,白,,0,0
𤾽,白,,0,0
𤾾,白,,0,0
𤾿,白,sè,4,0
𤿀,白,zuó,2,0
𤿁,白,,0,0
𤿂,白,,0,0
𤿃,白,,0,0
𤿄,白,cún,2,0
𤿅,白,líng,2,0
𤿆,皮,zhěng,3,0
𤿇,皮,pǐ,3,0
𤿈,皮,báo,2,0
𤿉,皮,,0,0
𤿊,皮,,0,0
𤿋,皮,què,4,0
𤿌,皮,,0,0
𤿍,皮,,0,0
𤿎,皮,pī,1,0
𤿏,皮,nàn,4,0
𤿐,皮,pī,1,0
𤿑,皮,bǒ,3,0
𤿒,皮,bèi,4,0
𤿓,皮,fā,1,0
𤿔,皮,,0,0
𤿕,皮,mǐn,3,0
𤿖,皮,mò,4,0
𤿗,皮,wà,4,0
𤿘,皮,zhāo,1,0
𤿙,皮,zhì,4,0
𤿚,皮,cū,1,0
𤿛,皮,,0,0
𤿜,皮,,0,0
𤿝,皮,,0,0
𤿞,皮,,0,0
𤿟,皮,xún,2,0
𤿠,皮,jí,2,0
𤿡,皮,guì,4,0
𤿢,皮,,0,0
𤿣,皮,chéng,2,0
𤿤,皮,,0,0
𤿥,皮,,0,0
𤿦,皮,,0,0
𤿧,皮,hàn,4,0
𤿨,皮,xiào,4,0
𤿩,皮,què,4,0
𤿪,皮,,0,0
𤿫,皮,chuò,4,0
𤿬,皮,,0,0
𤿭,皮,fǔ,3,0
𤿮,皮,,0,0
𤿯,皮,,0,0
𤿰,皮,,0,0
𤿱,皮,,0,0
𤿲,皮,fū,1,0
𤿳,皮,qǐn,3,0
𤿴,皮,lù,4,0
𤿵,皮,què,4,0
𤿶,皮,diǎn,3,0
𤿷,皮,qiān,1,0
𤿸,皮,,0,0
𤿹,皮,,0,0
𤿺,皮,,0,0
𤿻,皮,,0,0
𤿼,皮,chǎng,3,0
𤿽,皮,tà,4,0
𤿾,皮,bēi,1,0
𤿿,皮,,0,0
𥀀,皮,,0,0
𥀁,皮,dù,4,0
𥀂,皮,běng,3,0
𥀃,皮,hòu,4,0
𥀄,皮,,0,0
𥀅,皮,,0,0
𥀆,皮,,0,0
𥀇,皮,,0,0
𥀈,皮,zhǎ,3,0
𥀉,皮,zhǎ,3,0
𥀊,皮,,0,0
𥀋,皮,,0,0
𥀌,皮,,0,0
𥀍,皮,,0,0
𥀎,皮,què,4,0
𥀏,皮,má,2,0
𥀐,皮,hán,2,0
𥀑,皮,,0,0
𥀒,皮,,0,0
𥀓,皮,liú,2,0
𥀔,皮,lù,4,0
𥀕,皮,,0,0
𥀖,皮,zī,1,0
𥀗,皮,,0,0
𥀘,皮,pǐ,3,0
𥀙,皮,zhòu,4,0
𥀚,皮,,0,0
𥀛,皮,zāo,1,0
𥀜,皮,,0,0
𥀝,皮,niǔ,3,0
𥀞,皮,,0,0
𥀟,皮,,0,0
𥀠,皮,huì,4,0
𥀡,皮,,0,0
𥀢,皮,,0,0
𥀣,皮,xué,2,0
𥀤,皮,,0,0
𥀥,皮,là,4,0
𥀦,皮,,0,0
𥀧,皮,,0,0
𥀨,皮,,0,0
𥀩,皮,,0,0
𥀪,皮,,0,0
𥀫,皮,nóu,2,0
𥀬,皮,yǎn,3,0
𥀭,皮,rǎn,3,0
𥀮,皮,nǎo,3,0
𥀯,皮,,0,0
𥀰,皮,là,4,0
𥀱,皮,guǎng,3,0
𥀲,皮,dú,2,0
𥀳,皮,,0,0
𥀴,皮,,0,0
𥀵,皮,lú,2,0
𥀶,皮,,0,0
𥀷,皮,,0,0
𥀸,皮,,0,0
𥀹,皮,jiǎn,3,0
𥀺,皮,xiè,4,0
𥀻,鼓,qì,4,0
𥀼,鼓,,0,0
𥀽,鼓,,0,0
𥀾,鼓,xiàng,4,0
𥀿,皿,,0,0
𥁀,皿,,0,0
𥁁,皿,guǒ,3,0
𥁂,皿,jié,2,0
𥁃,皿,màng,4,0
𥁄,皿,,0,0
𥁅,皿,,0,0
𥁆,皿,xiā,1,0
𥁇,皿,kuī,1,0
𥁈,皿,,0,0
𥁉,皿,,0,0
𥁊,皿,,0,0
𥁋,皿,,0,0
𥁌,皿,,0,0
𥁍,皿,,0,0
𥁎,皿,yòng,4,0
𥁏,皿,,0,0
𥁐,皿,hǎi,3,0
𥁑,皿,mì,4,0
𥁒,皿,yào,4,0
𥁓,皿,,0,0
𥁔,皿,,0,0
𥁕,皿,wēn,1,0
𥁖,皿,,0,0
𥁗,皿,,0,0
𥁘,皿,,0,0
𥁙,皿,,0,0
𥁚,皿,,0,0
𥁛,皿,,0,0
𥁜,皿,,0,0
𥁝,皿,,0,0
𥁞,皿,,0,0
𥁟,皿,lì,4,0
𥁠,皿,juàn,4,0
𥁡,皿,wū,1,0
𥁢,皿,qiáo,2,0
𥁣,皿,,0,0
𥁤,皿,,0,0
𥁥,皿,,0,0
𥁦,皿,,0,0
𥁧,皿,,0,0
𥁨,皿,,0,0
𥁩,皿,,0,0
𥁪,皿,,0,0
𥁫,皿,,0,0
𥁬,皿,,0,0
𥁭,皿,,0,0
𥁮,皿,diào,4,0
𥁯,皿,chù,4,0
𥁰,皿,,0,0
𥁱,皿,,0,0
𥁲,皿,suō,1,0
𥁳,皿,,0,0
𥁴,皿,,0,0
𥁵,皿,chōng,1,0
𥁶,皿,,0,0
𥁷,皿,,0,0
𥁸,皿,quān,1,0
𥁹,皿,shè,4,0
𥁺,皿,,0,0
𥁻,皿,,0,0
𥁼,皿,,0,0
𥁽,皿,,0,0
𥁾,皿,,0,0
𥁿,皿,,0,0
𥂀,皿,,0,0
𥂁,皿,yán,2,0
𥂂,皿,měng,3,0
𥂃,皿,jù,4,0
𥂄,皿,,0,0
𥂅,皿,,0,0
𥂆,皿,,0,0
𥂇,皿,,0,0
𥂈,皿,,0,0
𥂉,皿,,0,0
𥂊,皿,,0,0
𥂋,皿,tú,2,0
𥂌,皿,,0,0
𥂍,皿,,0,0
𥂎,皿,,0,0
𥂏,皿,,0,0
𥂐,皿,,0,0
𥂑,皿,,0,0
𥂒,皿,nóng,2,0
𥂓,皿,mó,2,0
𥂔,皿,,0,0
𥂕,皿,,0,0
𥂖,皿,,0,0
𥂗,皿,,0,0
𥂘,皿,,0,0
𥂙,皿,fèn,4,0
𥂚,皿,,0,0
𥂛,皿,,0,0
𥂜,皿,,0,0
𥂝,皿,,0,0
𥂞,皿,,0,0
𥂟,皿,,0,0
𥂠,皿,,0,0
𥂡,皿,,0,0
𥂢,皿,áo,2,0
𥂣,皿,guō,1,0
𥂤,皿,hú,2,0
𥂥,皿,cán,2,0
𥂦,皿,dūn,1,0
𥂧,皿,hǎi,3,0
𥂨,皿,jiǎo,3,0
𥂩,皿,,0,0
𥂪,皿,,0,0
𥂫,皿,,0,0
𥂬,皿,,0,0
𥂭,皿,,0,0
𥂮,皿,,0,0
𥂯,皿,,0,0
𥂰,皿,gū,1,0
𥂱,皿,,0,0
𥂲,皿,,0,0
𥂳,冫,,0,0
𥂴,皿,,0,0
𥂵,皿,jīn,1,0
𥂶,皿,,0,0
𥂷,皿,,0,0
𥂸,皿,yáng,2,0
𥂹,皿,,0,0
𥂺,皿,,0,0
𥂻,皿,,0,0
𥂼,皿,,0,0
𥂽,皿,,0,0
𥂾,皿,,0,0
𥂿,皿,,0,0
𥃀,皿,chà,4,0
𥃁,皿,,0,0
𥃂,皿,,0,0
𥃃,皿,,0,0
𥃄,皿,,0,0
𥃅,皿,,0,0
𥃆,皿,,0,0
𥃇,皿,,0,0
𥃈,皿,,0,0
𥃉,皿,,0,0
𥃊,皿,,0,0
𥃋,皿,,0,0
𥃌,皿,huī,1,0
𥃍,皿,,0,0
𥃎,皿,,0,0
𥃏,皿,,0,0
𥃐,皿,,0,0
𥃑,皿,,0,0
𥃒,皿,,0,0
𥃓,皿,,0,0
𥃔,皿,qú,2,0
𥃕,皿,kē,1,0
𥃖,皿,,0,0
𥃗,皿,,0,0
𥃘,皿,,0,0
𥃙,皿,,0,0
𥃚,皿,,0,0
𥃛,皿,,0,0
𥃜,皿,,0,0
𥃝,皿,,0,0
𥃞,皿,,0,0
𥃟,皿,qīng,1,0
𥃠,皿,yì,4,0
𥃡,皿,,0,0
𥃢,皿,,0,0
𥃣,皿,kǎi,3,0
𥃤,目,jiǎo,3,0
𥃥,目,,0,0
𥃦,目,,0,0
𥃧,目,chōu,1,0
𥃨,目,bǔ,3,0
𥃩,目,gèn,4,0
𥃪,目,jiāo,1,0
𥃫,目,zhī,1,0
𥃬,目,,0,0
𥃭,目,,0,0
𥃮,目,wèn,4,0
𥃯,目,,0,0
𥃰,目,bīn,1,0
𥃱,目,,0,0
𥃲,目,,0,0
𥃳,目,,0,0
𥃴,目,xiòng,4,0
𥃵,目,fàn,4,0
𥃶,目,,0,0
𥃷,目,,0,0
𥃸,目,yí,2,0
𥃹,目,chuàn,4,0
𥃺,目,yào,4,0
𥃻,目,,0,0
𥃼,目,,0,0
𥃽,目,yāng,1,0
𥃾,目,dù,4,0
𥃿,目,yǎn,3,0
𥄀,目,,0,0
𥄁,目,méng,2,0
𥄂,目,,0,0
𥄃,目,,0,0
𥄄,目,,0,0
𥄅,目,,0,0
𥄆,目,,0,0
𥄇,目,chī,1,0
𥄈,目,mù,4,0
𥄉,目,jiāo,1,0
𥄊,目,,0,0
𥄋,目,nǜ,4,0
𥄌,目,,0,0
𥄍,目,guó,2,0
𥄎,目,xuè,4,0
𥄏,目,,0,0
𥄐,目,,0,0
𥄑,目,fú,2,0
𥄒,目,xuē,1,0
𥄓,目,fū,1,0
𥄔,目,pèi,4,0
𥄕,目,mò,4,0
𥄖,目,xī,1,0
𥄗,目,wò,4,0
𥄘,目,shǎn,3,0
𥄙,目,,0,0
𥄚,目,,0,0
𥄛,目,xī,1,0
𥄜,目,qì,4,0
𥄝,目,miàn,4,0
𥄞,目,,0,0
𥄟,目,,0,0
𥄠,目,,0,0
𥄡,目,,0,0
𥄢,目,,0,0
𥄣,目,,0,0
𥄤,目,,0,0
𥄥,目,,0,0
𥄦,目,dǎn,3,0
𥄧,目,,0,0
𥄨,目,chǒu,3,0
𥄩,目,,0,0
𥄪,目,,0,0
𥄫,目,,0,0
𥄬,目,,0,0
𥄭,目,,0,0
𥄮,目,,0,0
𥄯,目,,0,0
𥄰,目,,0,0
𥄱,目,fèi,4,0
𥄲,目,mié,2,0
𥄳,目,,0,0
𥄴,目,xuè,4,0
𥄵,目,xù,4,0
𥄶,目,sī,1,0
𥄷,目,jǔ,3,0
𥄸,目,mǎo,3,0
𥄹,目,bào,4,0
𥄺,目,,0,0
𥄻,目,yí,2,0
𥄼,目,guā,1,0
𥄽,目,nì,4,0
𥄾,目,,0,0
𥄿,目,yí,2,0
𥅀,目,,0,0
𥅁,目,zuò,4,0
𥅂,目,,0,0
𥅃,目,,0,0
𥅄,目,nǔ,3,0
𥅅,目,,0,0
𥅆,目,,0,0
𥅇,目,,0,0
𥅈,目,,0,0
𥅉,目,,0,0
𥅊,目,,0,0
𥅋,目,,0,0
𥅌,目,,0,0
𥅍,目,,0,0
𥅎,目,,0,0
𥅏,目,,0,0
𥅐,目,,0,0
𥅑,目,diàn,4,0
𥅒,目,fàn,4,0
𥅓,目,yì,4,0
𥅔,目,shì,4,0
𥅕,目,,0,0
𥅖,目,,0,0
𥅗,目,cū,1,0
𥅘,目,zhěn,3,0
𥅙,目,,0,0
𥅚,目,,0,0
𥅛,目,,0,0
𥅜,目,,0,0
𥅝,目,,0,0
𥅞,目,shì,4,0
𥅟,目,jiǎo,3,0
𥅠,目,hòu,4,0
𥅡,目,ér,2,0
𥅢,目,,0,0
𥅣,目,,0,0
𥅤,目,,0,0
𥅥,目,,0,0
𥅦,目,lèi,4,0
𥅧,目,xuè,4,0
𥅨,目,gèng,4,0
𥅩,目,,0,0
𥅪,目,shōu,1,0
𥅫,目,,0,0
𥅬,目,juān,1,0
𥅭,目,,0,0
𥅮,目,,0,0
𥅯,目,,0,0
𥅰,目,,0,0
𥅱,目,,0,0
𥅲,目,,0,0
𥅳,目,,0,0
𥅴,目,jié,2,0
𥅵,目,wéi,2,0
𥅶,目,,0,0
𥅷,目,shǒu,3,0
𥅸,目,jìng,4,0
𥅹,目,,0,0
𥅺,目,xú,2,0
𥅻,目,chòng,4,0
𥅼,目,,0,0
𥅽,目,,0,0
𥅾,目,,0,0
𥅿,目,,0,0
𥆀,目,,0,0
𥆁,目,,0,0
𥆂,目,,0,0
𥆃,目,,0,0
𥆄,目,,0,0
𥆅,目,jiāng,1,0
𥆆,目,mòu,4,0
𥆇,目,,0,0
𥆈,目,,0,0
𥆉,目,yù,4,0
𥆊,目,,0,0
𥆋,目,,0,0
𥆌,目,jué,2,0
𥆍,目,,0,0
𥆎,目,,0,0
𥆏,目,,0,0
𥆐,目,,0,0
𥆑,目,tìng,4,0
𥆒,目,,0,0
𥆓,目,,0,0
𥆔,目,xiāo,1,0
𥆕,目,,0,0
𥆖,目,dōu,1,0
𥆗,目,,0,0
𥆘,目,guó,2,0
𥆙,目,máng,2,0
𥆚,目,wāng,1,0
𥆛,目,xù,4,0
𥆜,目,wàng,4,0
𥆝,目,suō,1,0
𥆞,目,juàn,4,0
𥆟,目,yuè,4,0
𥆠,目,,0,0
𥆡,目,hán,2,0
𥆢,目,,0,0
𥆣,目,shēn,1,0
𥆤,目,,0,0
𥆥,目,xié,2,0
𥆦,目,liú,2,0
𥆧,目,rún,2,0
𥆨,目,,0,0
𥆩,目,,0,0
𥆪,目,,0,0
𥆫,目,,0,0
𥆬,目,,0,0
𥆭,目,,0,0
𥆮,目,,0,0
𥆯,目,bì,4,0
𥆰,目,,0,0
𥆱,目,,0,0
𥆲,目,nào,4,0
𥆳,目,,0,0
𥆴,目,,0,0
𥆵,目,,0,0
𥆶,目,wàn,4,0
𥆷,目,jiù,4,0
𥆸,目,quē,1,0
𥆹,目,,0,0
𥆺,目,,0,0
𥆻,目,,0,0
𥆼,目,,0,0
𥆽,目,,0,0
𥆾,目,,0,0
𥆿,目,,0,0
𥇀,目,,0,0
𥇁,目,,0,0
𥇂,目,,0,0
𥇃,目,,0,0
𥇄,目,nì,4,0
𥇅,目,,0,0
𥇆,目,mí,2,0
𥇇,目,suō,1,0
𥇈,目,,0,0
𥇉,目,qiǎng,3,0
𥇊,目,,0,0
𥇋,目,,0,0
𥇌,目,hàn,4,0
𥇍,目,zhuó,2,0
𥇎,目,mí,2,0
𥇏,目,xù,4,0
𥇐,目,,0,0
𥇑,目,lǎng,3,0
𥇒,目,jié,2,0
𥇓,目,dìng,4,0
𥇔,目,chàng,4,0
𥇕,目,zhì,4,0
𥇖,目,fēi,1,0
𥇗,目,jiá,2,0
𥇘,目,jùn,4,0
𥇙,目,huò,4,0
𥇚,目,qī,1,0
𥇛,目,jū,1,0
𥇜,目,zhūn,1,0
𥇝,目,,0,0
𥇞,目,diàn,4,0
𥇟,目,jiǎo,3,0
𥇠,目,yā,1,0
𥇡,目,,0,0
𥇢,目,zhǎn,3,0
𥇣,目,,0,0
𥇤,目,,0,0
𥇥,目,,0,0
𥇦,目,,0,0
𥇧,目,,0,0
𥇨,目,,0,0
𥇩,目,,0,0
𥇪,目,,0,0
𥇫,目,,0,0
𥇬,目,,0,0
𥇭,目,zhī,1,0
𥇮,目,,0,0
𥇯,目,mài,4,0
𥇰,目,hū,1,0
𥇱,目,xiè,4,0
𥇲,目,shí,2,0
𥇳,目,guī,1,0
𥇴,斤,,0,0
𥇵,目,,0,0
𥇶,目,,0,0
𥇷,目,,0,0
𥇸,目,,0,0
𥇹,目,,0,0
𥇺,目,,0,0
𥇻,目,,0,0
𥇼,目,,0,0
𥇽,目,,0,0
𥇾,目,,0,0
𥇿,目,xù,4,0
𥈀,目,,0,0
𥈁,目,,0,0
𥈂,目,jí,2,0
𥈃,目,,0,0
𥈄,目,chuàng,4,0
𥈅,目,,0,0
𥈆,目,mào,4,0
𥈇,目,ruán,2,0
𥈈,目,xū,1,0
𥈉,目,huàn,4,0
𥈊,目,shà,4,0
𥈋,目,jǔ,3,0
𥈌,目,,0,0
𥈍,目,,0,0
𥈎,目,,0,0
𥈏,目,kuàng,4,0
𥈐,目,,0,0
𥈑,目,hóu,2,0
𥈒,目,guān,1,0
𥈓,目,guā,1,0
𥈔,目,,0,0
𥈕,目,mí,2,0
𥈖,目,dié,2,0
𥈗,目,bì,4,0
𥈘,目,liǎng,3,0
𥈙,目,là,4,0
𥈚,目,shǎn,3,0
𥈛,目,lù,4,0
𥈜,目,xì,4,0
𥈝,目,,0,0
𥈞,目,,0,0
𥈟,目,sǒu,3,0
𥈠,目,,0,0
𥈡,目,,0,0
𥈢,目,,0,0
𥈣,目,,0,0
𥈤,目,,0,0
𥈥,目,,0,0
𥈦,目,,0,0
𥈧,目,,0,0
𥈨,目,,0,0
𥈩,目,,0,0
𥈪,目,,0,0
𥈫,目,,0,0
𥈬,目,ōu,1,0
𥈭,目,,0,0
𥈮,目,léng,2,0
𥈯,目,,0,0
𥈰,目,,0,0
𥈱,目,,0,0
𥈲,目,,0,0
𥈳,目,,0,0
𥈴,目,,0,0
𥈵,目,,0,0
𥈶,目,,0,0
𥈷,目,kū,1,0
𥈸,目,guī,1,0
𥈹,目,,0,0
𥈺,目,,0,0
𥈻,目,xī,1,0
𥈼,目,pán,2,0
𥈽,目,sè,4,0
𥈾,目,juè,4,0
𥈿,目,hòng,4,0
𥉀,目,guàn,4,0
𥉁,目,jù,4,0
𥉂,目,,0,0
𥉃,目,nài,4,0
𥉄,目,huá,2,0
𥉅,目,gé,2,0
𥉆,目,lì,4,0
𥉇,目,gòu,4,0
𥉈,目,tì,4,0
𥉉,目,,0,0
𥉊,目,mà,4,0
𥉋,目,téng,2,0
𥉌,目,dá,2,0
𥉍,目,,0,0
𥉎,目,,0,0
𥉏,目,,0,0
𥉐,目,qī,1,0
𥉑,目,yù,4,0
𥉒,目,jiǎo,3,0
𥉓,目,miè,4,0
𥉔,目,gěng,3,0
𥉕,目,mèng,4,0
𥉖,目,wèi,4,0
𥉗,目,,0,0
𥉘,目,tí,2,0
𥉙,目,qí,2,0
𥉚,目,,0,0
𥉛,目,,0,0
𥉜,目,chén,2,0
𥉝,目,dōu,1,0
𥉞,目,,0,0
𥉟,目,pán,2,0
𥉠,目,,0,0
𥉡,目,,0,0
𥉢,目,,0,0
𥉣,目,,0,0
𥉤,目,,0,0
𥉥,目,,0,0
𥉦,目,,0,0
𥉧,目,,0,0
𥉨,目,,0,0
𥉩,目,,0,0
𥉪,目,,0,0
𥉫,目,,0,0
𥉬,目,,0,0
𥉭,目,,0,0
𥉮,目,,0,0
𥉯,目,,0,0
𥉰,目,hàn,4,0
𥉱,目,,0,0
𥉲,目,,0,0
𥉳,目,,0,0
𥉴,目,mì,4,0
𥉵,目,má,2,0
𥉶,目,lù,4,0
𥉷,目,qī,1,0
𥉸,目,kēng,1,0
𥉹,目,,0,0
𥉺,目,dié,2,0
𥉻,目,qì,4,0
𥉼,目,jiāo,1,0
𥉽,目,kāng,1,0
𥉾,目,qiāo,1,0
𥉿,目,mì,4,0
𥊀,目,shān,1,0
𥊁,目,,0,0
𥊂,目,,0,0
𥊃,目,,0,0
𥊄,目,,0,0
𥊅,目,,0,0
𥊆,目,,0,0
𥊇,目,jiān,1,0
𥊈,目,lí,2,0
𥊉,目,kè,4,0
𥊊,目,xù,4,0
𥊋,目,,0,0
𥊌,目,,0,0
𥊍,目,,0,0
𥊎,目,,0,0
𥊏,目,,0,0
𥊐,目,,0,0
𥊑,目,mán,2,0
𥊒,目,fèng,4,0
𥊓,目,chàn,4,0
𥊔,目,huǐ,3,0
𥊕,目,,0,0
𥊖,目,,0,0
𥊗,目,,0,0
𥊘,目,,0,0
𥊙,目,,0,0
𥊚,目,,0,0
𥊛,目,,0,0
𥊜,目,,0,0
𥊝,目,,0,0
𥊞,目,,0,0
𥊟,目,,0,0
𥊠,目,,0,0
𥊡,目,,0,0
𥊢,目,,0,0
𥊣,目,,0,0
𥊤,目,,0,0
𥊥,目,,0,0
𥊦,目,,0,0
𥊧,目,kòu,4,0
𥊨,目,,0,0
𥊩,目,,0,0
𥊪,目,wěi,3,0
𥊫,目,guàn,4,0
𥊬,目,jí,2,0
𥊭,目,zùn,4,0
𥊮,目,huò,4,0
𥊯,目,xié,2,0
𥊰,目,,0,0
𥊱,目,,0,0
𥊲,目,,0,0
𥊳,目,,0,0
𥊴,目,suì,4,0
𥊵,目,,0,0
𥊶,目,ruǎn,3,0
𥊷,目,,0,0
𥊸,目,tè,4,0
𥊹,目,,0,0
𥊺,目,,0,0
𥊻,目,,0,0
𥊼,目,zhèng,4,0
𥊽,目,kūn,1,0
𥊾,目,xiǎng,3,0
𥊿,目,mián,2,0
𥋀,目,,0,0
𥋁,目,xì,4,0
𥋂,目,,0,0
𥋃,目,,0,0
𥋄,目,,0,0
𥋅,目,,0,0
𥋆,目,,0,0
𥋇,目,,0,0
𥋈,目,,0,0
𥋉,目,,0,0
𥋊,目,,0,0
𥋋,目,,0,0
𥋌,目,sā,1,0
𥋍,目,,0,0
𥋎,目,,0,0
𥋏,目,,0,0
𥋐,目,,0,0
𥋑,目,,0,0
𥋒,目,,0,0
𥋓,目,,0,0
𥋔,目,,0,0
𥋕,目,,0,0
𥋖,目,,0,0
𥋗,目,,0,0
𥋘,目,,0,0
𥋙,目,è,4,0
𥋚,目,miè,4,0
𥋛,目,zhǔ,3,0
𥋜,目,zōu,1,0
𥋝,目,měng,3,0
𥋞,目,,0,0
𥋟,目,xī,1,0
𥋠,目,,0,0
𥋡,目,táng,2,0
𥋢,目,,0,0
𥋣,目,jià,4,0
𥋤,目,cháng,2,0
𥋥,目,jí,2,0
𥋦,目,,0,0
𥋧,目,,0,0
𥋨,目,,0,0
𥋩,目,,0,0
𥋪,目,,0,0
𥋫,目,,0,0
𥋬,目,,0,0
𥋭,目,,0,0
𥋮,目,zhuó,2,0
𥋯,目,,0,0
𥋰,目,,0,0
𥋱,目,,0,0
𥋲,目,,0,0
𥋳,目,,0,0
𥋴,目,,0,0
𥋵,目,,0,0
𥋶,目,,0,0
𥋷,目,,0,0
𥋸,目,,0,0
𥋹,目,,0,0
𥋺,目,,0,0
𥋻,目,,0,0
𥋼,目,,0,0
𥋽,目,,0,0
𥋾,目,,0,0
𥋿,目,hè,4,0
𥌀,目,chá,2,0
𥌁,目,qì,4,0
𥌂,目,mián,2,0
𥌃,目,zhěn,3,0
𥌄,目,kū,1,0
𥌅,目,yè,4,0
𥌆,目,zhōu,1,0
𥌇,目,,0,0
𥌈,目,jiān,1,0
𥌉,目,,0,0
𥌊,目,pàn,4,0
𥌋,目,,0,0
𥌌,目,,0,0
𥌍,目,huī,1,0
𥌎,目,,0,0
𥌏,目,míng,2,0
𥌐,目,liù,4,0
𥌑,目,,0,0
𥌒,目,,0,0
𥌓,目,,0,0
𥌔,目,,0,0
𥌕,革,,0,0
𥌖,目,,0,0
𥌗,目,,0,0
𥌘,目,shuì,4,0
𥌙,目,,0,0
𥌚,目,mài,4,0
𥌛,目,lí,2,0
𥌜,目,,0,0
𥌝,目,,0,0
𥌞,目,shuò,4,0
𥌟,目,yí,2,0
𥌠,目,,0,0
𥌡,目,,0,0
𥌢,目,,0,0
𥌣,目,,0,0
𥌤,目,lì,4,0
𥌥,目,,0,0
𥌦,目,,0,0
𥌧,目,,0,0
𥌨,目,xiē,1,0
𥌩,目,tè,4,0
𥌪,目,xiū,1,0
𥌫,目,,0,0
𥌬,目,,0,0
𥌭,目,xuàn,4,0
𥌮,目,lì,4,0
𥌯,目,méng,2,0
𥌰,目,wéi,2,0
𥌱,目,méng,2,0
𥌲,目,,0,0
𥌳,目,,0,0
𥌴,目,,0,0
𥌵,目,,0,0
𥌶,目,,0,0
𥌷,目,,0,0
𥌸,目,,0,0
𥌹,目,,0,0
𥌺,目,yào,4,0
𥌻,目,lán,2,0
𥌼,目,líng,2,0
𥌽,目,yīng,1,0
𥌾,目,yīng,1,0
𥌿,目,lì,4,0
𥍀,目,jiǎn,3,0
𥍁,目,guī,1,0
𥍂,目,,0,0
𥍃,目,,0,0
𥍄,見,,0,0
𥍅,目,guān,1,0
𥍆,目,xiè,4,0
𥍇,目,,0,0
𥍈,目,,0,0
𥍉,目,shè,4,0
𥍊,目,,0,0
𥍋,目,zuī,1,0
𥍌,目,,0,0
𥍍,目,,0,0
𥍎,目,,0,0
𥍏,目,,0,0
𥍐,目,,0,0
𥍑,目,,0,0
𥍒,目,,0,0
𥍓,目,kàn,4,0
𥍔,目,léi,2,0
𥍕,目,,0,0
𥍖,目,,0,0
𥍗,目,,0,0
𥍘,目,,0,0
𥍙,目,,0,0
𥍚,目,biàn,4,0
𥍛,目,,0,0
𥍜,目,,0,0
𥍝,矛,shǔ,3,0
𥍞,矛,nǜ,4,0
𥍟,矛,xù,4,0
𥍠,矛,,0,0
𥍡,矛,,0,0
𥍢,矛,,0,0
𥍣,矛,hào,4,0
𥍤,矛,,0,0
𥍥,矛,,0,0
𥍦,矛,,0,0
𥍧,矛,,0,0
𥍨,矛,guǐ,3,0
𥍩,矛,,0,0
𥍪,矛,zhài,4,0
𥍫,矛,láng,2,0
𥍬,矛,cuān,1,0
𥍭,矛,zhì,4,0
𥍮,矛,féng,2,0
𥍯,矛,qīn,1,0
𥍰,矛,,0,0
𥍱,矛,zé,2,0
𥍲,矛,nà,4,0
𥍳,矛,niǔ,3,0
𥍴,矛,yì,4,0
𥍵,矛,,0,0
𥍶,矛,,0,0
𥍷,矛,cōng,1,0
𥍸,矛,shī,1,0
𥍹,矛,jiǎn,3,0
𥍺,矛,zōng,1,0
𥍻,矛,yǎn,3,0
𥍼,矛,yīng,1,0
𥍽,矛,,0,0
𥍾,矛,,0,0
𥍿,矛,,0,0
𥎀,矛,ruǎn,3,0
𥎁,矛,,0,0
𥎂,矛,róng,2,0
𥎃,矛,xì,4,0
𥎄,矛,,0,0
𥎅,矛,guān,1,0
𥎆,矛,kài,4,0
𥎇,矛,,0,0
𥎈,矛,wù,4,0
𥎉,矛,,0,0
𥎊,矛,qín,2,0
𥎋,矛,cōng,1,0
𥎌,矛,,0,0
𥎍,矛,zé,2,0
𥎎,矛,xiè,4,0
𥎏,矛,,0,0
𥎐,矛,yù,4,0
𥎑,矛,zàn,4,0
𥎒,矛,chuāng,1,0
𥎓,矛,lǐ,3,0
𥎔,矛,lǐ,3,0
𥎕,矛,xù,4,0
𥎖,矛,mí,2,0
𥎗,矛,xù,4,0
𥎘,矛,ruǎn,3,0
𥎙,矛,,0,0
𥎚,矛,,0,0
𥎛,矛,guì,4,0
𥎜,矛,rǒng,3,0
𥎝,矛,zuǎn,3,0
𥎞,矛,,0,0
𥎟,矛,máo,2,0
𥎠,矛,,0,0
𥎡,矛,qín,2,0
𥎢,矛,cuàn,4,0
𥎣,矛,cuàn,4,0
𥎤,矛,cuàn,4,0
𥎥,矛,,0,0
𥎦,矢,,0,0
𥎧,矢,,0,0
𥎨,矢,,0,0
𥎩,矢,,0,0
𥎪,矢,,0,0
𥎫,矢,,0,0
𥎬,矢,,0,0
𥎭,矢,,0,0
𥎮,矢,wū,1,0
𥎯,矢,,0,0
𥎰,矢,fǎ,3,0
𥎱,矢,bá,2,0
𥎲,矢,,0,0
𥎳,矢,,0,0
𥎴,矢,,0,0
𥎵,矢,,0,0
𥎶,矢,,0,0
𥎷,矢,,0,0
𥎸,矢,qià,4,0
𥎹,矢,zhì,4,0
𥎺,矢,tiào,4,0
𥎻,矢,,0,0
𥎼,矢,,0,0
𥎽,矢,,0,0
𥎾,矢,,0,0
𥎿,矢,,0,0
𥏀,矢,,0,0
𥏁,矢,,0,0
𥏂,矢,,0,0
𥏄,矢,zhì,4,0
𥏅,矢,zhí,2,0
𥏆,矢,,0,0
𥏇,矢,huàn,4,0
𥏈,矢,chóu,2,0
𥏉,矢,,0,0
𥏊,矢,zhì,4,0
𥏋,矢,,0,0
𥏌,矢,,0,0
𥏍,矢,,0,0
𥏎,矢,yǐng,3,0
𥏏,矢,,0,0
𥏐,矢,,0,0
𥏑,矢,,0,0
𥏒,矢,wù,4,0
𥏓,矢,bēi,1,0
𥏔,矢,,0,0
𥏕,矢,hóng,2,0
𥏖,矢,shěn,3,0
𥏗,矢,,0,0
𥏘,矢,jué,2,0
𥏙,矢,kuì,4,0
𥏚,矢,,0,0
𥏛,矢,,0,0
𥏜,矢,yǐ,3,0
𥏝,矢,yà,4,0
𥏞,矢,,0,0
𥏟,矢,,0,0
𥏠,矢,bī,1,0
𥏡,矢,,0,0
𥏢,矢,,0,0
𥏣,矢,,0,0
𥏤,矢,kuà,4,0
𥏥,矢,qiān,1,0
𥏦,矢,,0,0
𥏧,矢,,0,0
𥏨,矢,zhāo,1,0
𥏩,矢,,0,0
𥏪,矢,kǎi,3,0
𥏫,矢,shāng,1,0
𥏬,矢,,0,0
𥏭,矢,,0,0
𥏮,矢,àn,4,0
𥏯,矢,zhé,2,0
𥏰,矢,zhì,4,0
𥏱,矢,,0,0
𥏲,矢,,0,0
𥏳,矢,,0,0
𥏴,矢,,0,0
𥏵,矢,,0,0
𥏶,矢,,0,0
𥏷,矢,zhì,4,0
𥏸,矢,,0,0
𥏹,矢,jiǎo,3,0
𥏺,矢,,0,0
𥏻,矢,,0,0
𥏼,矢,,0,0
𥏽,矢,,0,0
𥏾,矢,,0,0
𥏿,矢,,0,0
𥐀,矢,sī,1,0
𥐁,矢,pú,2,0
𥐂,矢,ǒu,3,0
𥐃,矢,,0,0
𥐄,矢,,0,0
𥐅,矢,,0,0
𥐆,矢,,0,0
𥐇,矢,,0,0
𥐈,矢,,0,0
𥐉,矢,,0,0
𥐊,矢,zhuó,2,0
𥐋,矢,,0,0
𥐌,矢,,0,0
𥐍,矢,,0,0
𥐎,矢,,0,0
𥐏,矢,,0,0
𥐐,矢,,0,0
𥐑,矢,yīng,1,0
𥐒,矢,,0,0
𥐓,矢,huān,1,0
𥐔,矢,,0,0
𥐕,石,yà,4,0
𥐖,石,,0,0
𥐗,石,,0,0
𥐘,石,shí,2,0
𥐙,石,pā,1,0
𥐚,石,pǔ,3,0
𥐛,石,,0,0
𥐜,石,,0,0
𥐝,石,,0,0
𥐞,石,máng,2,0
𥐟,石,chāi,1,0
𥐠,石,,0,0
𥐡,石,,0,0
𥐢,石,,0,0
𥐣,石,,0,0
𥐤,石,,0,0
𥐥,石,,0,0
𥐦,石,,0,0
𥐧,石,,0,0
𥐨,石,,0,0
𥐩,石,yún,2,0
𥐪,石,,0,0
𥐫,石,,0,0
𥐬,石,gǔ,3,0
𥐭,石,,0,0
𥐮,石,,0,0
𥐯,石,,0,0
𥐰,石,,0,0
𥐱,石,,0,0
𥐲,石,,0,0
𥐳,石,,0,0
𥐴,石,,0,0
𥐵,石,,0,0
𥐶,石,,0,0
𥐷,石,,0,0
𥐸,石,,0,0
𥐹,石,dǎn,3,0
𥐺,石,,0,0
𥐻,石,náo,2,0
𥐼,石,,0,0
𥐽,石,zhé,2,0
𥐾,石,,0,0
𥐿,石,hú,2,0
𥑀,石,,0,0
𥑁,石,,0,0
𥑂,石,,0,0
𥑃,石,,0,0
𥑄,石,,0,0
𥑅,石,kēng,1,0
𥑆,石,,0,0
𥑇,石,dié,2,0
𥑈,石,tīng,1,0
𥑉,石,,0,0
𥑊,石,,0,0
𥑋,石,guài,4,0
𥑌,石,,0,0
𥑍,石,,0,0
𥑎,石,qiōng,1,0
𥑏,石,shǐ,3,0
𥑐,石,jiǎ,3,0
𥑑,石,ào,4,0
𥑒,石,nǎ,3,0
𥑓,石,pǐn,3,0
𥑔,石,jiá,2,0
𥑕,石,,0,0
𥑖,石,,0,0
𥑗,石,,0,0
𥑘,石,,0,0
𥑙,石,,0,0
𥑚,石,,0,0
𥑛,石,,0,0
𥑜,石,,0,0
𥑝,石,,0,0
𥑞,石,,0,0
𥑟,石,,0,0
𥑠,石,,0,0
𥑡,石,zhè,4,0
𥑢,石,bù,4,0
𥑣,石,wǒ,3,0
𥑤,石,,0,0
𥑥,石,chǎ,3,0
𥑦,石,,0,0
𥑧,石,,0,0
𥑨,石,,0,0
𥑩,石,,0,0
𥑪,石,náo,2,0
𥑫,石,kǎn,3,0
𥑬,石,,0,0
𥑭,石,,0,0
𥑮,石,,0,0
𥑯,石,dú,2,0
𥑰,石,guài,4,0
𥑱,石,qióng,2,0
𥑲,石,,0,0
𥑳,石,róng,2,0
𥑴,石,yǐ,3,0
𥑵,石,duī,1,0
𥑶,石,lěi,3,0
𥑷,石,,0,0
𥑸,石,zhōu,1,0
𥑹,石,kuā,1,0
𥑺,石,ē,1,0
𥑻,石,xiān,1,0
𥑼,石,diàn,4,0
𥑽,石,nuò,4,0
𥑾,石,è,4,0
𥑿,石,yōng,1,0
𥒀,石,wù,4,0
𥒁,石,kēng,1,0
𥒂,石,,0,0
𥒃,石,,0,0
𥒄,石,,0,0
𥒅,石,,0,0
𥒆,石,,0,0
𥒇,石,,0,0
𥒈,石,,0,0
𥒉,石,,0,0
𥒊,石,,0,0
𥒋,石,,0,0
𥒌,石,,0,0
𥒍,石,,0,0
𥒎,石,,0,0
𥒏,石,,0,0
𥒐,石,,0,0
𥒑,石,,0,0
𥒒,石,,0,0
𥒓,石,zhì,4,0
𥒔,石,,0,0
𥒕,石,,0,0
𥒖,石,,0,0
𥒗,石,zhǐ,3,0
𥒘,石,xún,2,0
𥒙,石,,0,0
𥒚,石,,0,0
𥒛,石,zhèng,4,0
𥒜,石,,0,0
𥒝,石,,0,0
𥒞,石,yáng,2,0
𥒟,石,,0,0
𥒠,石,huò,4,0
𥒡,石,jí,2,0
𥒢,石,nǎo,3,0
𥒣,石,,0,0
𥒤,石,,0,0
𥒥,石,,0,0
𥒦,石,,0,0
𥒧,石,yà,4,0
𥒨,石,lù,4,0
𥒩,石,,0,0
𥒪,石,,0,0
𥒫,石,fū,1,0
𥒬,石,sǎn,3,0
𥒭,石,chù,4,0
𥒮,石,wěi,3,0
𥒯,石,,0,0
𥒰,石,fǔ,3,0
𥒱,石,kēng,1,0
𥒲,石,sì,4,0
𥒳,石,kàng,4,0
𥒴,石,,0,0
𥒵,石,yì,4,0
𥒶,石,huà,4,0
𥒷,石,,0,0
𥒸,石,,0,0
𥒹,石,,0,0
𥒺,石,,0,0
𥒻,石,,0,0
𥒼,石,,0,0
𥒽,石,,0,0
𥒾,石,yǔ,3,0
𥒿,石,,0,0
𥓀,石,,0,0
𥓁,石,,0,0
𥓂,石,,0,0
𥓃,石,lì,4,0
𥓄,石,,0,0
𥓅,石,,0,0
𥓆,石,lǐn,3,0
𥓇,石,dǔ,3,0
𥓈,石,è,4,0
𥓉,石,,0,0
𥓊,石,,0,0
𥓋,石,,0,0
𥓌,石,qiǎng,3,0
𥓍,石,dú,2,0
𥓎,石,,0,0
𥓏,石,,0,0
𥓐,石,jié,2,0
𥓑,石,chuò,4,0
𥓒,石,xiàn,4,0
𥓓,石,,0,0
𥓔,石,,0,0
𥓕,石,,0,0
𥓖,石,gǎo,3,0
𥓗,石,,0,0
𥓘,石,,0,0
𥓙,石,,0,0
𥓚,石,,0,0
𥓛,石,,0,0
𥓜,石,,0,0
𥓝,石,,0,0
𥓞,石,,0,0
𥓟,石,,0,0
𥓠,石,,0,0
𥓡,石,,0,0
𥓢,石,,0,0
𥓣,石,,0,0
𥓤,石,,0,0
𥓥,石,,0,0
𥓦,石,,0,0
𥓧,石,,0,0
𥓨,石,,0,0
𥓩,石,,0,0
𥓪,石,,0,0
𥓫,石,,0,0
𥓬,石,dào,4,0
𥓭,石,,0,0
𥓮,石,,0,0
𥓯,石,,0,0
𥓰,石,hōng,1,0
𥓱,石,,0,0
𥓲,石,,0,0
𥓳,石,,0,0
𥓴,石,,0,0
𥓵,石,,0,0
𥓶,石,,0,0
𥓷,石,,0,0
𥓸,石,,0,0
𥓹,石,,0,0
𥓺,石,,0,0
𥓻,石,zōng,1,0
𥓼,石,,0,0
𥓽,石,,0,0
𥓾,石,qì,4,0
𥓿,石,tuó,2,0
𥔀,石,hōng,1,0
𥔁,石,pǐ,3,0
𥔂,石,gèng,4,0
𥔃,石,,0,0
𥔄,石,niè,4,0
𥔅,石,,0,0
𥔆,石,,0,0
𥔇,石,kōng,1,0
𥔈,石,,0,0
𥔉,石,,0,0
𥔊,石,zhǐ,3,0
𥔋,石,,0,0
𥔌,石,,0,0
𥔍,石,,0,0
𥔎,石,,0,0
𥔏,石,,0,0
𥔐,石,,0,0
𥔑,石,xiǎo,3,0
𥔒,石,,0,0
𥔓,石,,0,0
𥔔,石,,0,0
𥔕,石,,0,0
𥔖,石,,0,0
𥔗,石,,0,0
𥔘,石,,0,0
𥔙,石,,0,0
𥔚,石,,0,0
𥔛,石,,0,0
𥔜,石,,0,0
𥔝,石,,0,0
𥔞,石,,0,0
𥔟,石,,0,0
𥔠,石,,0,0
𥔡,石,shè,4,0
𥔢,石,yú,2,0
𥔣,石,jiāng,1,0
𥔤,石,,0,0
𥔥,石,,0,0
𥔦,石,,0,0
𥔧,石,,0,0
𥔨,石,,0,0
𥔩,石,qǐ,3,0
𥔪,石,chěn,3,0
𥔫,石,sǎng,3,0
𥔬,石,,0,0
𥔭,石,suǒ,3,0
𥔮,石,qián,2,0
𥔯,石,huì,4,0
𥔰,石,,0,0
𥔱,石,shàn,4,0
𥔲,石,è,4,0
𥔳,石,,0,0
𥔴,石,,0,0
𥔵,石,,0,0
𥔶,石,,0,0
𥔷,石,,0,0
𥔸,石,,0,0
𥔹,石,,0,0
𥔺,石,,0,0
𥔻,石,qiū,1,0
𥔼,石,,0,0
𥔽,石,kè,4,0
𥔾,石,,0,0
𥔿,石,,0,0
𥕀,石,wēng,1,0
𥕁,石,zī,1,0
𥕂,石,jí,2,0
𥕃,石,,0,0
𥕄,石,,0,0
𥕅,石,,0,0
𥕆,石,,0,0
𥕇,石,dǎ,3,0
𥕈,石,,0,0
𥕉,石,cuò,4,0
𥕊,石,,0,0
𥕋,石,,0,0
𥕌,石,,0,0
𥕍,石,lǒu,3,0
𥕎,石,kāng,1,0
𥕏,石,kuò,4,0
𥕐,石,dí,2,0
𥕑,石,qiē,1,0
𥕒,石,,0,0
𥕓,石,mò,4,0
𥕔,石,,0,0
𥕕,石,,0,0
𥕖,石,guǒ,3,0
𥕗,石,hōng,1,0
𥕘,石,cháo,2,0
𥕙,石,hēi,1,0
𥕚,石,,0,0
𥕛,石,,0,0
𥕜,石,,0,0
𥕝,石,,0,0
𥕞,石,,0,0
𥕟,石,,0,0
𥕠,石,,0,0
𥕡,石,,0,0
𥕢,石,cáo,2,0
𥕣,石,zhé,2,0
𥕤,石,kē,1,0
𥕥,石,,0,0
𥕦,石,gǔn,3,0
𥕧,石,,0,0
𥕨,石,,0,0
𥕩,石,,0,0
𥕪,石,,0,0
𥕫,石,,0,0
𥕬,石,,0,0
𥕭,石,,0,0
𥕮,石,,0,0
𥕯,石,,0,0
𥕰,石,xū,1,0
𥕱,石,péng,2,0
𥕲,石,jué,2,0
𥕳,石,,0,0
𥕴,石,,0,0
𥕵,石,gǎn,3,0
𥕶,石,sī,1,0
𥕷,石,,0,0
𥕸,石,suì,4,0
𥕹,石,què,4,0
𥕺,石,,0,0
𥕻,石,wú,2,0
𥕼,石,yán,2,0
𥕽,石,pèng,4,0
𥕾,石,xiǎo,3,0
𥕿,石,pān,1,0
𥖀,石,,0,0
𥖁,石,,0,0
𥖂,石,,0,0
𥖃,石,,0,0
𥖄,石,,0,0
𥖅,石,,0,0
𥖆,石,,0,0
𥖇,石,,0,0
𥖈,石,,0,0
𥖉,石,,0,0
𥖊,石,,0,0
𥖋,石,,0,0
𥖌,石,,0,0
𥖍,石,là,4,0
𥖎,石,,0,0
𥖏,石,,0,0
𥖐,石,,0,0
𥖑,石,,0,0
𥖒,石,,0,0
𥖓,石,,0,0
𥖔,石,,0,0
𥖕,石,,0,0
𥖖,石,,0,0
𥖗,石,bèng,4,0
𥖘,石,zhěn,3,0
𥖙,石,jí,2,0
𥖚,石,,0,0
𥖛,石,,0,0
𥖜,石,jǐn,3,0
𥖝,石,lián,2,0
𥖞,石,kěn,3,0
𥖟,石,,0,0
𥖠,石,zhóu,2,0
𥖡,石,,0,0
𥖢,石,,0,0
𥖣,石,,0,0
𥖤,石,,0,0
𥖥,石,,0,0
𥖦,石,,0,0
𥖧,石,,0,0
𥖨,石,zào,4,0
𥖩,石,,0,0
𥖪,石,lè,4,0
𥖫,石,qī,1,0
𥖬,石,bìng,4,0
𥖭,石,,0,0
𥖮,石,,0,0
𥖯,石,,0,0
𥖰,石,,0,0
𥖱,石,,0,0
𥖲,石,,0,0
𥖳,石,,0,0
𥖴,石,,0,0
𥖵,石,yǐn,3,0
𥖶,石,pīn,1,0
𥖷,石,,0,0
𥖸,石,,0,0
𥖹,石,,0,0
𥖺,石,,0,0
𥖻,石,sǒu,3,0
𥖼,石,lǜ,4,0
𥖽,石,,0,0
𥖾,石,dí,2,0
𥖿,石,dú,2,0
𥗀,石,liǎo,3,0
𥗁,石,zhuó,2,0
𥗂,石,,0,0
𥗃,石,,0,0
𥗄,石,,0,0
𥗅,石,,0,0
𥗆,石,,0,0
𥗇,石,,0,0
𥗈,石,,0,0
𥗉,石,,0,0
𥗊,石,chǎng,3,0
𥗋,石,,0,0
𥗌,石,,0,0
𥗍,石,,0,0
𥗎,石,,0,0
𥗏,石,,0,0
𥗐,石,,0,0
𥗑,石,,0,0
𥗒,石,chèn,4,0
𥗓,石,tà,4,0
𥗔,石,,0,0
𥗕,石,,0,0
𥗖,石,,0,0
𥗗,石,,0,0
𥗘,石,,0,0
𥗙,石,què,4,0
𥗚,石,dào,4,0
𥗛,石,,0,0
𥗜,石,,0,0
𥗝,石,rǎng,3,0
𥗞,石,,0,0
𥗟,石,pò,4,0
𥗠,石,,0,0
𥗡,石,,0,0
𥗢,石,,0,0
𥗣,石,,0,0
𥗤,石,,0,0
𥗥,石,,0,0
𥗦,石,zhōng,1,0
𥗧,石,xiē,1,0
𥗨,石,,0,0
𥗩,石,,0,0
𥗪,石,jiāng,1,0
𥗫,石,qú,2,0
𥗬,石,lěi,3,0
𥗭,石,cà,4,0
𥗮,石,quē,1,0
𥗯,石,,0,0
𥗰,石,,0,0
𥗱,石,,0,0
𥗲,石,,0,0
𥗳,石,,0,0
𥗴,石,,0,0
𥗵,石,xiàng,4,0
𥗶,香,lèi,4,0
𥗷,石,,0,0
𥗸,石,,0,0
𥗹,石,,0,0
𥗺,石,làn,4,0
𥗻,石,,0,0
𥗼,石,,0,0
𥗽,石,lán,2,0
𥗾,石,,0,0
𥗿,石,lǎ,3,0
𥘀,石,,0,0
𥘁,石,lǎ,3,0
𥘂,石,,0,0
𥘃,石,,0,0
𥘄,石,yù,4,0
𥘅,示,,0,0
𥘆,示,,0,0
𥘇,示,,0,0
𥘈,示,,0,0
𥘉,示,,0,0
𥘊,示,jiào,4,0
𥘋,示,qín,2,0
𥘌,示,jī,1,0
𥘍,示,,0,0
𥘎,示,,0,0
𥘏,示,gǎn,3,0
𥘐,示,,0,0
𥘑,示,,0,0
𥘒,示,yì,4,0
𥘓,示,,0,0
𥘔,示,,0,0
𥘕,示,,0,0
𥘖,示,,0,0
𥘗,示,,0,0
𥘘,示,,0,0
𥘙,示,,0,0
𥘚,示,,0,0
𥘛,示,,0,0
𥘜,示,,0,0
𥘝,示,,0,0
𥘞,示,,0,0
𥘟,示,,0,0
𥘠,示,yì,4,0
𥘡,示,zhī,1,0
𥘢,示,,0,0
𥘣,示,,0,0
𥘤,示,biǎo,3,0
𥘥,示,shēng,1,0
𥘦,示,jiù,4,0
𥘧,示,,0,0
𥘨,示,,0,0
𥘩,示,,0,0
𥘪,示,,0,0
𥘫,示,hē,1,0
𥘬,示,fú,2,0
𥘭,示,,0,0
𥘮,示,jū,1,0
𥘯,示,,0,0
𥘰,示,,0,0
𥘱,示,,0,0
𥘲,示,,0,0
𥘳,示,,0,0
𥘴,示,,0,0
𥘵,示,,0,0
𥘶,示,,0,0
𥘷,示,,0,0
𥘸,示,,0,0
𥘹,示,,0,0
𥘺,示,,0,0
𥘻,示,,0,0
𥘼,示,,0,0
𥘽,示,,0,0
𥘾,示,,0,0
𥘿,示,,0,0
𥙀,示,zuǒ,3,0
𥙁,示,yí,2,0
𥙂,示,,0,0
𥙃,示,,0,0
𥙄,示,,0,0
𥙅,示,,0,0
𥙆,示,xiàn,4,0
𥙇,示,yí,2,0
𥙈,示,,0,0
𥙉,示,sì,4,0
𥙊,示,,0,0
𥙋,示,chuì,4,0
𥙌,示,,0,0
𥙍,示,,0,0
𥙎,示,mò,4,0
𥙏,示,,0,0
𥙐,示,,0,0
𥙑,示,,0,0
𥙒,示,,0,0
𥙓,示,,0,0
𥙔,示,,0,0
𥙕,示,,0,0
𥙖,示,,0,0
𥙗,示,,0,0
𥙘,示,,0,0
𥙙,示,,0,0
𥙚,示,,0,0
𥙛,示,,0,0
𥙜,示,,0,0
𥙝,示,,0,0
𥙞,示,,0,0
𥙟,示,,0,0
𥙠,示,,0,0
𥙡,示,zhān,1,0
𥙢,示,,0,0
𥙣,示,xún,2,0
𥙤,示,,0,0
𥙥,示,,0,0
𥙦,示,rú,2,0
𥙧,示,,0,0
𥙨,示,huò,4,0
𥙩,示,,0,0
𥙪,示,,0,0
𥙫,示,,0,0
𥙬,示,shāo,1,0
𥙭,示,,0,0
𥙮,示,,0,0
𥙯,示,,0,0
𥙰,示,shòu,4,0
𥙱,示,,0,0
𥙲,示,,0,0
𥙳,示,,0,0
𥙴,示,,0,0
𥙵,示,,0,0
𥙶,示,,0,0
𥙷,示,,0,0
𥙸,示,,0,0
𥙹,示,,0,0
𥙺,示,,0,0
𥙻,示,,0,0
𥙼,示,,0,0
𥙽,示,,0,0
𥙾,示,yòu,4,0
𥙿,示,yù,4,0
𥚀,示,,0,0
𥚁,示,,0,0
𥚂,示,jùn,4,0
𥚃,示,,0,0
𥚄,示,,0,0
𥚅,示,,0,0
𥚆,示,,0,0
𥚇,示,,0,0
𥚈,示,,0,0
𥚉,示,zī,1,0
𥚊,示,lù,4,0
𥚋,示,,0,0
𥚌,示,,0,0
𥚍,示,,0,0
𥚎,示,,0,0
𥚏,示,,0,0
𥚐,示,,0,0
𥚑,示,,0,0
𥚒,示,,0,0
𥚓,示,,0,0
𥚔,示,,0,0
𥚕,示,,0,0
𥚖,示,,0,0
𥚗,示,,0,0
𥚘,示,,0,0
𥚙,示,,0,0
𥚚,示,chǐ,3,0
𥚛,示,kūn,1,0
𥚜,示,,0,0
𥚝,示,,0,0
𥚞,示,,0,0
𥚟,示,,0,0
𥚠,示,zhùn,4,0
𥚡,示,,0,0
𥚢,示,,0,0
𥚣,示,,0,0
𥚤,示,,0,0
𥚥,示,,0,0
𥚦,示,hóu,2,0
𥚧,示,,0,0
𥚨,示,,0,0
𥚩,示,xǔ,3,0
𥚪,示,,0,0
𥚫,示,,0,0
𥚬,示,,0,0
𥚭,示,,0,0
𥚮,示,,0,0
𥚯,示,,0,0
𥚰,示,,0,0
𥚱,示,,0,0
𥚲,示,,0,0
𥚳,示,,0,0
𥚴,示,,0,0
𥚵,示,,0,0
𥚶,示,,0,0
𥚷,示,,0,0
𥚸,示,,0,0
𥚹,示,,0,0
𥚺,示,,0,0
𥚻,示,,0,0
𥚼,示,,0,0
𥚽,示,,0,0
𥚾,示,zōng,1,0
𥚿,示,yìng,4,0
𥛀,示,,0,0
𥛁,示,,0,0
𥛂,示,zhū,1,0
𥛃,示,,0,0
𥛄,示,,0,0
𥛅,示,liù,4,0
𥛆,示,,0,0
𥛇,示,,0,0
𥛈,示,,0,0
𥛉,示,,0,0
𥛊,示,,0,0
𥛋,示,,0,0
𥛌,示,,0,0
𥛍,示,,0,0
𥛎,示,,0,0
𥛏,示,,0,0
𥛐,示,,0,0
𥛑,示,nù,4,0
𥛒,示,,0,0
𥛓,示,,0,0
𥛔,示,,0,0
𥛕,示,,0,0
𥛖,示,,0,0
𥛗,示,,0,0
𥛘,示,bì,4,0
𥛙,示,,0,0
𥛚,示,chì,4,0
𥛛,示,,0,0
𥛜,示,zǔ,3,0
𥛝,示,féng,2,0
𥛞,示,lù,4,0
𥛟,示,pǔ,3,0
𥛠,示,,0,0
𥛡,示,,0,0
𥛢,示,,0,0
𥛣,示,,0,0
𥛤,示,,0,0
𥛥,示,zhuàn,4,0
𥛦,示,,0,0
𥛧,示,zhé,2,0
𥛨,示,shī,1,0
𥛩,示,yǔ,3,0
𥛪,示,lù,4,0
𥛫,示,liáng,2,0
𥛬,示,,0,0
𥛭,示,,0,0
𥛮,示,,0,0
𥛯,示,jué,2,0
𥛰,示,liào,4,0
𥛱,示,bēng,1,0
𥛲,示,,0,0
𥛳,示,,0,0
𥛴,示,,0,0
𥛵,示,,0,0
𥛶,示,,0,0
𥛷,示,,0,0
𥛸,示,,0,0
𥛹,示,,0,0
𥛺,示,,0,0
𥛻,示,,0,0
𥛼,示,,0,0
𥛽,示,,0,0
𥛾,示,,0,0
𥛿,示,,0,0
𥜀,示,,0,0
𥜁,示,,0,0
𥜂,示,,0,0
𥜃,示,yì,4,0
𥜄,示,guān,1,0
𥜅,示,,0,0
𥜆,示,,0,0
𥜇,示,,0,0
𥜈,示,,0,0
𥜉,示,,0,0
𥜊,示,,0,0
𥜋,示,,0,0
𥜌,示,ǎo,3,0
𥜍,示,,0,0
𥜎,示,,0,0
𥜏,示,guì,4,0
𥜐,示,mǐn,3,0
𥜑,示,,0,0
𥜒,示,yǎn,3,0
𥜓,示,lán,2,0
𥜔,示,,0,0
𥜕,示,,0,0
𥜖,示,bó,2,0
𥜗,示,,0,0
𥜘,示,,0,0
𥜙,示,zàn,4,0
𥜚,示,yǒu,3,0
𥜛,示,,0,0
𥜜,示,,0,0
𥜝,示,,0,0
𥜞,示,,0,0
𥜟,示,,0,0
𥜠,示,,0,0
𥜡,示,,0,0
𥜢,示,,0,0
𥜣,示,,0,0
𥜤,示,,0,0
𥜥,示,yì,4,0
𥜦,示,nǐ,3,0
𥜧,示,,0,0
𥜨,示,,0,0
𥜩,示,,0,0
𥜪,示,,0,0
𥜫,示,,0,0
𥜬,示,nǐ,3,0
𥜭,示,guǒ,3,0
𥜮,示,jùn,4,0
𥜯,示,,0,0
𥜰,示,shī,1,0
𥜱,示,,0,0
𥜲,示,xiǎn,3,0
𥜳,示,,0,0
𥜴,示,qiān,1,0
𥜵,示,què,4,0
𥜶,示,kuí,2,0
𥜷,示,,0,0
𥜸,示,,0,0
𥜹,示,,0,0
𥜺,示,,0,0
𥜻,禸,,0,0
𥜼,禸,,0,0
𥜽,禸,,0,0
𥜾,禸,,0,0
𥜿,禸,,0,0
𥝀,乙,shé,2,0
𥝁,禸,,0,0
𥝂,禸,huò,4,0
𥝃,禸,,0,0
𥝄,禸,wàn,4,0
𥝅,禸,,0,0
𥝆,禸,,0,0
𥝇,禸,,0,0
𥝈,禸,,0,0
𥝉,禸,,0,0
𥝊,禸,fèi,4,0
𥝋,禸,fèi,4,0
𥝌,禾,,0,0
𥝍,禾,yù,4,0
𥝎,禾,,0,0
𥝏,禾,,0,0
𥝐,禾,,0,0
𥝑,禾,zhī,1,0
𥝒,禾,guà,4,0
𥝓,禾,,0,0
𥝔,禾,jié,2,0
𥝕,禾,máng,2,0
𥝖,禾,hé,2,0
𥝗,禾,,0,0
𥝘,禾,yǒu,3,0
𥝙,禾,,0,0
𥝚,禾,,0,0
𥝛,禾,,0,0
𥝜,禾,,0,0
𥝝,禾,,0,0
𥝞,禾,,0,0
𥝟,禾,dù,4,0
𥝠,禾,sī,1,0
𥝡,禾,,0,0
𥝢,禾,lì,4,0
𥝣,禾,,0,0
𥝤,禾,,0,0
𥝥,禾,jié,2,0
𥝦,禾,niǔ,3,0
𥝧,禾,bà,4,0
𥝨,禾,yú,2,0
𥝩,禾,,0,0
𥝪,禾,,0,0
𥝫,禾,,0,0
𥝬,禾,,0,0
𥝭,禾,,0,0
𥝮,禾,zhī,1,0
𥝯,禾,,0,0
𥝰,禾,,0,0
𥝱,禾,,0,0
𥝲,禾,,0,0
𥝳,禾,,0,0
𥝴,禾,,0,0
𥝵,禾,,0,0
𥝶,禾,,0,0
𥝷,禾,,0,0
𥝸,禾,hé,2,0
𥝹,禾,kē,1,0
𥝺,禾,,0,0
𥝻,禾,,0,0
𥝼,禾,,0,0
𥝽,禾,,0,0
𥝾,禾,dù,4,0
𥝿,禾,jiā,1,0
𥞀,禾,,0,0
𥞁,禾,chēn,1,0
𥞂,禾,,0,0
𥞃,禾,chuì,4,0
𥞄,禾,hé,2,0
𥞅,禾,zhǎi,3,0
𥞆,禾,,0,0
𥞇,禾,,0,0
𥞈,禾,,0,0
𥞉,禾,,0,0
𥞊,禾,mèi,4,0
𥞋,禾,,0,0
𥞌,禾,,0,0
𥞍,禾,hé,2,0
𥞎,禾,zǐ,3,0
𥞏,禾,zhú,2,0
𥞐,禾,,0,0
𥞑,禾,,0,0
𥞒,禾,tuó,2,0
𥞓,禾,,0,0
𥞔,禾,,0,0
𥞕,禾,,0,0
𥞖,禾,,0,0
𥞗,禾,,0,0
𥞘,禾,zùn,4,0
𥞙,禾,,0,0
𥞚,禾,rú,2,0
𥞛,禾,duò,4,0
𥞜,禾,jiàng,4,0
𥞝,禾,,0,0
𥞞,禾,,0,0
𥞟,禾,,0,0
𥞠,禾,,0,0
𥞡,禾,,0,0
𥞢,禾,,0,0
𥞣,禾,,0,0
𥞤,禾,,0,0
𥞥,禾,,0,0
𥞦,禾,jiá,2,0
𥞧,禾,héng,2,0
𥞨,禾,,0,0
𥞩,禾,bēng,1,0
𥞪,禾,mò,4,0
𥞫,禾,,0,0
𥞬,禾,,0,0
𥞭,禾,,0,0
𥞮,禾,,0,0
𥞯,禾,zú,2,0
𥞰,禾,,0,0
𥞱,禾,,0,0
𥞲,禾,biē,1,0
𥞳,禾,,0,0
𥞴,禾,kù,4,0
𥞵,禾,jiá,2,0
𥞶,禾,,0,0
𥞷,禾,,0,0
𥞸,禾,,0,0
𥞹,禾,,0,0
𥞺,禾,zhuō,1,0
𥞻,禾,,0,0
𥞼,禾,xiū,1,0
𥞽,禾,,0,0
𥞾,禾,,0,0
𥞿,禾,,0,0
𥟀,禾,,0,0
𥟁,禾,,0,0
𥟂,禾,lái,2,0
𥟃,禾,hé,2,0
𥟄,禾,,0,0
𥟅,禾,qiāo,1,0
𥟆,禾,,0,0
𥟇,禾,,0,0
𥟈,禾,,0,0
𥟉,禾,,0,0
𥟊,禾,,0,0
𥟋,禾,,0,0
𥟌,禾,,0,0
𥟍,禾,fěi,3,0
𥟎,禾,shēng,1,0
𥟏,禾,,0,0
𥟐,禾,,0,0
𥟑,禾,,0,0
𥟒,禾,zhuì,4,0
𥟓,禾,kuǎn,3,0
𥟔,禾,zè,4,0
𥟕,禾,xiān,1,0
𥟖,禾,,0,0
𥟗,禾,bì,4,0
𥟘,禾,yì,4,0
𥟙,禾,,0,0
𥟚,禾,chàng,4,0
𥟛,禾,,0,0
𥟜,禾,,0,0
𥟝,禾,,0,0
𥟞,禾,,0,0
𥟟,禾,,0,0
𥟠,禾,,0,0
𥟡,禾,,0,0
𥟢,禾,,0,0
𥟣,禾,,0,0
𥟤,禾,,0,0
𥟥,禾,,0,0
𥟦,禾,,0,0
𥟧,禾,,0,0
𥟨,禾,,0,0
𥟩,禾,,0,0
𥟪,禾,mào,4,0
𥟫,禾,,0,0
𥟬,禾,,0,0
𥟭,禾,,0,0
𥟮,禾,,0,0
𥟯,禾,,0,0
𥟰,禾,,0,0
𥟱,禾,,0,0
𥟲,禾,,0,0
𥟳,禾,,0,0
𥟴,禾,,0,0
𥟵,禾,,0,0
𥟶,禾,wǎn,3,0
𥟷,禾,,0,0
𥟸,禾,,0,0
𥟹,禾,,0,0
𥟺,禾,,0,0
𥟻,禾,,0,0
𥟼,禾,,0,0
𥟽,禾,wū,1,0
𥟾,禾,kū,1,0
𥟿,禾,wǒ,3,0
𥠀,禾,xīng,1,0
𥠁,禾,kē,1,0
𥠂,禾,,0,0
𥠃,禾,jiū,1,0
𥠄,禾,duān,1,0
𥠅,禾,huàn,4,0
𥠆,禾,,0,0
𥠇,禾,,0,0
𥠈,禾,zhì,4,0
𥠉,禾,cè,4,0
𥠊,禾,róu,2,0
𥠋,禾,jí,2,0
𥠌,禾,,0,0
𥠍,禾,yè,4,0
𥠎,禾,,0,0
𥠏,禾,,0,0
𥠐,禾,,0,0
𥠑,禾,,0,0
𥠒,禾,,0,0
𥠓,禾,,0,0
𥠔,禾,,0,0
𥠕,禾,,0,0
𥠖,禾,,0,0
𥠗,禾,,0,0
𥠘,禾,,0,0
𥠙,禾,,0,0
𥠚,禾,,0,0
𥠛,禾,jīng,1,0
𥠜,禾,yàng,4,0
𥠝,禾,,0,0
𥠞,禾,,0,0
𥠟,禾,,0,0
𥠠,禾,,0,0
𥠡,禾,zǒng,3,0
𥠢,禾,,0,0
𥠣,禾,,0,0
𥠤,禾,,0,0
𥠥,禾,,0,0
𥠦,禾,,0,0
𥠧,禾,,0,0
𥠨,禾,,0,0
𥠩,禾,cǎn,3,0
𥠪,禾,,0,0
𥠫,禾,,0,0
𥠬,禾,,0,0
𥠭,禾,,0,0
𥠮,禾,,0,0
𥠯,禾,,0,0
𥠰,禾,,0,0
𥠱,禾,sī,1,0
𥠲,禾,lì,4,0
𥠳,禾,gǔ,3,0
𥠴,禾,chàng,4,0
𥠵,禾,,0,0
𥠶,禾,fěi,3,0
𥠷,禾,liú,2,0
𥠸,禾,,0,0
𥠹,禾,jié,2,0
𥠺,禾,yūn,1,0
𥠻,禾,,0,0
𥠼,禾,,0,0
𥠽,禾,zhì,4,0
𥠾,禾,,0,0
𥠿,禾,,0,0
𥡀,禾,chóu,2,0
𥡁,禾,biē,1,0
𥡂,禾,,0,0
𥡃,禾,,0,0
𥡄,禾,,0,0
𥡅,禾,,0,0
𥡆,禾,,0,0
𥡇,禾,,0,0
𥡈,禾,,0,0
𥡉,禾,,0,0
𥡊,禾,,0,0
𥡋,禾,,0,0
𥡌,禾,,0,0
𥡍,禾,,0,0
𥡎,禾,,0,0
𥡏,禾,,0,0
𥡐,禾,,0,0
𥡑,禾,,0,0
𥡒,禾,jī,1,0
𥡓,禾,,0,0
𥡔,禾,,0,0
𥡕,禾,,0,0
𥡖,禾,,0,0
𥡗,禾,,0,0
𥡘,禾,,0,0
𥡙,禾,,0,0
𥡚,禾,,0,0
𥡛,禾,,0,0
𥡜,禾,luó,2,0
𥡝,禾,jiān,1,0
𥡞,禾,,0,0
𥡟,禾,chuāng,1,0
𥡠,禾,shuǎng,3,0
𥡡,禾,,0,0
𥡢,禾,lǜ,4,0
𥡣,禾,jùn,4,0
𥡤,禾,jiào,4,0
𥡥,禾,,0,0
𥡦,禾,tì,4,0
𥡧,禾,zhā,1,0
𥡨,禾,,0,0
𥡩,禾,,0,0
𥡪,禾,yì,4,0
𥡫,禾,,0,0
𥡬,禾,cōng,1,0
𥡭,禾,něi,3,0
𥡮,禾,jiā,1,0
𥡯,禾,,0,0
𥡰,禾,,0,0
𥡱,禾,,0,0
𥡲,禾,,0,0
𥡳,禾,,0,0
𥡴,禾,jì,4,0
𥡵,禾,,0,0
𥡶,禾,,0,0
𥡷,禾,,0,0
𥡸,禾,,0,0
𥡹,禾,,0,0
𥡺,禾,,0,0
𥡻,禾,,0,0
𥡼,禾,,0,0
𥡽,禾,ài,4,0
𥡾,禾,,0,0
𥡿,禾,,0,0
𥢀,禾,,0,0
𥢁,禾,,0,0
𥢂,禾,,0,0
𥢃,禾,,0,0
𥢄,禾,,0,0
𥢅,禾,,0,0
𥢆,禾,,0,0
𥢇,禾,jiǎn,3,0
𥢈,禾,,0,0
𥢉,禾,,0,0
𥢊,禾,bèn,4,0
𥢋,禾,,0,0
𥢌,禾,fán,2,0
𥢍,禾,suì,4,0
𥢎,禾,zùn,4,0
𥢏,禾,diàn,4,0
𥢐,禾,gāo,1,0
𥢑,禾,gǎo,3,0
𥢒,禾,láo,2,0
𥢓,禾,,0,0
𥢔,禾,zhuó,2,0
𥢕,禾,,0,0
𥢖,禾,,0,0
𥢗,禾,,0,0
𥢘,禾,,0,0
𥢙,禾,,0,0
𥢚,禾,,0,0
𥢛,禾,,0,0
𥢜,禾,,0,0
𥢝,禾,,0,0
𥢞,禾,,0,0
𥢟,禾,,0,0
𥢠,禾,,0,0
𥢡,禾,,0,0
𥢢,禾,tuí,2,0
𥢣,禾,,0,0
𥢤,禾,,0,0
𥢥,禾,,0,0
𥢦,禾,bì,4,0
𥢧,禾,jú,2,0
𥢨,禾,,0,0
𥢩,禾,,0,0
𥢪,禾,,0,0
𥢫,禾,,0,0
𥢬,禾,,0,0
𥢭,禾,,0,0
𥢮,禾,huá,2,0
𥢯,禾,,0,0
𥢰,禾,,0,0
𥢱,禾,,0,0
𥢲,禾,chéng,2,0
𥢳,禾,,0,0
𥢴,禾,,0,0
𥢵,禾,,0,0
𥢶,禾,kuài,4,0
𥢷,禾,dāng,1,0
𥢸,禾,gé,2,0
𥢹,禾,xié,2,0
𥢺,禾,,0,0
𥢻,禾,jié,2,0
𥢼,禾,,0,0
𥢽,禾,cān,1,0
𥢾,禾,,0,0
𥢿,禾,,0,0
𥣀,禾,,0,0
𥣁,禾,,0,0
𥣂,禾,,0,0
𥣃,禾,,0,0
𥣄,禾,,0,0
𥣅,禾,,0,0
𥣆,禾,zú,2,0
𥣇,禾,,0,0
𥣈,禾,pú,2,0
𥣉,禾,,0,0
𥣊,禾,,0,0
𥣋,禾,shǔ,3,0
𥣌,禾,bǔ,3,0
𥣍,禾,,0,0
𥣎,禾,,0,0
𥣏,禾,,0,0
𥣐,禾,,0,0
𥣑,禾,,0,0
𥣒,禾,,0,0
𥣓,禾,,0,0
𥣔,禾,,0,0
𥣕,禾,,0,0
𥣖,禾,,0,0
𥣗,禾,níng,2,0
𥣘,禾,yǎn,3,0
𥣙,禾,zhòu,4,0
𥣚,禾,,0,0
𥣛,禾,méng,2,0
𥣜,禾,,0,0
𥣝,禾,biǎn,3,0
𥣞,禾,,0,0
𥣟,禾,xiàng,4,0
𥣠,禾,,0,0
𥣡,禾,,0,0
𥣢,禾,,0,0
𥣣,禾,,0,0
𥣤,禾,lù,4,0
𥣥,禾,lí,2,0
𥣦,禾,,0,0
𥣧,禾,,0,0
𥣨,禾,,0,0
𥣩,禾,jì,4,0
𥣪,禾,,0,0
𥣫,禾,miè,4,0
𥣬,禾,lèi,4,0
𥣭,禾,,0,0
𥣮,禾,zhì,4,0
𥣯,禾,yōu,1,0
𥣰,禾,biǎn,3,0
𥣱,禾,,0,0
𥣲,禾,,0,0
𥣳,禾,,0,0
𥣴,禾,,0,0
𥣵,禾,,0,0
𥣶,禾,,0,0
𥣷,里,,0,0
𥣸,禾,mù,4,0
𥣹,禾,,0,0
𥣺,禾,ràn,4,0
𥣻,禾,,0,0
𥣼,禾,,0,0
𥣽,禾,,0,0
𥣾,禾,,0,0
𥣿,禾,,0,0
𥤀,禾,,0,0
𥤁,禾,,0,0
𥤂,禾,niǎo,3,0
𥤃,禾,,0,0
𥤄,禾,,0,0
𥤅,禾,,0,0
𥤆,禾,,0,0
𥤇,禾,,0,0
𥤈,禾,,0,0
𥤉,禾,,0,0
𥤊,禾,quán,2,0
𥤋,禾,zhé,2,0
𥤌,禾,,0,0
𥤍,禾,,0,0
𥤎,禾,,0,0
𥤏,禾,,0,0
𥤐,禾,lèi,4,0
𥤑,禾,,0,0
𥤒,禾,,0,0
𥤓,禾,,0,0
𥤔,木,,0,0
𥤕,禾,,0,0
𥤖,禾,,0,0
𥤗,禾,dǎng,3,0
𥤘,禾,jué,2,0
𥤙,禾,,0,0
𥤚,禾,,0,0
𥤛,禾,,0,0
𥤜,禾,líng,2,0
𥤝,禾,,0,0
𥤞,禾,líng,2,0
𥤟,禾,yán,2,0
𥤠,禾,,0,0
𥤡,禾,,0,0
𥤢,穴,,0,0
𥤣,穴,yǎo,3,0
𥤤,穴,zhèn,4,0
𥤥,穴,qī,1,0
𥤦,穴,ài,4,0
𥤧,穴,,0,0
𥤨,穴,nú,2,0
𥤩,穴,mǎng,3,0
𥤪,穴,,0,0
𥤫,穴,,0,0
𥤬,穴,,0,0
𥤭,穴,,0,0
𥤮,穴,,0,0
𥤯,穴,,0,0
𥤰,穴,,0,0
𥤱,穴,kǎn,3,0
𥤲,穴,,0,0
𥤳,穴,jiū,1,0
𥤴,穴,yǎn,3,0
𥤵,穴,miàn,4,0
𥤶,穴,,0,0
𥤷,穴,yín,2,0
𥤸,穴,wán,2,0
𥤹,穴,yào,4,0
𥤺,穴,wā,1,0
𥤻,穴,pí,2,0
𥤼,穴,suì,4,0
𥤽,穴,,0,0
𥤾,穴,,0,0
𥤿,穴,,0,0
𥥀,穴,,0,0
𥥁,穴,,0,0
𥥂,穴,,0,0
𥥃,穴,,0,0
𥥄,穴,,0,0
𥥅,穴,kǒng,3,0
𥥆,穴,,0,0
𥥇,穴,,0,0
𥥈,穴,hóng,2,0
𥥉,穴,,0,0
𥥊,穴,mǐng,3,0
𥥋,穴,líng,2,0
𥥌,穴,yì,4,0
𥥍,穴,shēn,1,0
𥥎,穴,,0,0
𥥏,穴,zuò,4,0
𥥐,穴,,0,0
𥥑,穴,,0,0
𥥒,穴,,0,0
𥥓,穴,,0,0
𥥔,穴,,0,0
𥥕,穴,,0,0
𥥖,穴,,0,0
𥥗,穴,,0,0
𥥘,穴,,0,0
𥥙,穴,,0,0
𥥚,穴,,0,0
𥥛,穴,tū,1,0
𥥜,穴,,0,0
𥥝,穴,yòng,4,0
𥥞,穴,,0,0
𥥟,穴,wà,4,0
𥥠,穴,guǐ,3,0
𥥡,穴,hòng,4,0
𥥢,穴,,0,0
𥥣,穴,,0,0
𥥤,穴,,0,0
𥥥,穴,shì,4,0
𥥦,穴,,0,0
𥥧,穴,xiòng,4,0
𥥨,穴,,0,0
𥥩,穴,ā,1,0
𥥪,穴,,0,0
𥥫,穴,,0,0
𥥬,穴,,0,0
𥥭,穴,,0,0
𥥮,穴,,0,0
𥥯,穴,,0,0
𥥰,穴,,0,0
𥥱,穴,chéng,2,0
𥥲,穴,,0,0
𥥳,穴,kēng,1,0
𥥴,穴,yì,4,0
𥥵,穴,yàng,4,0
𥥶,穴,tíng,2,0
𥥷,穴,dòu,4,0
𥥸,穴,chá,2,0
𥥹,穴,liù,4,0
𥥺,穴,,0,0
𥥻,穴,,0,0
𥥼,穴,,0,0
𥥽,穴,qiú,2,0
𥥾,穴,xuǎn,3,0
𥥿,穴,shēn,1,0
𥦀,穴,kuān,1,0
𥦁,穴,tòng,4,0
𥦂,穴,,0,0
𥦃,穴,qiǎn,3,0
𥦄,穴,,0,0
𥦅,穴,chòu,4,0
𥦆,穴,,0,0
𥦇,穴,,0,0
𥦈,穴,,0,0
𥦉,穴,,0,0
𥦊,穴,wěn,3,0
𥦋,穴,,0,0
𥦌,穴,lòng,4,0
𥦍,穴,ǎn,3,0
𥦎,穴,,0,0
𥦏,穴,,0,0
𥦐,穴,,0,0
𥦑,穴,,0,0
𥦒,穴,,0,0
𥦓,穴,,0,0
𥦔,穴,kǎn,3,0
𥦕,穴,,0,0
𥦖,穴,yǎo,3,0
𥦗,穴,,0,0
𥦘,穴,fú,2,0
𥦙,穴,,0,0
𥦚,穴,,0,0
𥦛,穴,,0,0
𥦜,穴,bèng,4,0
𥦝,穴,lǎn,3,0
𥦞,穴,qià,4,0
𥦟,穴,diàn,4,0
𥦠,穴,,0,0
𥦡,穴,,0,0
𥦢,穴,jiào,4,0
𥦣,穴,guī,1,0
𥦤,穴,,0,0
𥦥,穴,xiòng,4,0
𥦦,穴,,0,0
𥦧,穴,,0,0
𥦨,穴,kè,4,0
𥦩,穴,,0,0
𥦪,穴,,0,0
𥦫,穴,,0,0
𥦬,穴,,0,0
𥦭,穴,,0,0
𥦮,穴,,0,0
𥦯,穴,,0,0
𥦰,穴,,0,0
𥦱,穴,,0,0
𥦲,穴,,0,0
𥦳,穴,,0,0
𥦴,穴,,0,0
𥦵,穴,,0,0
𥦶,穴,xiàn,4,0
𥦷,穴,wòng,4,0
𥦸,穴,,0,0
𥦹,穴,,0,0
𥦺,穴,,0,0
𥦻,穴,,0,0
𥦼,穴,,0,0
𥦽,穴,,0,0
𥦾,穴,,0,0
𥦿,穴,,0,0
𥧀,穴,,0,0
𥧁,穴,,0,0
𥧂,穴,gǒng,3,0
𥧃,穴,,0,0
𥧄,穴,,0,0
𥧅,穴,,0,0
𥧆,穴,ǒu,3,0
𥧇,穴,kē,1,0
𥧈,穴,,0,0
𥧉,穴,,0,0
𥧊,穴,,0,0
𥧋,穴,kū,1,0
𥧌,穴,,0,0
𥧍,穴,,0,0
𥧎,穴,,0,0
𥧏,穴,,0,0
𥧐,穴,,0,0
𥧑,穴,tián,2,0
𥧒,穴,gòu,4,0
𥧓,穴,mǎ,3,0
𥧔,穴,,0,0
𥧕,穴,liù,4,0
𥧖,穴,,0,0
𥧗,穴,,0,0
𥧘,穴,,0,0
𥧙,穴,wèi,4,0
𥧚,穴,wěn,3,0
𥧛,穴,,0,0
𥧜,穴,,0,0
𥧝,穴,,0,0
𥧞,穴,,0,0
𥧟,穴,,0,0
𥧠,穴,,0,0
𥧡,穴,gòng,4,0
𥧢,耳,,0,0
𥧣,穴,tú,2,0
𥧤,穴,níng,2,0
𥧥,穴,,0,0
𥧦,穴,,0,0
𥧧,穴,mì,4,0
𥧨,穴,,0,0
𥧩,穴,,0,0
𥧪,穴,,0,0
𥧫,穴,láng,2,0
𥧬,穴,qiǎn,3,0
𥧭,穴,mán,2,0
𥧮,穴,zhé,2,0
𥧯,穴,,0,0
𥧰,穴,huà,4,0
𥧱,穴,yōng,1,0
𥧲,穴,jìn,4,0
𥧳,穴,,0,0
𥧴,穴,mèi,4,0
𥧵,穴,,0,0
𥧶,穴,,0,0
𥧷,穴,fú,2,0
𥧸,穴,,0,0
𥧹,穴,,0,0
𥧺,穴,,0,0
𥧻,穴,qú,2,0
𥧼,穴,,0,0
𥧽,穴,,0,0
𥧾,穴,,0,0
𥧿,穴,,0,0
𥨀,穴,,0,0
𥨁,穴,,0,0
𥨂,穴,,0,0
𥨃,穴,,0,0
𥨄,穴,,0,0
𥨅,穴,,0,0
𥨆,穴,,0,0
𥨇,穴,,0,0
𥨈,穴,,0,0
𥨉,穴,,0,0
𥨊,穴,,0,0
𥨋,穴,,0,0
𥨌,穴,liù,4,0
𥨍,穴,fù,4,0
𥨎,穴,dàn,4,0
𥨏,穴,,0,0
𥨐,穴,gǒng,3,0
𥨑,穴,,0,0
𥨒,穴,cuì,4,0
𥨓,穴,,0,0
𥨔,穴,,0,0
𥨕,穴,xǐng,3,0
𥨖,穴,,0,0
𥨗,穴,,0,0
𥨘,穴,,0,0
𥨙,穴,,0,0
𥨚,穴,,0,0
𥨛,穴,,0,0
𥨜,穴,tū,1,0
𥨝,穴,shòu,4,0
𥨞,穴,,0,0
𥨟,穴,,0,0
𥨠,穴,,0,0
𥨡,穴,,0,0
𥨢,穴,,0,0
𥨣,穴,,0,0
𥨤,穴,,0,0
𥨥,穴,,0,0
𥨦,穴,,0,0
𥨧,穴,,0,0
𥨨,穴,,0,0
𥨩,穴,,0,0
𥨪,穴,qióng,2,0
𥨫,穴,,0,0
𥨬,穴,,0,0
𥨭,穴,,0,0
𥨮,穴,,0,0
𥨯,穴,,0,0
𥨰,穴,,0,0
𥨱,穴,,0,0
𥨲,穴,,0,0
𥨳,穴,róng,2,0
𥨴,穴,,0,0
𥨵,穴,,0,0
𥨶,穴,,0,0
𥨷,穴,,0,0
𥨸,穴,,0,0
𥨹,穴,,0,0
𥨺,穴,,0,0
𥨻,穴,lì,4,0
𥨼,穴,,0,0
𥨽,穴,,0,0
𥨾,穴,,0,0
𥨿,穴,jī,1,0
𥩀,穴,tuò,4,0
𥩁,穴,,0,0
𥩂,穴,,0,0
𥩃,穴,,0,0
𥩄,穴,,0,0
𥩅,穴,,0,0
𥩆,穴,,0,0
𥩇,穴,,0,0
𥩈,穴,,0,0
𥩉,穴,,0,0
𥩊,穴,,0,0
𥩋,穴,,0,0
𥩌,穴,tóng,2,0
𥩍,穴,,0,0
𥩎,穴,,0,0
𥩏,穴,,0,0
𥩐,穴,,0,0
𥩑,穴,,0,0
𥩒,穴,tán,2,0
𥩓,穴,,0,0
𥩔,穴,líng,2,0
𥩕,立,,0,0
𥩖,立,yì,4,0
𥩗,立,ruǎn,3,0
𥩘,立,,0,0
𥩙,立,pǎ,3,0
𥩚,立,,0,0
𥩛,立,,0,0
𥩜,立,,0,0
𥩝,立,cà,4,0
𥩞,立,,0,0
𥩟,立,,0,0
𥩠,立,,0,0
𥩡,立,yuè,4,0
𥩢,立,què,4,0
𥩣,立,zhù,4,0
𥩤,立,hài,4,0
𥩥,立,,0,0
𥩦,立,,0,0
𥩧,立,,0,0
𥩨,立,,0,0
𥩩,立,,0,0
𥩪,立,,0,0
𥩫,立,,0,0
𥩬,立,,0,0
𥩭,立,,0,0
𥩮,立,,0,0
𥩯,立,,0,0
𥩰,立,,0,0
𥩱,立,fá,2,0
𥩲,立,hài,4,0
𥩳,立,,0,0
𥩴,立,,0,0
𥩵,立,,0,0
𥩶,立,,0,0
𥩷,立,,0,0
𥩸,立,,0,0
𥩹,立,,0,0
𥩺,立,liè,4,0
𥩻,立,,0,0
𥩼,立,,0,0
𥩽,立,,0,0
𥩾,立,,0,0
𥩿,立,,0,0
𥪀,立,bū,1,0
𥪁,立,pīng,1,0
𥪂,立,liè,4,0
𥪃,立,,0,0
𥪄,立,,0,0
𥪅,立,,0,0
𥪆,立,,0,0
𥪇,立,,0,0
𥪈,立,,0,0
𥪉,立,,0,0
𥪊,立,kuǐ,3,0
𥪋,立,fú,2,0
𥪌,立,tiǎn,3,0
𥪍,立,wò,4,0
𥪎,立,,0,0
𥪏,立,jū,1,0
𥪐,立,,0,0
𥪑,立,,0,0
𥪒,立,,0,0
𥪓,立,,0,0
𥪔,立,,0,0
𥪕,立,,0,0
𥪖,立,,0,0
𥪗,立,,0,0
𥪘,立,zhēn,1,0
𥪙,立,,0,0
𥪚,立,fú,2,0
𥪛,立,,0,0
𥪜,立,,0,0
𥪝,立,,0,0
𥪞,立,,0,0
𥪟,立,,0,0
𥪠,立,,0,0
𥪡,立,,0,0
𥪢,立,lóng,2,0
𥪣,立,,0,0
𥪤,立,,0,0
𥪥,立,,0,0
𥪦,立,xì,4,0
𥪧,立,tián,2,0
𥪨,立,,0,0
𥪩,立,,0,0
𥪪,立,,0,0
𥪫,立,jì,4,0
𥪬,立,,0,0
𥪭,立,,0,0
𥪮,立,,0,0
𥪯,立,yào,4,0
𥪰,立,,0,0
𥪱,立,cù,4,0
𥪲,立,,0,0
𥪳,立,,0,0
𥪴,立,pàng,4,0
𥪵,立,qiè,4,0
𥪶,立,,0,0
𥪷,立,,0,0
𥪸,立,,0,0
𥪹,立,,0,0
𥪺,立,,0,0
𥪻,立,lóng,2,0
𥪼,立,jǐ,3,0
𥪽,立,,0,0
𥪾,立,,0,0
𥪿,立,,0,0
𥫀,立,,0,0
𥫁,立,,0,0
𥫂,日,tóng,2,0
𥫃,立,yí,2,0
𥫄,立,,0,0
𥫅,立,chāng,1,0
𥫆,立,,0,0
𥫇,立,,0,0
𥫈,立,,0,0
𥫉,立,,0,0
𥫊,立,,0,0
𥫋,立,gōng,1,0
𥫌,立,,0,0
𥫍,立,,0,0
𥫎,立,dòng,4,0
𥫏,立,,0,0
𥫐,立,,0,0
𥫑,立,,0,0
𥫒,立,,0,0
𥫓,立,,0,0
𥫔,立,,0,0
𥫕,立,,0,0
𥫖,立,xiāng,1,0
𥫗,竹,,0,0
𥫘,竹,,0,0
𥫙,竹,tǐng,3,0
𥫚,竹,,0,0
𥫛,竹,zhuān,1,0
𥫜,竹,yǐ,3,0
𥫝,竹,yì,4,0
𥫞,竹,zǐ,3,0
𥫟,竹,qǐ,3,0
𥫠,竹,,0,0
𥫡,竹,,0,0
𥫢,竹,chǎ,3,0
𥫣,竹,,0,0
𥫤,竹,,0,0
𥫥,竹,,0,0
𥫦,竹,,0,0
𥫧,竹,,0,0
𥫨,竹,,0,0
𥫩,竹,,0,0
𥫪,竹,,0,0
𥫫,竹,,0,0
𥫬,竹,dùn,4,0
𥫭,竹,,0,0
𥫮,竹,,0,0
𥫯,竹,chōng,1,0
𥫰,竹,lù,4,0
𥫱,竹,dùn,4,0
𥫲,竹,,0,0
𥫳,竹,fāng,1,0
𥫴,竹,shì,4,0
𥫵,竹,tì,4,0
𥫶,竹,jī,1,0
𥫷,竹,qiū,1,0
𥫸,竹,shuǐ,3,0
𥫹,竹,chén,2,0
𥫺,竹,,0,0
𥫻,竹,,0,0
𥫼,竹,huàng,4,0
𥫽,竹,shi,1,0
𥫾,竹,,0,0
𥫿,竹,,0,0
𥬀,竹,yún,2,0
𥬁,竹,,0,0
𥬂,竹,,0,0
𥬃,竹,,0,0
𥬄,竹,,0,0
𥬅,竹,,0,0
𥬆,竹,lóng,2,0
𥬇,竹,,0,0
𥬈,竹,mǎn,3,0
𥬉,竹,gōu,1,0
𥬊,竹,,0,0
𥬋,竹,,0,0
𥬌,竹,,0,0
𥬍,竹,xiān,1,0
𥬎,竹,mò,4,0
𥬏,竹,,0,0
𥬐,竹,shěn,3,0
𥬑,竹,,0,0
𥬒,竹,pō,1,0
𥬓,竹,yào,4,0
𥬔,竹,qū,1,0
𥬕,竹,rǎn,3,0
𥬖,竹,,0,0
𥬗,竹,,0,0
𥬘,竹,,0,0
𥬙,竹,jù,4,0
𥬚,竹,,0,0
𥬛,竹,,0,0
𥬜,竹,yǐn,3,0
𥬝,竹,bái,2,0
𥬞,竹,niè,4,0
𥬟,竹,,0,0
𥬠,竹,chōu,1,0
𥬡,竹,,0,0
𥬢,竹,,0,0
𥬣,竹,,0,0
𥬤,竹,,0,0
𥬥,竹,,0,0
𥬦,竹,,0,0
𥬧,竹,,0,0
𥬨,竹,,0,0
𥬩,竹,,0,0
𥬪,竹,róng,2,0
𥬫,竹,chuǎn,3,0
𥬬,竹,niè,4,0
𥬭,竹,lì,4,0
𥬮,竹,jiāng,1,0
𥬯,竹,kǎo,3,0
𥬰,竹,cè,4,0
𥬱,竹,chòng,4,0
𥬲,竹,zhuā,1,0
𥬳,竹,zǐ,3,0
𥬴,竹,yáng,2,0
𥬵,竹,,0,0
𥬶,竹,,0,0
𥬷,竹,,0,0
𥬸,竹,,0,0
𥬹,竹,,0,0
𥬺,竹,,0,0
𥬻,竹,,0,0
𥬼,竹,wěn,3,0
𥬽,竹,,0,0
𥬾,竹,,0,0
𥬿,竹,,0,0
𥭀,竹,,0,0
𥭁,竹,,0,0
𥭂,竹,,0,0
𥭃,竹,,0,0
𥭄,竹,,0,0
𥭅,竹,,0,0
𥭆,竹,,0,0
𥭇,竹,,0,0
𥭈,竹,,0,0
𥭉,竹,,0,0
𥭊,竹,,0,0
𥭋,竹,jì,4,0
𥭌,竹,jì,4,0
𥭍,竹,,0,0
𥭎,竹,,0,0
𥭏,竹,,0,0
𥭐,竹,lǜ,4,0
𥭑,竹,qiú,2,0
𥭒,竹,dùn,4,0
𥭓,竹,báo,2,0
𥭔,竹,chān,1,0
𥭕,竹,,0,0
𥭖,竹,bó,2,0
𥭗,竹,,0,0
𥭘,竹,chī,1,0
𥭙,竹,zhè,4,0
𥭚,竹,màng,4,0
𥭛,竹,,0,0
𥭜,竹,jì,4,0
𥭝,竹,miào,4,0
𥭞,竹,yuàn,4,0
𥭟,竹,,0,0
𥭠,竹,wú,2,0
𥭡,竹,zhì,4,0
𥭢,竹,pīng,1,0
𥭣,竹,,0,0
𥭤,竹,,0,0
𥭥,竹,chōng,1,0
𥭦,竹,,0,0
𥭧,竹,,0,0
𥭨,竹,,0,0
𥭩,竹,,0,0
𥭪,竹,,0,0
𥭫,竹,mí,2,0
𥭬,竹,féi,2,0
𥭭,竹,cuō,1,0
𥭮,竹,méng,2,0
𥭯,竹,,0,0
𥭰,竹,,0,0
𥭱,竹,,0,0
𥭲,竹,,0,0
𥭳,竹,,0,0
𥭴,竹,,0,0
𥭵,竹,,0,0
𥭶,竹,,0,0
𥭷,竹,,0,0
𥭸,竹,,0,0
𥭹,竹,,0,0
𥭺,竹,,0,0
𥭻,竹,,0,0
𥭼,竹,,0,0
𥭽,竹,,0,0
𥭾,竹,,0,0
𥭿,竹,,0,0
𥮀,竹,,0,0
𥮁,竹,,0,0
𥮂,竹,,0,0
𥮃,竹,,0,0
𥮄,竹,,0,0
𥮅,竹,,0,0
𥮆,竹,,0,0
𥮇,竹,,0,0
𥮈,竹,,0,0
𥮉,竹,,0,0
𥮊,竹,,0,0
𥮋,竹,,0,0
𥮌,竹,,0,0
𥮍,竹,yín,2,0
𥮎,竹,mǎng,3,0
𥮏,竹,diǎn,3,0
𥮐,竹,diāo,1,0
𥮑,竹,,0,0
𥮒,竹,qián,2,0
𥮓,竹,,0,0
𥮔,竹,,0,0
𥮕,竹,hàng,4,0
𥮖,竹,zhí,2,0
𥮗,竹,jú,2,0
𥮘,竹,niàn,4,0
𥮙,竹,,0,0
𥮚,竹,,0,0
𥮛,竹,,0,0
𥮜,竹,mí,2,0
𥮝,竹,gǔ,3,0
𥮞,竹,,0,0
𥮟,竹,,0,0
𥮠,竹,,0,0
𥮡,竹,,0,0
𥮢,竹,,0,0
𥮣,竹,zhuā,1,0
𥮤,竹,niè,4,0
𥮥,竹,zhuó,2,0
𥮦,竹,,0,0
𥮧,竹,yè,4,0
𥮨,竹,còng,4,0
𥮩,竹,,0,0
𥮪,竹,xū,1,0
𥮫,竹,,0,0
𥮬,竹,xì,4,0
𥮭,竹,,0,0
𥮮,竹,,0,0
𥮯,竹,bō,1,0
𥮰,竹,,0,0
𥮱,竹,,0,0
𥮲,竹,,0,0
𥮳,竹,,0,0
𥮴,竹,,0,0
𥮵,竹,,0,0
𥮶,竹,,0,0
𥮷,竹,,0,0
𥮸,竹,,0,0
𥮹,竹,,0,0
𥮺,竹,,0,0
𥮻,竹,,0,0
𥮼,竹,,0,0
𥮽,竹,,0,0
𥮾,竹,cǎn,3,0
𥮿,竹,,0,0
𥯀,竹,,0,0
𥯁,竹,,0,0
𥯂,竹,,0,0
𥯃,竹,yǎn,3,0
𥯄,竹,,0,0
𥯅,竹,,0,0
𥯆,竹,,0,0
𥯇,竹,,0,0
𥯈,竹,,0,0
𥯉,竹,,0,0
𥯊,竹,,0,0
𥯋,竹,,0,0
𥯌,竹,,0,0
𥯍,竹,,0,0
𥯎,竹,,0,0
𥯏,竹,,0,0
𥯐,竹,,0,0
𥯑,竹,jǐn,3,0
𥯒,竹,,0,0
𥯓,竹,,0,0
𥯔,竹,jǔ,3,0
𥯕,竹,dàng,4,0
𥯖,竹,dù,4,0
𥯗,竹,,0,0
𥯘,竹,yé,2,0
𥯙,竹,jìng,4,0
𥯚,竹,kè,4,0
𥯛,竹,luò,4,0
𥯜,竹,wěi,3,0
𥯝,竹,tū,1,0
𥯞,竹,yóu,2,0
𥯟,竹,pài,4,0
𥯠,竹,,0,0
𥯡,竹,pí,2,0
𥯢,竹,dìng,4,0
𥯣,竹,,0,0
𥯤,竹,wěi,3,0
𥯥,竹,chè,4,0
𥯦,竹,jiàn,4,0
𥯧,竹,,0,0
𥯨,竹,sī,1,0
𥯩,竹,zhuó,2,0
𥯪,竹,sòu,4,0
𥯫,竹,,0,0
𥯬,竹,ruǎn,3,0
𥯭,竹,,0,0
𥯮,竹,yú,2,0
𥯯,竹,,0,0
𥯰,竹,,0,0
𥯱,竹,,0,0
𥯲,竹,,0,0
𥯳,竹,è,4,0
𥯴,竹,,0,0
𥯵,竹,,0,0
𥯶,竹,kǔ,3,0
𥯷,竹,,0,0
𥯸,竹,zhù,4,0
𥯹,竹,,0,0
𥯺,竹,,0,0
𥯻,竹,,0,0
𥯼,竹,,0,0
𥯽,竹,,0,0
𥯾,竹,xiá,2,0
𥯿,竹,,0,0
𥰀,竹,,0,0
𥰁,竹,,0,0
𥰂,竹,,0,0
𥰃,竹,,0,0
𥰄,竹,,0,0
𥰅,竹,,0,0
𥰆,竹,,0,0
𥰇,竹,,0,0
𥰈,竹,,0,0
𥰉,竹,,0,0
𥰊,竹,,0,0
𥰋,竹,,0,0
𥰌,竹,,0,0
𥰍,竹,,0,0
𥰎,竹,,0,0
𥰏,竹,,0,0
𥰐,竹,,0,0
𥰑,竹,,0,0
𥰒,竹,,0,0
𥰓,竹,,0,0
𥰔,竹,,0,0
𥰕,竹,,0,0
𥰖,竹,,0,0
𥰗,竹,,0,0
𥰘,竹,,0,0
𥰙,竹,,0,0
𥰚,竹,,0,0
𥰛,竹,fú,2,0
𥰜,竹,táo,2,0
𥰝,竹,xī,1,0
𥰞,竹,chōu,1,0
𥰟,竹,yuán,2,0
𥰠,竹,lǘ,2,0
𥰡,竹,cè,4,0
𥰢,竹,shàn,4,0
𥰣,竹,liú,2,0
𥰤,竹,,0,0
𥰥,竹,xì,4,0
𥰦,竹,jī,1,0
𥰧,竹,yǐ,3,0
𥰨,竹,tán,2,0
𥰩,竹,,0,0
𥰪,竹,hú,2,0
𥰫,竹,,0,0
𥰬,竹,,0,0
𥰭,竹,cuō,1,0
𥰮,竹,gě,3,0
𥰯,竹,,0,0
𥰰,竹,shì,4,0
𥰱,竹,sāo,1,0
𥰲,竹,hòng,4,0
𥰳,竹,xiàn,4,0
𥰴,竹,,0,0
𥰵,竹,,0,0
𥰶,竹,xiá,2,0
𥰷,竹,,0,0
𥰸,竹,,0,0
𥰹,竹,,0,0
𥰺,竹,,0,0
𥰻,竹,mù,4,0
𥰼,竹,suǒ,3,0
𥰽,竹,,0,0
𥰾,竹,zhài,4,0
𥰿,竹,,0,0
𥱀,竹,fū,1,0
𥱁,竹,sè,4,0
𥱂,竹,nú,2,0
𥱃,竹,yì,4,0
𥱄,竹,,0,0
𥱅,竹,,0,0
𥱆,竹,,0,0
𥱇,竹,,0,0
𥱈,竹,,0,0
𥱉,竹,,0,0
𥱊,竹,,0,0
𥱋,竹,,0,0
𥱌,竹,,0,0
𥱍,竹,,0,0
𥱎,竹,,0,0
𥱏,竹,,0,0
𥱐,竹,,0,0
𥱑,竹,,0,0
𥱒,竹,,0,0
𥱓,竹,,0,0
𥱔,竹,,0,0
𥱕,竹,,0,0
𥱖,竹,,0,0
𥱗,竹,,0,0
𥱘,竹,,0,0
𥱙,竹,,0,0
𥱚,竹,,0,0
𥱛,竹,,0,0
𥱜,竹,,0,0
𥱝,竹,,0,0
𥱞,竹,,0,0
𥱟,竹,,0,0
𥱠,竹,,0,0
𥱡,竹,,0,0
𥱢,竹,,0,0
𥱣,竹,,0,0
𥱤,竹,,0,0
𥱥,竹,,0,0
𥱦,竹,,0,0
𥱧,竹,qín,2,0
𥱨,竹,qìng,4,0
𥱩,竹,,0,0
𥱪,竹,,0,0
𥱫,竹,,0,0
𥱬,竹,,0,0
𥱭,竹,,0,0
𥱮,竹,,0,0
𥱯,竹,,0,0
𥱰,竹,,0,0
𥱱,竹,,0,0
𥱲,竹,,0,0
𥱳,竹,,0,0
𥱴,竹,,0,0
𥱵,竹,huì,4,0
𥱶,竹,shuǎng,3,0
𥱷,竹,dǎn,3,0
𥱸,竹,ōu,1,0
𥱹,竹,mò,4,0
𥱺,竹,qiān,1,0
𥱻,竹,chì,4,0
𥱼,竹,pái,2,0
𥱽,竹,juàn,4,0
𥱾,竹,,0,0
𥱿,竹,,0,0
𥲀,竹,cháo,2,0
𥲁,竹,liè,4,0
𥲂,竹,bīng,1,0
𥲃,竹,kòu,4,0
𥲄,竹,dàn,4,0
𥲅,竹,chóu,2,0
𥲆,竹,tōng,1,0
𥲇,竹,dàn,4,0
𥲈,竹,mǎn,3,0
𥲉,竹,hù,4,0
𥲊,竹,liáo,2,0
𥲋,竹,xián,2,0
𥲌,竹,,0,0
𥲍,竹,cáo,2,0
𥲎,竹,lù,4,0
𥲏,竹,chuàn,4,0
𥲐,竹,wú,2,0
𥲑,竹,mán,2,0
𥲒,竹,,0,0
𥲓,竹,,0,0
𥲔,竹,,0,0
𥲕,竹,zǐ,3,0
𥲖,竹,,0,0
𥲗,竹,dù,4,0
𥲘,竹,,0,0
𥲙,竹,,0,0
𥲚,竹,shuàng,4,0
𥲛,竹,fù,4,0
𥲜,竹,jù,4,0
𥲝,竹,zhòu,4,0
𥲞,竹,,0,0
𥲟,竹,diào,4,0
𥲠,竹,wàng,4,0
𥲡,竹,chuāng,1,0
𥲢,竹,qiān,1,0
𥲣,竹,tuì,4,0
𥲤,竹,,0,0
𥲥,竹,lián,2,0
𥲦,竹,biāo,1,0
𥲧,竹,lí,2,0
𥲨,竹,,0,0
𥲩,竹,,0,0
𥲪,竹,lí,2,0
𥲫,竹,,0,0
𥲬,竹,,0,0
𥲭,竹,,0,0
𥲮,竹,,0,0
𥲯,竹,,0,0
𥲰,竹,,0,0
𥲱,竹,,0,0
𥲲,竹,,0,0
𥲳,竹,,0,0
𥲴,竹,,0,0
𥲵,竹,,0,0
𥲶,竹,,0,0
𥲷,竹,,0,0
𥲸,竹,,0,0
𥲹,竹,,0,0
𥲺,竹,,0,0
𥲻,竹,,0,0
𥲼,竹,,0,0
𥲽,竹,,0,0
𥲾,竹,,0,0
𥲿,竹,,0,0
𥳀,竹,,0,0
𥳁,竹,,0,0
𥳂,竹,,0,0
𥳃,竹,,0,0
𥳄,竹,,0,0
𥳅,竹,,0,0
𥳆,竹,bì,4,0
𥳇,竹,fù,4,0
𥳈,竹,cuì,4,0
𥳉,竹,dū,1,0
𥳊,竹,,0,0
𥳋,竹,zàn,4,0
𥳌,竹,lóng,2,0
𥳍,竹,xún,2,0
𥳎,竹,qióng,2,0
𥳏,竹,jī,1,0
𥳐,竹,qiǎn,3,0
𥳑,竹,,0,0
𥳒,竹,jiǎn,3,0
𥳓,竹,shāo,1,0
𥳔,竹,duò,4,0
𥳕,竹,shū,1,0
𥳖,竹,bù,4,0
𥳗,竹,xū,1,0
𥳘,竹,dǒng,3,0
𥳙,竹,,0,0
𥳚,竹,rán,2,0
𥳛,竹,,0,0
𥳜,竹,yáng,2,0
𥳝,竹,ruǐ,3,0
𥳞,竹,lìn,4,0
𥳟,竹,jiǎn,3,0
𥳠,竹,dì,4,0
𥳡,竹,fén,2,0
𥳢,竹,diàn,4,0
𥳣,竹,zuì,4,0
𥳤,竹,,0,0
𥳥,竹,nǐng,3,0
𥳦,竹,,0,0
𥳧,竹,,0,0
𥳨,竹,,0,0
𥳩,竹,,0,0
𥳪,竹,suàn,4,0
𥳫,竹,tiǎn,3,0
𥳬,竹,àn,4,0
𥳭,竹,,0,0
𥳮,竹,,0,0
𥳯,竹,cè,4,0
𥳰,竹,dìng,4,0
𥳱,竹,shēn,1,0
𥳲,竹,dù,4,0
𥳳,竹,tí,2,0
𥳴,竹,jiǎo,3,0
𥳵,竹,zuì,4,0
𥳶,竹,zhǎng,3,0
𥳷,竹,jiǎn,3,0
𥳸,竹,dàn,4,0
𥳹,竹,dǎn,3,0
𥳺,竹,sǒng,3,0
𥳻,竹,,0,0
𥳼,竹,,0,0
𥳽,竹,,0,0
𥳾,竹,,0,0
𥳿,竹,,0,0
𥴀,竹,,0,0
𥴁,竹,,0,0
𥴂,竹,,0,0
𥴃,竹,,0,0
𥴄,竹,,0,0
𥴅,竹,,0,0
𥴆,竹,,0,0
𥴇,竹,,0,0
𥴈,竹,,0,0
𥴉,竹,,0,0
𥴊,竹,,0,0
𥴋,竹,,0,0
𥴌,竹,,0,0
𥴍,竹,,0,0
𥴎,竹,,0,0
𥴏,竹,,0,0
𥴐,竹,zhǎn,3,0
𥴑,竹,tíng,2,0
𥴒,竹,zhì,4,0
𥴓,竹,,0,0
𥴔,竹,,0,0
𥴕,竹,yóu,2,0
𥴖,竹,pái,2,0
𥴗,竹,,0,0
𥴘,竹,,0,0
𥴙,竹,,0,0
𥴚,竹,,0,0
𥴛,竹,,0,0
𥴜,竹,,0,0
𥴝,竹,,0,0
𥴞,竹,,0,0
𥴟,竹,,0,0
𥴠,竹,,0,0
𥴡,竹,lǐ,3,0
𥴢,竹,,0,0
𥴣,竹,,0,0
𥴤,竹,qián,2,0
𥴥,竹,,0,0
𥴦,竹,suì,4,0
𥴧,竹,jǔ,3,0
𥴨,竹,ài,4,0
𥴩,竹,gé,2,0
𥴪,竹,jù,4,0
𥴫,竹,tún,2,0
𥴬,竹,bì,4,0
𥴭,竹,qià,4,0
𥴮,竹,bó,2,0
𥴯,竹,huì,4,0
𥴰,竹,,0,0
𥴱,竹,jiàn,4,0
𥴲,竹,,0,0
𥴳,竹,,0,0
𥴴,竹,gōu,1,0
𥴵,竹,suàn,4,0
𥴶,竹,,0,0
𥴷,竹,,0,0
𥴸,竹,,0,0
𥴹,竹,,0,0
𥴺,竹,cí,2,0
𥴻,竹,qiàng,4,0
𥴼,竹,,0,0
𥴽,竹,,0,0
𥴾,竹,,0,0
𥴿,竹,yán,2,0
𥵀,竹,,0,0
𥵁,竹,,0,0
𥵂,竹,,0,0
𥵃,竹,,0,0
𥵄,竹,,0,0
𥵅,竹,,0,0
𥵆,竹,,0,0
𥵇,竹,,0,0
𥵈,竹,,0,0
𥵉,竹,,0,0
𥵊,竹,,0,0
𥵋,竹,,0,0
𥵌,竹,,0,0
𥵍,竹,,0,0
𥵎,竹,,0,0
𥵏,竹,diàn,4,0
𥵐,竹,,0,0
𥵑,竹,,0,0
𥵒,竹,miè,4,0
𥵓,竹,,0,0
𥵔,竹,,0,0
𥵕,竹,,0,0
𥵖,竹,,0,0
𥵗,竹,,0,0
𥵘,竹,,0,0
𥵙,竹,,0,0
𥵚,竹,,0,0
𥵛,竹,,0,0
𥵜,竹,pò,4,0
𥵝,竹,lǐng,3,0
𥵞,竹,jié,2,0
𥵟,竹,zhù,4,0
𥵠,竹,gǔ,3,0
𥵡,竹,,0,0
𥵢,竹,,0,0
𥵣,竹,duān,1,0
𥵤,竹,zhào,4,0
𥵥,竹,,0,0
𥵦,竹,shǎo,3,0
𥵧,竹,qǐn,3,0
𥵨,竹,mí,2,0
𥵩,竹,,0,0
𥵪,竹,píng,2,0
𥵫,竹,cóng,2,0
𥵬,竹,chōu,1,0
𥵭,竹,,0,0
𥵮,竹,,0,0
𥵯,竹,sà,4,0
𥵰,竹,,0,0
𥵱,竹,,0,0
𥵲,竹,,0,0
𥵳,竹,,0,0
𥵴,竹,,0,0
𥵵,竹,,0,0
𥵶,竹,tiǎn,3,0
𥵷,竹,,0,0
𥵸,竹,,0,0
𥵹,竹,,0,0
𥵺,竹,,0,0
𥵻,竹,,0,0
𥵼,竹,,0,0
𥵽,竹,,0,0
𥵾,竹,,0,0
𥵿,竹,,0,0
𥶀,竹,,0,0
𥶁,竹,,0,0
𥶂,竹,,0,0
𥶃,竹,,0,0
𥶄,竹,,0,0
𥶅,竹,liú,2,0
𥶆,竹,lǘ,2,0
𥶇,竹,lǔ,3,0
𥶈,竹,zōu,1,0
𥶉,竹,,0,0
𥶊,竹,,0,0
𥶋,竹,,0,0
𥶌,竹,lǜ,4,0
𥶍,竹,huǎn,3,0
𥶎,竹,,0,0
𥶏,竹,tiáo,2,0
𥶐,竹,tuí,2,0
𥶑,竹,qiǎng,3,0
𥶒,竹,lìn,4,0
𥶓,竹,bēi,1,0
𥶔,竹,páo,2,0
𥶕,竹,zhān,1,0
𥶖,竹,,0,0
𥶗,竹,lì,4,0
𥶘,竹,,0,0
𥶙,竹,,0,0
𥶚,竹,,0,0
𥶛,竹,tí,2,0
𥶜,竹,hú,2,0
𥶝,竹,,0,0
𥶞,竹,,0,0
𥶟,竹,,0,0
𥶠,竹,,0,0
𥶡,竹,,0,0
𥶢,竹,liè,4,0
𥶣,竹,,0,0
𥶤,竹,,0,0
𥶥,竹,,0,0
𥶦,竹,,0,0
𥶧,竹,,0,0
𥶨,竹,,0,0
𥶩,竹,,0,0
𥶪,竹,,0,0
𥶫,竹,,0,0
𥶬,竹,,0,0
𥶭,竹,,0,0
𥶮,竹,,0,0
𥶯,竹,,0,0
𥶰,竹,,0,0
𥶱,竹,,0,0
𥶲,竹,,0,0
𥶳,竹,,0,0
𥶴,竹,,0,0
𥶵,竹,huǐ,3,0
𥶶,竹,qū,1,0
𥶷,竹,xuǎn,3,0
𥶸,竹,,0,0
𥶹,竹,jìng,4,0
𥶺,竹,dié,2,0
𥶻,竹,suí,2,0
𥶼,竹,,0,0
𥶽,竹,wèi,4,0
𥶾,竹,,0,0
𥶿,竹,yán,2,0
𥷀,竹,yān,1,0
𥷁,竹,bàn,4,0
𥷂,竹,,0,0
𥷃,竹,jiǎng,3,0
𥷄,竹,nǐ,3,0
𥷅,竹,lì,4,0
𥷆,竹,hú,2,0
𥷇,竹,qì,4,0
𥷈,竹,zhōng,1,0
𥷉,竹,,0,0
𥷊,竹,,0,0
𥷋,竹,,0,0
𥷌,竹,,0,0
𥷍,竹,,0,0
𥷎,竹,,0,0
𥷏,竹,,0,0
𥷐,竹,,0,0
𥷑,竹,bì,4,0
𥷒,竹,,0,0
𥷓,竹,,0,0
𥷔,竹,yú,2,0
𥷕,竹,dié,2,0
𥷖,竹,lìn,4,0
𥷗,竹,lì,4,0
𥷘,竹,zhuó,2,0
𥷙,竹,jì,4,0
𥷚,竹,jū,1,0
𥷛,竹,,0,0
𥷜,竹,fēng,1,0
𥷝,竹,,0,0
𥷞,竹,yù,4,0
𥷟,竹,,0,0
𥷠,竹,,0,0
𥷡,竹,,0,0
𥷢,竹,,0,0
𥷣,竹,,0,0
𥷤,竹,,0,0
𥷥,竹,,0,0
𥷦,竹,,0,0
𥷧,竹,,0,0
𥷨,竹,liè,4,0
𥷩,竹,zá,2,0
𥷪,竹,qián,2,0
𥷫,竹,jiē,1,0
𥷬,竹,guān,1,0
𥷭,竹,,0,0
𥷮,竹,zhuó,2,0
𥷯,竹,,0,0
𥷰,竹,,0,0
𥷱,竹,fù,4,0
𥷲,竹,,0,0
𥷳,竹,,0,0
𥷴,竹,,0,0
𥷵,竹,,0,0
𥷶,竹,,0,0
𥷷,竹,,0,0
𥷸,竹,,0,0
𥷹,竹,sè,4,0
𥷺,竹,,0,0
𥷻,竹,,0,0
𥷼,竹,cù,4,0
𥷽,竹,,0,0
𥷾,竹,,0,0
𥷿,竹,,0,0
𥸀,竹,,0,0
𥸁,竹,,0,0
𥸂,竹,,0,0
𥸃,竹,huǐ,3,0
𥸄,竹,,0,0
𥸅,竹,,0,0
𥸆,竹,,0,0
𥸇,竹,,0,0
𥸈,竹,dàng,4,0
𥸉,竹,lóng,2,0
𥸊,竹,yì,4,0
𥸋,竹,,0,0
𥸌,竹,,0,0
𥸍,竹,,0,0
𥸎,竹,,0,0
𥸏,竹,,0,0
𥸐,竹,,0,0
𥸑,竹,,0,0
𥸒,竹,,0,0
𥸓,竹,,0,0
𥸔,竹,,0,0
𥸕,竹,,0,0
𥸖,竹,,0,0
𥸗,竹,sǎ,3,0
𥸘,竹,yuè,4,0
𥸙,竹,,0,0
𥸚,竹,dí,2,0
𥸛,竹,,0,0
𥸜,竹,,0,0
𥸝,竹,,0,0
𥸞,竹,,0,0
𥸟,竹,,0,0
𥸠,竹,,0,0
𥸡,竹,gǎn,3,0
𥸢,竹,zān,1,0
𥸣,竹,shàn,4,0
𥸤,竹,yù,4,0
𥸥,米,bǒ,3,0
𥸦,米,,0,0
𥸧,米,dìng,4,0
𥸨,米,fán,2,0
𥸩,米,,0,0
𥸪,米,yù,4,0
𥸫,米,,0,0
𥸬,米,shēn,1,0
𥸭,米,,0,0
𥸮,米,,0,0
𥸯,米,,0,0
𥸰,米,,0,0
𥸱,米,,0,0
𥸲,米,gōng,1,0
𥸳,米,,0,0
𥸴,米,miè,4,0
𥸵,米,tún,2,0
𥸶,米,,0,0
𥸷,米,,0,0
𥸸,米,liè,4,0
𥸹,米,,0,0
𥸺,米,,0,0
𥸻,米,,0,0
𥸼,米,,0,0
𥸽,米,,0,0
𥸾,米,,0,0
𥸿,米,,0,0
𥹀,米,,0,0
𥹁,米,zhā,1,0
𥹂,米,pēi,1,0
𥹃,米,,0,0
𥹄,米,mí,2,0
𥹅,米,,0,0
𥹆,米,míng,2,0
𥹇,米,fàn,4,0
𥹈,米,,0,0
𥹉,米,nà,4,0
𥹊,米,sì,4,0
𥹋,米,yí,2,0
𥹌,米,jiā,1,0
𥹍,米,zhù,4,0
𥹎,米,,0,0
𥹏,米,,0,0
𥹐,米,,0,0
𥹑,米,,0,0
𥹒,米,,0,0
𥹓,米,bān,1,0
𥹔,米,yù,4,0
𥹕,米,,0,0
𥹖,米,pǒ,3,0
𥹗,米,,0,0
𥹘,米,,0,0
𥹙,米,,0,0
𥹚,米,huān,1,0
𥹛,米,càn,4,0
𥹜,米,jiāo,1,0
𥹝,米,,0,0
𥹞,米,,0,0
𥹟,米,,0,0
𥹠,米,tán,2,0
𥹡,米,,0,0
𥹢,米,,0,0
𥹣,米,,0,0
𥹤,米,,0,0
𥹥,米,,0,0
𥹦,米,,0,0
𥹧,米,,0,0
𥹨,米,,0,0
𥹩,米,zhì,4,0
𥹪,米,,0,0
𥹫,米,mǐ,3,0
𥹬,米,kǎo,3,0
𥹭,米,,0,0
𥹮,米,,0,0
𥹯,米,,0,0
𥹰,米,,0,0
𥹱,米,yāo,1,0
𥹲,米,duì,4,0
𥹳,米,quǎn,3,0
𥹴,米,bù,4,0
𥹵,米,chù,4,0
𥹶,米,qiǎo,3,0
𥹷,米,liú,2,0
𥹸,米,bó,2,0
𥹹,米,,0,0
𥹺,米,kāng,1,0
𥹻,米,fèn,4,0
𥹼,米,,0,0
𥹽,米,,0,0
𥹾,米,,0,0
𥹿,米,,0,0
𥺀,米,,0,0
𥺁,米,,0,0
𥺂,米,,0,0
𥺃,米,,0,0
𥺄,米,,0,0
𥺅,米,dào,4,0
𥺆,米,,0,0
𥺇,米,,0,0
𥺈,米,,0,0
𥺉,米,dòu,4,0
𥺊,米,gé,2,0
𥺋,米,,0,0
𥺌,米,,0,0
𥺍,米,,0,0
𥺎,米,,0,0
𥺏,米,,0,0
𥺐,米,,0,0
𥺑,米,,0,0
𥺒,米,,0,0
𥺓,米,,0,0
𥺔,米,,0,0
𥺕,米,,0,0
𥺖,米,,0,0
𥺗,米,,0,0
𥺘,米,,0,0
𥺙,米,líng,2,0
𥺚,米,xí,2,0
𥺛,米,,0,0
𥺜,米,nì,4,0
𥺝,米,zhōu,1,0
𥺞,米,zhōu,1,0
𥺟,米,,0,0
𥺠,米,,0,0
𥺡,米,,0,0
𥺢,米,,0,0
𥺣,米,chōu,1,0
𥺤,米,,0,0
𥺥,米,,0,0
𥺦,米,,0,0
𥺧,米,,0,0
𥺨,米,,0,0
𥺩,米,,0,0
𥺪,米,,0,0
𥺫,米,,0,0
𥺬,米,,0,0
𥺭,米,,0,0
𥺮,米,,0,0
𥺯,米,,0,0
𥺰,米,,0,0
𥺱,米,,0,0
𥺲,米,,0,0
𥺳,米,,0,0
𥺴,米,niān,1,0
𥺵,米,jī,1,0
𥺶,米,,0,0
𥺷,米,qū,1,0
𥺸,米,,0,0
𥺹,米,,0,0
𥺺,米,,0,0
𥺻,米,,0,0
𥺼,米,,0,0
𥺽,米,,0,0
𥺾,米,,0,0
𥺿,米,,0,0
𥻀,米,,0,0
𥻁,米,,0,0
𥻂,米,,0,0
𥻃,米,,0,0
𥻄,米,kāi,1,0
𥻅,米,,0,0
𥻆,米,,0,0
𥻇,米,xiàn,4,0
𥻈,米,,0,0
𥻉,米,hé,2,0
𥻊,米,,0,0
𥻋,米,lín,2,0
𥻌,米,,0,0
𥻍,米,zī,1,0
𥻎,米,,0,0
𥻏,米,,0,0
𥻐,米,,0,0
𥻑,米,ǒu,3,0
𥻒,米,cù,4,0
𥻓,米,,0,0
𥻔,米,,0,0
𥻕,米,,0,0
𥻖,米,,0,0
𥻗,米,chá,2,0
𥻘,米,,0,0
𥻙,米,,0,0
𥻚,米,,0,0
𥻛,米,,0,0
𥻜,米,,0,0
𥻝,米,zhòng,4,0
𥻞,米,bú,2,0
𥻟,米,,0,0
𥻠,米,,0,0
𥻡,米,,0,0
𥻢,米,,0,0
𥻣,米,,0,0
𥻤,米,chōu,1,0
𥻥,米,xì,4,0
𥻦,米,sà,4,0
𥻧,米,xián,2,0
𥻨,米,sè,4,0
𥻩,米,miàn,4,0
𥻪,米,,0,0
𥻫,米,fán,2,0
𥻬,米,zhī,1,0
𥻭,米,,0,0
𥻮,米,cuì,4,0
𥻯,米,,0,0
𥻰,米,,0,0
𥻱,米,,0,0
𥻲,米,,0,0
𥻳,米,,0,0
𥻴,米,xià,4,0
𥻵,米,,0,0
𥻶,米,,0,0
𥻷,米,,0,0
𥻸,米,,0,0
𥻹,米,,0,0
𥻺,米,,0,0
𥻻,米,,0,0
𥻼,米,,0,0
𥻽,米,,0,0
𥻾,米,nuò,4,0
𥻿,米,lí,2,0
𥼀,米,zú,2,0
𥼁,米,,0,0
𥼂,米,cuī,1,0
𥼃,米,zé,2,0
𥼄,米,,0,0
𥼅,米,lí,2,0
𥼆,米,,0,0
𥼇,米,,0,0
𥼈,米,,0,0
𥼉,米,,0,0
𥼊,米,,0,0
𥼋,米,,0,0
𥼌,米,,0,0
𥼍,米,,0,0
𥼎,米,,0,0
𥼏,米,,0,0
𥼐,米,,0,0
𥼑,米,,0,0
𥼒,米,,0,0
𥼓,米,,0,0
𥼔,米,,0,0
𥼕,米,,0,0
𥼖,米,,0,0
𥼗,米,,0,0
𥼘,米,qí,2,0
𥼙,米,,0,0
𥼚,米,zhuō,1,0
𥼛,米,cuì,4,0
𥼜,米,pū,1,0
𥼝,米,,0,0
𥼞,米,fán,2,0
𥼟,米,tán,2,0
𥼠,米,,0,0
𥼡,米,,0,0
𥼢,米,,0,0
𥼣,米,,0,0
𥼤,米,,0,0
𥼥,米,,0,0
𥼦,米,,0,0
𥼧,米,,0,0
𥼨,米,,0,0
𥼩,米,zī,1,0
𥼪,米,zǔ,3,0
𥼫,米,zhōu,1,0
𥼬,米,róng,2,0
𥼭,米,lín,2,0
𥼮,米,tán,2,0
𥼯,米,,0,0
𥼰,米,,0,0
𥼱,米,,0,0
𥼲,米,,0,0
𥼳,米,,0,0
𥼴,米,,0,0
𥼵,米,,0,0
𥼶,米,shì,4,0
𥼷,米,,0,0
𥼸,米,,0,0
𥼹,米,,0,0
𥼺,米,cuǐ,3,0
𥼻,米,zī,1,0
𥼼,米,fū,1,0
𥼽,米,,0,0
𥼾,米,,0,0
𥼿,米,,0,0
𥽀,米,,0,0
𥽁,米,xiào,4,0
𥽂,米,,0,0
𥽃,米,,0,0
𥽄,米,,0,0
𥽅,米,,0,0
𥽆,米,,0,0
𥽇,米,,0,0
𥽈,米,fēng,1,0
𥽉,米,,0,0
𥽊,米,,0,0
𥽋,米,,0,0
𥽌,米,,0,0
𥽍,米,,0,0
𥽎,米,,0,0
𥽏,米,xiàn,4,0
𥽐,米,jiàn,4,0
𥽑,米,,0,0
𥽒,米,fèn,4,0
𥽓,米,,0,0
𥽔,米,,0,0
𥽕,米,,0,0
𥽖,米,,0,0
𥽗,米,lì,4,0
𥽘,米,mò,4,0
𥽙,米,,0,0
𥽚,米,,0,0
𥽛,米,,0,0
𥽜,米,,0,0
𥽝,米,,0,0
𥽞,米,,0,0
𥽟,米,yōu,1,0
𥽠,米,,0,0
𥽡,米,,0,0
𥽢,米,,0,0
𥽣,米,,0,0
𥽤,米,,0,0
𥽥,米,huò,4,0
𥽦,米,,0,0
𥽧,米,qū,1,0
𥽨,米,,0,0
𥽩,米,,0,0
𥽪,米,,0,0
𥽫,米,,0,0
𥽬,米,niàng,4,0
𥽭,米,,0,0
𥽮,米,,0,0
𥽯,米,,0,0
𥽰,米,mí,2,0
𥽱,米,,0,0
𥽲,米,,0,0
𥽳,米,qì,4,0
𥽴,米,,0,0
𥽵,米,,0,0
𥽶,米,hé,2,0
𥽷,米,,0,0
𥽸,米,liàn,4,0
𥽹,米,,0,0
𥽺,米,,0,0
𥽻,米,,0,0
𥽼,米,,0,0
𥽽,米,,0,0
𥽾,米,,0,0
𥽿,米,zuò,4,0
𥾀,米,,0,0
𥾁,米,,0,0
𥾂,米,líng,2,0
𥾃,米,,0,0
𥾄,米,,0,0
𥾅,糸,zhú,2,0
𥾆,糸,,0,0
𥾇,糸,niǎo,3,0
𥾈,糸,,0,0
𥾉,糸,,0,0
𥾊,糸,jǐ,3,0
𥾋,糸,réng,2,0
𥾌,糸,jié,2,0
𥾍,糸,gǎn,3,0
𥾎,糸,,0,0
𥾏,糸,,0,0
𥾐,糸,yì,4,0
𥾑,糸,,0,0
𥾒,糸,,0,0
𥾓,糸,zhóu,2,0
𥾔,糸,,0,0
𥾕,糸,wù,4,0
𥾖,糸,,0,0
𥾗,糸,,0,0
𥾘,糸,,0,0
𥾙,糸,,0,0
𥾚,糸,gěng,3,0
𥾛,糸,cù,4,0
𥾜,糸,,0,0
𥾝,糸,miè,4,0
𥾞,糸,,0,0
𥾟,糸,,0,0
𥾠,糸,,0,0
𥾡,糸,xún,2,0
𥾢,糸,,0,0
𥾣,糸,zhī,1,0
𥾤,糸,xiáo,2,0
𥾥,糸,,0,0
𥾦,糸,,0,0
𥾧,糸,fú,2,0
𥾨,糸,hú,2,0
𥾩,糸,,0,0
𥾪,糸,,0,0
𥾫,糸,,0,0
𥾬,糸,dī,1,0
𥾭,糸,,0,0
𥾮,糸,jué,2,0
𥾯,糸,diào,4,0
𥾰,糸,,0,0
𥾱,糸,,0,0
𥾲,糸,,0,0
𥾳,糸,,0,0
𥾴,糸,,0,0
𥾵,糸,,0,0
𥾶,糸,,0,0
𥾷,糸,,0,0
𥾸,糸,,0,0
𥾹,糸,shǒu,3,0
𥾺,糸,,0,0
𥾻,糸,,0,0
𥾼,糸,wǎng,3,0
𥾽,糸,,0,0
𥾾,糸,,0,0
𥾿,糸,,0,0
𥿀,糸,,0,0
𥿁,糸,,0,0
𥿂,糸,,0,0
𥿃,糸,nà,4,0
𥿄,糸,dī,1,0
𥿅,糸,shì,4,0
𥿆,糸,cí,2,0
𥿇,糸,shū,1,0
𥿈,糸,,0,0
𥿉,糸,wà,4,0
𥿊,糸,chè,4,0
𥿋,糸,fán,2,0
𥿌,糸,,0,0
𥿍,糸,gū,1,0
𥿎,糸,yuān,1,0
𥿏,糸,,0,0
𥿐,糸,,0,0
𥿑,糸,guān,1,0
𥿒,糸,,0,0
𥿓,糸,,0,0
𥿔,糸,,0,0
𥿕,糸,,0,0
𥿖,糸,,0,0
𥿗,糸,,0,0
𥿘,糸,,0,0
𥿙,糸,,0,0
𥿚,糸,qiè,4,0
𥿛,糸,,0,0
𥿜,糸,zhǎn,3,0
𥿝,糸,dài,4,0
𥿞,糸,shē,1,0
𥿟,糸,,0,0
𥿠,糸,,0,0
𥿡,糸,,0,0
𥿢,糸,,0,0
𥿣,糸,,0,0
𥿤,糸,,0,0
𥿥,糸,,0,0
𥿦,糸,zhōu,1,0
𥿧,糸,xiǎng,3,0
𥿨,糸,míng,2,0
𥿩,糸,zì,4,0
𥿪,糸,huāng,1,0
𥿫,糸,mí,2,0
𥿬,糸,,0,0
𥿭,糸,xì,4,0
𥿮,糸,zhì,4,0
𥿯,糸,pài,4,0
𥿰,糸,duǒ,3,0
𥿱,糸,,0,0
𥿲,糸,,0,0
𥿳,糸,,0,0
𥿴,糸,cì,4,0
𥿵,糸,móu,2,0
𥿶,糸,,0,0
𥿷,糸,chào,4,0
𥿸,糸,,0,0
𥿹,糸,yì,4,0
𥿺,糸,gōu,1,0
𥿻,糸,,0,0
𥿼,糸,,0,0
𥿽,糸,,0,0
𥿾,糸,,0,0
𥿿,糸,,0,0
𦀀,糸,,0,0
𦀁,糸,,0,0
𦀂,糸,,0,0
𦀃,糸,,0,0
𦀄,糸,,0,0
𦀅,糸,,0,0
𦀆,糸,,0,0
𦀇,糸,jīng,1,0
𦀈,糸,,0,0
𦀉,糸,,0,0
𦀊,糸,,0,0
𦀋,糸,,0,0
𦀌,糸,,0,0
𦀍,糸,,0,0
𦀎,糸,,0,0
𦀏,糸,,0,0
𦀐,糸,,0,0
𦀑,糸,,0,0
𦀒,糸,,0,0
𦀓,糸,zēng,1,0
𦀔,糸,pīng,1,0
𦀕,糸,yè,4,0
𦀖,糸,jié,2,0
𦀗,糸,,0,0
𦀘,糸,pī,1,0
𦀙,糸,,0,0
𦀚,糸,,0,0
𦀛,糸,shā,1,0
𦀜,糸,zhuàng,4,0
𦀝,糸,jiǒng,3,0
𦀞,糸,,0,0
𦀟,糸,,0,0
𦀠,糸,liú,2,0
𦀡,糸,yǔ,3,0
𦀢,糸,,0,0
𦀣,糸,jū,1,0
𦀤,糸,,0,0
𦀥,糸,,0,0
𦀦,糸,,0,0
𦀧,糸,,0,0
𦀨,糸,nuò,4,0
𦀩,糸,,0,0
𦀪,糸,,0,0
𦀫,糸,,0,0
𦀬,糸,,0,0
𦀭,糸,,0,0
𦀮,糸,,0,0
𦀯,糸,,0,0
𦀰,糸,,0,0
𦀱,糸,,0,0
𦀲,糸,,0,0
𦀳,糸,,0,0
𦀴,糸,,0,0
𦀵,糸,,0,0
𦀶,糸,,0,0
𦀷,糸,,0,0
𦀸,糸,mào,4,0
𦀹,糸,,0,0
𦀺,糸,,0,0
𦀻,糸,,0,0
𦀼,糸,,0,0
𦀽,糸,,0,0
𦀾,糸,,0,0
𦀿,糸,,0,0
𦁀,糸,,0,0
𦁁,糸,,0,0
𦁂,糸,,0,0
𦁃,糸,,0,0
𦁄,糸,chēn,1,0
𦁅,糸,,0,0
𦁆,糸,zhuàn,4,0
𦁇,糸,niàn,4,0
𦁈,糸,kòng,4,0
𦁉,糸,jiē,1,0
𦁊,糸,huà,4,0
𦁋,糸,,0,0
𦁌,糸,,0,0
𦁍,糸,xīn,1,0
𦁎,糸,zuó,2,0
𦁏,糸,yàn,4,0
𦁐,糸,jué,2,0
𦁑,糸,,0,0
𦁒,糸,,0,0
𦁓,糸,,0,0
𦁔,糸,,0,0
𦁕,糸,hū,1,0
𦁖,糸,zhòu,4,0
𦁗,糸,shè,4,0
𦁘,糸,,0,0
𦁙,糸,yǎn,3,0
𦁚,糸,,0,0
𦁛,糸,xiè,4,0
𦁜,糸,dié,2,0
𦁝,糸,,0,0
𦁞,糸,,0,0
𦁟,糸,chēn,1,0
𦁠,糸,,0,0
𦁡,糸,,0,0
𦁢,糸,,0,0
𦁣,糸,,0,0
𦁤,糸,,0,0
𦁥,糸,,0,0
𦁦,糸,,0,0
𦁧,糸,,0,0
𦁨,糸,,0,0
𦁩,糸,,0,0
𦁪,糸,,0,0
𦁫,糸,,0,0
𦁬,糸,,0,0
𦁭,糸,,0,0
𦁮,糸,,0,0
𦁯,糸,,0,0
𦁰,糸,,0,0
𦁱,糸,,0,0
𦁲,糸,jiǎn,3,0
𦁳,糸,jì,4,0
𦁴,糸,,0,0
𦁵,糸,,0,0
𦁶,糸,chuò,4,0
𦁷,糸,hóng,2,0
𦁸,糸,,0,0
𦁹,糸,,0,0
𦁺,糸,,0,0
𦁻,糸,,0,0
𦁼,糸,,0,0
𦁽,糸,,0,0
𦁾,糸,,0,0
𦁿,糸,,0,0
𦂀,糸,dá,2,0
𦂁,糸,,0,0
𦂂,糸,,0,0
𦂃,糸,,0,0
𦂄,糸,kāi,1,0
𦂅,糸,xīng,1,0
𦂆,糸,huì,4,0
𦂇,糸,jiǎn,3,0
𦂈,糸,zhòu,4,0
𦂉,糸,zhǎ,3,0
𦂊,糸,fù,4,0
𦂋,糸,chì,4,0
𦂌,糸,běng,3,0
𦂍,糸,nuò,4,0
𦂎,糸,,0,0
𦂏,糸,,0,0
𦂐,糸,,0,0
𦂑,糸,jì,4,0
𦂒,糸,qián,2,0
𦂓,糸,,0,0
𦂔,糸,wàn,4,0
𦂕,糸,óu,2,0
𦂖,糸,bì,4,0
𦂗,糸,shuò,4,0
𦂘,糸,,0,0
𦂙,糸,,0,0
𦂚,糸,,0,0
𦂛,糸,,0,0
𦂜,糸,,0,0
𦂝,糸,,0,0
𦂞,糸,,0,0
𦂟,糸,,0,0
𦂠,糸,jīng,1,0
𦂡,糸,yè,4,0
𦂢,糸,,0,0
𦂣,糸,,0,0
𦂤,糸,,0,0
𦂥,糸,,0,0
𦂦,糸,,0,0
𦂧,糸,,0,0
𦂨,糸,,0,0
𦂩,糸,,0,0
𦂪,糸,,0,0
𦂫,糸,,0,0
𦂬,糸,,0,0
𦂭,糸,,0,0
𦂮,糸,,0,0
𦂯,糸,,0,0
𦂰,糸,,0,0
𦂱,糸,,0,0
𦂲,糸,,0,0
𦂳,糸,,0,0
𦂴,糸,,0,0
𦂵,糸,,0,0
𦂶,糸,,0,0
𦂷,糸,,0,0
𦂸,糸,,0,0
𦂹,糸,,0,0
𦂺,糸,,0,0
𦂻,糸,,0,0
𦂼,糸,,0,0
𦂽,糸,,0,0
𦂾,糸,,0,0
𦂿,糸,,0,0
𦃀,糸,,0,0
𦃁,糸,,0,0
𦃂,糸,,0,0
𦃃,糸,,0,0
𦃄,糸,fěi,3,0
𦃅,糸,,0,0
𦃆,糸,,0,0
𦃇,糸,lí,2,0
𦃈,糸,,0,0
𦃉,糸,,0,0
𦃊,糸,lì,4,0
𦃋,糸,pí,2,0
𦃌,糸,,0,0
𦃍,糸,,0,0
𦃎,糸,,0,0
𦃏,糸,,0,0
𦃐,糸,,0,0
𦃑,糸,,0,0
𦃒,糸,suì,4,0
𦃓,糸,liú,2,0
𦃔,糸,hé,2,0
𦃕,糸,hǔn,3,0
𦃖,糸,tǎn,3,0
𦃗,糸,shuò,4,0
𦃘,糸,zhì,4,0
𦃙,糸,bó,2,0
𦃚,糸,,0,0
𦃛,糸,,0,0
𦃜,糸,,0,0
𦃝,糸,xì,4,0
𦃞,糸,,0,0
𦃟,糸,,0,0
𦃠,糸,,0,0
𦃡,糸,pó,2,0
𦃢,糸,qǔn,3,0
𦃣,糸,,0,0
𦃤,糸,mù,4,0
𦃥,糸,,0,0
𦃦,糸,,0,0
𦃧,糸,,0,0
𦃨,糸,,0,0
𦃩,糸,,0,0
𦃪,糸,,0,0
𦃫,糸,,0,0
𦃬,糸,,0,0
𦃭,糸,,0,0
𦃮,糸,,0,0
𦃯,糸,,0,0
𦃰,糸,,0,0
𦃱,糸,,0,0
𦃲,糸,,0,0
𦃳,糸,,0,0
𦃴,糸,,0,0
𦃵,糸,,0,0
𦃶,糸,,0,0
𦃷,糸,,0,0
𦃸,糸,,0,0
𦃹,糸,,0,0
𦃺,糸,,0,0
𦃻,糸,,0,0
𦃼,糸,,0,0
𦃽,糸,yōng,1,0
𦃾,糸,,0,0
𦃿,糸,,0,0
𦄀,糸,,0,0
𦄁,糸,,0,0
𦄂,糸,dài,4,0
𦄃,糸,,0,0
𦄄,糸,,0,0
𦄅,糸,,0,0
𦄆,糸,,0,0
𦄇,糸,,0,0
𦄈,糸,,0,0
𦄉,糸,,0,0
𦄊,糸,qǐ,3,0
𦄋,糸,diǎo,3,0
𦄌,糸,niè,4,0
𦄍,糸,shuǎng,3,0
𦄎,糸,,0,0
𦄏,糸,shāo,1,0
𦄐,糸,kǔn,3,0
𦄑,糸,suì,4,0
𦄒,糸,,0,0
𦄓,糸,dōu,1,0
𦄔,糸,dié,2,0
𦄕,糸,,0,0
𦄖,糸,,0,0
𦄗,糸,,0,0
𦄘,糸,,0,0
𦄙,糸,,0,0
𦄚,糸,,0,0
𦄛,糸,,0,0
𦄜,糸,gōng,1,0
𦄝,糸,,0,0
𦄞,糸,,0,0
𦄟,糸,,0,0
𦄠,糸,,0,0
𦄡,糸,,0,0
𦄢,糸,,0,0
𦄣,糸,,0,0
𦄤,糸,,0,0
𦄥,糸,,0,0
𦄦,糸,,0,0
𦄧,糸,,0,0
𦄨,糸,,0,0
𦄩,糸,,0,0
𦄪,糸,,0,0
𦄫,糸,,0,0
𦄬,糸,,0,0
𦄭,糸,,0,0
𦄮,糸,,0,0
𦄯,糸,zhuǎn,3,0
𦄰,糸,guó,2,0
𦄱,糸,,0,0
𦄲,糸,,0,0
𦄳,糸,,0,0
𦄴,糸,,0,0
𦄵,糸,,0,0
𦄶,糸,,0,0
𦄷,糸,,0,0
𦄸,糸,,0,0
𦄹,糸,,0,0
𦄺,糸,,0,0
𦄻,糸,,0,0
𦄼,糸,xū,1,0
𦄽,糸,qú,2,0
𦄾,糸,,0,0
𦄿,糸,,0,0
𦅀,糸,xún,2,0
𦅁,糸,,0,0
𦅂,糸,,0,0
𦅃,糸,jiāo,1,0
𦅄,糸,zhé,2,0
𦅅,糸,,0,0
𦅆,糸,diàn,4,0
𦅇,糸,sāng,1,0
𦅈,糸,bēng,1,0
𦅉,糸,,0,0
𦅊,糸,suǒ,3,0
𦅋,糸,qiǎn,3,0
𦅌,糸,,0,0
𦅍,糸,,0,0
𦅎,糸,,0,0
𦅏,糸,xū,1,0
𦅐,糸,,0,0
𦅑,糸,xún,2,0
𦅒,糸,,0,0
𦅓,糸,,0,0
𦅔,糸,mò,4,0
𦅕,糸,,0,0
𦅖,糸,,0,0
𦅗,糸,,0,0
𦅘,糸,,0,0
𦅙,糸,,0,0
𦅚,糸,,0,0
𦅛,糸,,0,0
𦅜,糸,,0,0
𦅝,糸,,0,0
𦅞,糸,,0,0
𦅟,糸,,0,0
𦅠,糸,,0,0
𦅡,糸,,0,0
𦅢,糸,,0,0
𦅣,糸,,0,0
𦅤,糸,,0,0
𦅥,糸,,0,0
𦅦,糸,,0,0
𦅧,糸,,0,0
𦅨,糸,,0,0
𦅩,糸,,0,0
𦅪,糸,,0,0
𦅫,糸,,0,0
𦅬,糸,,0,0
𦅭,糸,,0,0
𦅮,糸,,0,0
𦅯,糸,,0,0
𦅰,糸,,0,0
𦅱,糸,,0,0
𦅲,糸,,0,0
𦅳,糸,,0,0
𦅴,糸,,0,0
𦅵,糸,suì,4,0
𦅶,糸,là,4,0
𦅷,糸,zhǔ,3,0
𦅸,糸,zhòu,4,0
𦅹,糸,,0,0
𦅺,糸,lì,4,0
𦅻,糸,,0,0
𦅼,糸,dān,1,0
𦅽,糸,jú,2,0
𦅾,糸,,0,0
𦅿,糸,yùn,4,0
𦆀,糸,chǎn,3,0
𦆁,糸,luó,2,0
𦆂,糸,,0,0
𦆃,糸,,0,0
𦆄,糸,sè,4,0
𦆅,糸,,0,0
𦆆,糸,lián,2,0
𦆇,糸,,0,0
𦆈,糸,zuǎn,3,0
𦆉,糸,,0,0
𦆊,糸,,0,0
𦆋,糸,lài,4,0
𦆌,糸,shuǎng,3,0
𦆍,糸,qiè,4,0
𦆎,糸,,0,0
𦆏,糸,,0,0
𦆐,糸,,0,0
𦆑,糸,,0,0
𦆒,糸,,0,0
𦆓,糸,,0,0
𦆔,糸,,0,0
𦆕,糸,,0,0
𦆖,糸,,0,0
𦆗,糸,,0,0
𦆘,糸,dōu,1,0
𦆙,糸,,0,0
𦆚,糸,,0,0
𦆛,糸,,0,0
𦆜,糸,,0,0
𦆝,糸,,0,0
𦆞,糸,wù,4,0
𦆟,糸,méng,2,0
𦆠,糸,,0,0
𦆡,糸,jì,4,0
𦆢,糸,,0,0
𦆣,糸,,0,0
𦆤,糸,chī,1,0
𦆥,糸,,0,0
𦆦,糸,nǐ,3,0
𦆧,糸,,0,0
𦆨,糸,,0,0
𦆩,糸,,0,0
𦆪,糸,,0,0
𦆫,糸,,0,0
𦆬,糸,,0,0
𦆭,糸,,0,0
𦆮,糸,,0,0
𦆯,糸,,0,0
𦆰,糸,,0,0
𦆱,糸,,0,0
𦆲,糸,,0,0
𦆳,糸,,0,0
𦆴,糸,,0,0
𦆵,糸,,0,0
𦆶,糸,,0,0
𦆷,糸,,0,0
𦆸,糸,yáo,2,0
𦆹,糸,,0,0
𦆺,糸,,0,0
𦆻,糸,là,4,0
𦆼,糸,,0,0
𦆽,糸,,0,0
𦆾,糸,lǜ,4,0
𦆿,糸,,0,0
𦇀,糸,suì,4,0
𦇁,糸,fū,1,0
𦇂,糸,,0,0
𦇃,糸,,0,0
𦇄,糸,lěi,3,0
𦇅,糸,wěi,3,0
𦇆,糸,,0,0
𦇇,糸,,0,0
𦇈,糸,,0,0
𦇉,糸,,0,0
𦇊,糸,,0,0
𦇋,糸,,0,0
𦇌,糸,,0,0
𦇍,糸,,0,0
𦇎,糸,cōng,1,0
𦇏,糸,,0,0
𦇐,糸,,0,0
𦇑,糸,,0,0
𦇒,糸,,0,0
𦇓,糸,,0,0
𦇔,糸,lì,4,0
𦇕,糸,,0,0
𦇖,糸,pín,2,0
𦇗,糸,,0,0
𦇘,糸,jūn,1,0
𦇙,糸,jǔ,3,0
𦇚,糸,,0,0
𦇛,糸,là,4,0
𦇜,糸,,0,0
𦇝,糸,,0,0
𦇞,糸,,0,0
𦇟,糸,,0,0
𦇠,糸,,0,0
𦇡,糸,,0,0
𦇢,糸,,0,0
𦇣,糸,,0,0
𦇤,糸,,0,0
𦇥,糸,,0,0
𦇦,糸,,0,0
𦇧,糸,jì,4,0
𦇨,糸,,0,0
𦇩,糸,,0,0
𦇪,糸,miè,4,0
𦇫,糸,,0,0
𦇬,糸,yào,4,0
𦇭,糸,biān,1,0
𦇮,糸,,0,0
𦇯,糸,,0,0
𦇰,糸,,0,0
𦇱,糸,cóng,2,0
𦇲,糸,sī,1,0
𦇳,糸,,0,0
𦇴,糸,,0,0
𦇵,糸,sī,1,0
𦇶,糸,,0,0
𦇷,糸,,0,0
𦇸,糸,hé,2,0
𦇹,糸,,0,0
𦇺,糸,,0,0
𦇻,糸,,0,0
𦇼,糸,,0,0
𦇽,糸,,0,0
𦇾,糸,,0,0
𦇿,糸,,0,0
𦈀,糸,,0,0
𦈁,糸,,0,0
𦈂,糸,,0,0
𦈃,糸,nàng,4,0
𦈄,糸,,0,0
𦈅,糸,dié,2,0
𦈆,糸,,0,0
𦈇,糸,,0,0
𦈈,糸,chè,4,0
𦈉,糸,yùn,4,0
𦈊,糸,,0,0
𦈋,糸,xiǔ,3,0
𦈌,糸,shū,1,0
𦈍,糸,,0,0
𦈎,糸,chǎn,3,0
𦈏,糸,mín,2,0
𦈐,糸,lián,2,0
𦈑,糸,yīn,1,0
𦈒,糸,xīng,1,0
𦈓,糸,wēi,1,0
𦈔,糸,gǔ,3,0
𦈕,糸,tóu,2,0
𦈖,糸,tā,1,0
𦈗,糸,fěi,3,0
𦈘,糸,dā,1,0
𦈙,糸,niè,4,0
𦈚,糸,cù,4,0
𦈛,糸,zuǒ,3,0
𦈜,糸,jié,2,0
𦈝,糸,xuàn,4,0
𦈞,糸,bó,2,0
𦈟,糸,jīn,1,0
𦈠,糸,yǐn,3,0
𦈡,糸,xū,1,0
𦈢,缶,,0,0
𦈣,缶,yú,2,0
𦈤,缶,xiòng,4,0
𦈦,缶,qì,4,0
𦈧,缶,bēi,1,0
𦈨,缶,xíng,2,0
𦈩,缶,gǒng,3,0
𦈪,缶,,0,0
𦈫,缶,,0,0
𦈬,缶,zuǐ,3,0
𦈭,缶,,0,0
𦈯,缶,,0,0
𦈰,缶,jiē,1,0
𦈱,缶,,0,0
𦈲,缶,kāi,1,0
𦈴,缶,,0,0
𦈵,缶,xíng,2,0
𦈶,缶,bēi,1,0
𦈷,缶,shū,1,0
𦈸,缶,yù,4,0
𦈹,缶,,0,0
𦈺,缶,zhǒu,3,0
𦈻,缶,zhǎn,3,0
𦈼,缶,,0,0
𦉁,缶,,0,0
𦉂,缶,zhōng,1,0
𦉇,缶,,0,0
𦉈,缶,chuí,2,0
𦉉,缶,liù,4,0
𦉎,缶,suī,1,0
𦉏,缶,,0,0
𦉐,缶,zhǔ,3,0
𦉑,缶,,0,0
𦉕,缶,,0,0
𦉙,缶,biàn,4,0
𦉚,缶,,0,0
𦉝,缶,xìn,4,0
𦉞,缶,,0,0
𦉟,缶,yà,4,0
𦉠,缶,,0,0
𦉢,缶,líng,2,0
𦉣,缶,,0,0
𦉥,缶,,0,0
𦉧,缶,yà,4,0
𦉩,缶,,0,0
𦉪,网,,0,0
𦉫,网,,0,0
𦉬,网,tīng,1,0
𦉭,网,,0,0
𦉮,网,,0,0
𦉯,网,,0,0
𦉰,网,,0,0
𦉱,网,,0,0
𦉲,网,,0,0
𦉳,网,,0,0
𦉴,网,,0,0
𦉵,网,,0,0
𦉶,网,,0,0
𦉷,网,,0,0
𦉸,网,,0,0
𦉹,网,dí,2,0
𦉺,网,,0,0
𦉻,网,,0,0
𦉼,网,,0,0
𦉽,网,,0,0
𦉾,网,,0,0
𦉿,网,,0,0
𦊀,网,,0,0
𦊁,网,pí,2,0
𦊂,网,hù,4,0
𦊃,网,cén,2,0
𦊄,网,,0,0
𦊅,网,,0,0
𦊆,网,,0,0
𦊇,网,,0,0
𦊈,网,,0,0
𦊉,网,,0,0
𦊊,网,tiān,1,0
𦊋,网,mǒu,3,0
𦊌,网,juǎn,3,0
𦊍,网,,0,0
𦊎,网,mǒu,3,0
𦊏,网,,0,0
𦊐,网,jù,4,0
𦊑,网,liǔ,3,0
𦊒,网,,0,0
𦊓,网,lǐng,3,0
𦊔,网,,0,0
𦊕,网,,0,0
𦊖,网,,0,0
𦊗,网,liǔ,3,0
𦊘,网,hù,4,0
𦊙,网,,0,0
𦊚,网,,0,0
𦊛,网,,0,0
𦊜,网,,0,0
𦊝,网,,0,0
𦊞,网,,0,0
𦊟,网,,0,0
𦊠,网,,0,0
𦊡,网,,0,0
𦊢,网,,0,0
𦊣,网,,0,0
𦊤,山,,0,0
𦊥,网,,0,0
𦊦,网,fú,2,0
𦊧,网,hú,2,0
𦊨,网,,0,0
𦊩,网,,0,0
𦊪,网,è,4,0
𦊫,网,gōng,1,0
𦊬,网,gū,1,0
𦊭,网,,0,0
𦊮,网,,0,0
𦊯,网,,0,0
𦊰,网,,0,0
𦊱,网,guà,4,0
𦊲,网,,0,0
𦊳,网,,0,0
𦊴,网,,0,0
𦊵,网,,0,0
𦊶,网,,0,0
𦊷,网,,0,0
𦊸,网,,0,0
𦊹,网,lüè,4,0
𦊺,网,,0,0
𦊻,网,fán,2,0
𦊼,网,lǜ,4,0
𦊽,网,méng,2,0
𦊾,网,fú,2,0
𦊿,网,liú,2,0
𦋀,网,,0,0
𦋁,网,,0,0
𦋂,网,,0,0
𦋃,网,,0,0
𦋄,网,,0,0
𦋅,网,xié,2,0
𦋆,网,gū,1,0
𦋇,网,,0,0
𦋈,网,xiàn,4,0
𦋉,网,bó,2,0
𦋊,网,,0,0
𦋋,网,jì,4,0
𦋌,网,,0,0
𦋍,网,,0,0
𦋎,网,,0,0
𦋏,网,,0,0
𦋐,网,,0,0
𦋑,网,,0,0
𦋒,网,,0,0
𦋓,网,quān,1,0
𦋔,网,lù,4,0
𦋕,网,,0,0
𦋖,网,,0,0
𦋗,网,,0,0
𦋘,网,,0,0
𦋙,网,,0,0
𦋚,网,,0,0
𦋛,网,,0,0
𦋜,网,,0,0
𦋝,网,,0,0
𦋞,网,shuò,4,0
𦋟,网,,0,0
𦋠,网,,0,0
𦋡,网,mǒu,3,0
𦋢,网,yù,4,0
𦋣,网,hàn,4,0
𦋤,网,,0,0
𦋥,网,,0,0
𦋦,网,,0,0
𦋧,网,,0,0
𦋨,网,,0,0
𦋩,网,yuè,4,0
𦋪,廴,dàn,4,0
𦋫,网,,0,0
𦋬,网,,0,0
𦋭,网,,0,0
𦋮,网,,0,0
𦋯,网,yú,2,0
𦋰,网,jiān,1,0
𦋱,网,,0,0
𦋲,网,,0,0
𦋳,网,gāng,1,0
𦋴,网,,0,0
𦋵,网,,0,0
𦋶,网,,0,0
𦋷,网,,0,0
𦋸,网,,0,0
𦋹,网,,0,0
𦋺,网,,0,0
𦋻,网,,0,0
𦋼,网,,0,0
𦋽,网,,0,0
𦋾,网,,0,0
𦋿,网,cáo,2,0
𦌀,网,shèn,4,0
𦌁,网,liǔ,3,0
𦌂,网,,0,0
𦌃,网,,0,0
𦌄,网,,0,0
𦌅,网,,0,0
𦌆,网,jiāo,1,0
𦌇,网,,0,0
𦌈,网,,0,0
𦌉,网,sù,4,0
𦌊,网,sù,4,0
𦌋,网,zhòng,4,0
𦌌,网,,0,0
𦌍,网,,0,0
𦌎,网,,0,0
𦌏,网,,0,0
𦌐,网,,0,0
𦌑,网,,0,0
𦌒,网,liào,4,0
𦌓,网,,0,0
𦌔,网,xuǎn,3,0
𦌕,网,lù,4,0
𦌖,网,,0,0
𦌗,网,jì,4,0
𦌘,网,,0,0
𦌙,网,,0,0
𦌚,网,yán,2,0
𦌛,网,,0,0
𦌜,网,,0,0
𦌝,网,,0,0
𦌞,网,,0,0
𦌟,网,lù,4,0
𦌠,网,,0,0
𦌡,网,mǐn,3,0
𦌢,网,tí,2,0
𦌣,网,,0,0
𦌤,网,,0,0
𦌥,网,,0,0
𦌦,网,huàn,4,0
𦌧,网,,0,0
𦌨,网,,0,0
𦌩,羊,yì,4,0
𦌪,网,tǎn,3,0
𦌫,网,,0,0
𦌬,网,wǔ,3,0
𦌭,网,,0,0
𦌮,网,,0,0
𦌯,网,,0,0
𦌰,网,jī,1,0
𦌱,网,,0,0
𦌲,网,,0,0
𦌳,网,,0,0
𦌴,网,,0,0
𦌵,网,,0,0
𦌶,网,,0,0
𦌷,网,dú,2,0
𦌸,网,kūn,1,0
𦌹,网,,0,0
𦌺,网,jūn,1,0
𦌻,网,,0,0
𦌼,网,,0,0
𦌽,网,,0,0
𦌾,网,,0,0
𦌿,网,shī,1,0
𦍀,网,nàn,4,0
𦍁,网,pò,4,0
𦍂,网,,0,0
𦍃,网,,0,0
𦍄,网,shū,1,0
𦍅,网,quàn,4,0
𦍆,网,,0,0
𦍇,网,,0,0
𦍈,网,,0,0
𦍉,网,,0,0
𦍊,网,,0,0
𦍋,羊,,0,0
𦍌,羊,rèn,4,0
𦍍,羊,,0,0
𦍎,羊,,0,0
𦍏,羊,fén,2,0
𦍐,羊,,0,0
𦍑,羊,,0,0
𦍒,羊,tà,4,0
𦍓,羊,tún,2,0
𦍔,羊,,0,0
𦍕,羊,yáng,2,0
𦍖,羊,,0,0
𦍗,羊,,0,0
𦍘,羊,,0,0
𦍙,羊,,0,0
𦍚,羊,,0,0
𦍛,羊,,0,0
𦍜,羊,,0,0
𦍝,羊,,0,0
𦍞,羊,,0,0
𦍟,羊,,0,0
𦍠,羊,lì,4,0
𦍡,羊,,0,0
𦍢,羊,,0,0
𦍣,羊,,0,0
𦍤,羊,,0,0
𦍥,羊,,0,0
𦍦,羊,duō,1,0
𦍧,羊,cī,1,0
𦍨,羊,,0,0
𦍩,羊,gǔ,3,0
𦍪,羊,fén,2,0
𦍫,羊,,0,0
𦍬,羊,,0,0
𦍭,羊,róu,2,0
𦍮,羊,,0,0
𦍯,羊,,0,0
𦍰,羊,,0,0
𦍱,羊,gāo,1,0
𦍲,羊,xiáng,2,0
𦍳,羊,,0,0
𦍴,羊,xiáng,2,0
𦍵,羊,hǒu,3,0
𦍶,羊,,0,0
𦍷,羊,tāo,1,0
𦍸,羊,shàn,4,0
𦍹,羊,yáng,2,0
𦍺,羊,zì,4,0
𦍻,羊,,0,0
𦍼,羊,yuán,2,0
𦍽,羊,,0,0
𦍾,羊,,0,0
𦍿,羊,,0,0
𦎀,羊,,0,0
𦎁,羊,,0,0
𦎂,羊,,0,0
𦎃,羊,,0,0
𦎄,羊,sú,2,0
𦎅,厶,,0,0
𦎆,羊,,0,0
𦎇,羊,chuàn,4,0
𦎈,羊,xiáng,2,0
𦎉,羊,,0,0
𦎊,羊,bān,1,0
𦎋,羊,,0,0
𦎌,羊,mǎn,3,0
𦎍,羊,,0,0
𦎎,羊,fǔ,3,0
𦎏,羊,lǎ,3,0
𦎐,羊,lǐ,3,0
𦎑,羊,,0,0
𦎒,羊,jié,2,0
𦎓,羊,yōu,1,0
𦎔,羊,,0,0
𦎕,羊,,0,0
𦎖,羊,,0,0
𦎗,羊,,0,0
𦎘,羊,yù,4,0
𦎙,羊,,0,0
𦎚,羊,chì,4,0
𦎛,羊,,0,0
𦎜,羊,chuàn,4,0
𦎝,羊,yì,4,0
𦎞,羊,shān,1,0
𦎟,羊,,0,0
𦎠,羊,,0,0
𦎡,羊,,0,0
𦎢,羊,jí,2,0
𦎣,羊,yān,1,0
𦎤,羊,,0,0
𦎥,羊,,0,0
𦎦,羊,wù,4,0
𦎧,羊,chún,2,0
𦎨,羊,máng,2,0
𦎩,羊,,0,0
𦎪,羊,,0,0
𦎫,羊,,0,0
𦎬,羊,,0,0
𦎭,羊,fú,2,0
𦎮,羊,jiā,1,0
𦎯,羊,gòu,4,0
𦎰,羊,gú,2,0
𦎱,羊,jiá,2,0
𦎲,羊,,0,0
𦎳,羊,,0,0
𦎴,羊,,0,0
𦎵,羊,xián,2,0
𦎶,羊,,0,0
𦎷,羊,jìn,4,0
𦎸,羊,zì,4,0
𦎹,羊,lóu,2,0
𦎺,羊,,0,0
𦎻,羊,,0,0
𦎼,羊,gòu,4,0
𦎽,羊,,0,0
𦎾,羊,,0,0
𦎿,羊,,0,0
𦏀,羊,rén,2,0
𦏁,羊,,0,0
𦏂,羊,shān,1,0
𦏃,羊,,0,0
𦏄,羊,,0,0
𦏅,羊,jué,2,0
𦏆,羊,tóng,2,0
𦏇,羊,yǒu,3,0
𦏈,羊,,0,0
𦏉,羊,,0,0
𦏊,羊,,0,0
𦏋,羊,,0,0
𦏌,羊,,0,0
𦏍,羊,,0,0
𦏎,羊,,0,0
𦏏,羊,,0,0
𦏐,羊,,0,0
𦏑,羊,,0,0
𦏒,羊,,0,0
𦏓,羊,,0,0
𦏔,羊,jiān,1,0
𦏕,羊,dú,2,0
𦏖,羊,,0,0
𦏗,羊,hú,2,0
𦏘,羊,,0,0
𦏙,羊,,0,0
𦏚,羊,,0,0
𦏛,羊,sāo,1,0
𦏜,羊,yù,4,0
𦏝,羊,,0,0
𦏞,羊,,0,0
𦏟,羊,,0,0
𦏠,羊,,0,0
𦏡,羊,,0,0
𦏢,羊,mài,4,0
𦏣,羊,,0,0
𦏤,羊,zhī,1,0
𦏥,羊,yān,1,0
𦏦,羊,gāo,1,0
𦏧,羊,,0,0
𦏨,羊,huài,4,0
𦏩,羊,,0,0
𦏪,羊,,0,0
𦏫,羊,,0,0
𦏬,羊,,0,0
𦏭,羊,,0,0
𦏮,羊,quán,2,0
𦏯,羊,,0,0
𦏰,羊,,0,0
𦏱,羊,yǎng,3,0
𦏲,羽,,0,0
𦏳,羽,zuǐ,3,0
𦏴,羽,,0,0
𦏵,羽,,0,0
𦏶,羽,,0,0
𦏷,羽,xiāo,1,0
𦏸,羽,yì,4,0
𦏹,羽,yǎn,3,0
𦏺,羽,hóng,2,0
𦏻,羽,yú,2,0
𦏼,羽,,0,0
𦏽,羽,,0,0
𦏾,羽,,0,0
𦏿,羽,chì,4,0
𦐀,羽,,0,0
𦐁,羽,chí,2,0
𦐂,羽,,0,0
𦐃,羽,,0,0
𦐄,羽,háng,2,0
𦐅,羽,sè,4,0
𦐆,羽,pā,1,0
𦐇,羽,tà,4,0
𦐈,羽,fēn,1,0
𦐉,羽,chī,1,0
𦐊,羽,,0,0
𦐋,羽,,0,0
𦐌,羽,hóng,2,0
𦐍,羽,xuè,4,0
𦐎,羽,,0,0
𦐏,羽,,0,0
𦐐,羽,,0,0
𦐑,羽,,0,0
𦐒,羽,,0,0
𦐓,羽,,0,0
𦐔,羽,,0,0
𦐕,羽,,0,0
𦐖,羽,zhǐ,3,0
𦐗,羽,,0,0
𦐘,羽,,0,0
𦐙,羽,,0,0
𦐚,羽,,0,0
𦐛,羽,qú,2,0
𦐜,羽,,0,0
𦐝,羽,,0,0
𦐞,羽,,0,0
𦐟,羽,,0,0
𦐠,羽,xī,1,0
𦐡,羽,fú,2,0
𦐢,羽,,0,0
𦐣,羽,shū,1,0
𦐤,羽,hài,4,0
𦐥,羽,,0,0
𦐦,羽,pò,4,0
𦐧,羽,,0,0
𦐨,羽,cǐ,3,0
𦐩,羽,,0,0
𦐪,羽,,0,0
𦐫,羽,,0,0
𦐬,羽,,0,0
𦐭,羽,,0,0
𦐮,羽,,0,0
𦐯,羽,,0,0
𦐰,羽,chài,4,0
𦐱,羽,,0,0
𦐲,羽,,0,0
𦐳,羽,hōng,1,0
𦐴,羽,,0,0
𦐵,羽,,0,0
𦐶,羽,,0,0
𦐷,羽,,0,0
𦐸,羽,pǎo,3,0
𦐹,羽,shēn,1,0
𦐺,羽,xiāo,1,0
𦐻,羽,,0,0
𦐼,羽,,0,0
𦐽,羽,xuān,1,0
𦐾,羽,cǐ,3,0
𦐿,羽,tíng,2,0
𦑀,羽,pò,4,0
𦑁,羽,,0,0
𦑂,羽,,0,0
𦑃,羽,,0,0
𦑄,羽,,0,0
𦑅,羽,,0,0
𦑆,羽,,0,0
𦑇,羽,tà,4,0
𦑈,羽,chā,1,0
𦑉,羽,,0,0
𦑊,羽,,0,0
𦑋,羽,zú,2,0
𦑌,羽,huò,4,0
𦑍,羽,xù,4,0
𦑎,羽,yàn,4,0
𦑏,羽,chài,4,0
𦑐,羽,,0,0
𦑑,心,tuó,2,0
𦑒,羽,,0,0
𦑓,羽,,0,0
𦑔,羽,,0,0
𦑕,羽,,0,0
𦑖,羽,,0,0
𦑗,羽,,0,0
𦑘,羽,xián,2,0
𦑙,羽,xuān,1,0
𦑚,羽,hóu,2,0
𦑛,羽,huǎn,3,0
𦑜,羽,gé,2,0
𦑝,羽,chǒng,3,0
𦑞,羽,bì,4,0
𦑟,羽,hōng,1,0
𦑠,羽,hōng,1,0
𦑡,羽,chí,2,0
𦑢,羽,,0,0
𦑣,羽,chá,2,0
𦑤,羽,,0,0
𦑥,羽,,0,0
𦑦,羽,,0,0
𦑧,羽,,0,0
𦑨,羽,,0,0
𦑩,羽,,0,0
𦑪,羽,,0,0
𦑫,羽,,0,0
𦑬,羽,,0,0
𦑭,羽,,0,0
𦑮,羽,,0,0
𦑯,羽,zhǎ,3,0
𦑰,羽,,0,0
𦑱,羽,zhái,2,0
𦑲,羽,tà,4,0
𦑳,羽,,0,0
𦑴,羽,,0,0
𦑵,羽,pò,4,0
𦑶,羽,tà,4,0
𦑷,羽,,0,0
𦑸,羽,yóu,2,0
𦑹,羽,fú,2,0
𦑺,羽,cī,1,0
𦑻,羽,dá,2,0
𦑼,羽,tǎ,3,0
𦑽,羽,,0,0
𦑾,羽,liú,2,0
𦑿,羽,,0,0
𦒀,羽,,0,0
𦒁,羽,cī,1,0
𦒂,羽,,0,0
𦒃,羽,hōng,1,0
𦒄,羽,,0,0
𦒅,羽,hàn,4,0
𦒆,羽,lā,1,0
𦒇,羽,,0,0
𦒈,羽,shī,1,0
𦒉,羽,,0,0
𦒊,羽,,0,0
𦒋,羽,,0,0
𦒌,羽,,0,0
𦒍,羽,tóng,2,0
𦒎,羽,huì,4,0
𦒏,羽,hé,2,0
𦒐,羽,piē,1,0
𦒑,羽,yù,4,0
𦒒,羽,,0,0
𦒓,羽,,0,0
𦒔,羽,,0,0
𦒕,羽,,0,0
𦒖,羽,,0,0
𦒗,羽,,0,0
𦒘,羽,,0,0
𦒙,羽,,0,0
𦒚,羽,,0,0
𦒛,羽,,0,0
𦒜,羽,xiān,1,0
𦒝,羽,hǎn,3,0
𦒞,羽,,0,0
𦒟,羽,pò,4,0
𦒠,羽,,0,0
𦒡,羽,,0,0
𦒢,羽,,0,0
𦒣,羽,,0,0
𦒤,羽,,0,0
𦒥,羽,,0,0
𦒦,羽,là,4,0
𦒧,羽,huò,4,0
𦒨,羽,,0,0
𦒩,羽,,0,0
𦒪,羽,,0,0
𦒫,羽,,0,0
𦒬,羽,,0,0
𦒭,羽,,0,0
𦒮,羽,,0,0
𦒯,羽,,0,0
𦒰,羽,tài,4,0
𦒱,老,,0,0
𦒲,老,,0,0
𦒳,老,,0,0
𦒴,老,lǎo,3,0
𦒵,老,,0,0
𦒶,老,shù,4,0
𦒷,老,,0,0
𦒸,老,,0,0
𦒹,老,,0,0
𦒺,老,dào,4,0
𦒻,老,diǎn,3,0
𦒼,老,,0,0
𦒽,老,,0,0
𦒾,老,,0,0
𦒿,老,,0,0
𦓀,老,,0,0
𦓁,老,,0,0
𦓂,老,,0,0
𦓃,老,,0,0
𦓄,老,,0,0
𦓅,老,,0,0
𦓆,老,,0,0
𦓇,老,,0,0
𦓈,老,xiòng,4,0
𦓉,老,,0,0
𦓊,老,,0,0
𦓋,老,wàng,4,0
𦓌,老,,0,0
𦓍,老,chě,3,0
𦓎,而,nài,4,0
𦓏,而,,0,0
𦓐,而,jué,2,0
𦓑,而,,0,0
𦓒,而,,0,0
𦓓,而,ér,2,0
𦓔,而,ér,2,0
𦓕,而,nǘ,2,0
𦓖,而,nǜ,4,0
𦓗,而,,0,0
𦓘,而,,0,0
𦓙,而,,0,0
𦓚,而,,0,0
𦓛,而,,0,0
𦓜,而,,0,0
𦓝,而,zhuǎn,3,0
𦓞,而,,0,0
𦓟,而,,0,0
𦓠,而,,0,0
𦓡,而,,0,0
𦓢,而,nuò,4,0
𦓣,而,,0,0
𦓤,耒,liè,4,0
𦓥,耒,lěi,3,0
𦓦,耒,,0,0
𦓧,耒,bā,1,0
𦓨,耒,,0,0
𦓩,耒,,0,0
𦓪,耒,,0,0
𦓫,耒,,0,0
𦓬,耒,chēng,1,0
𦓭,耒,,0,0
𦓮,耒,,0,0
𦓯,耒,guī,1,0
𦓰,耒,quán,2,0
𦓱,耒,gè,4,0
𦓲,耒,,0,0
𦓳,耒,gǒng,3,0
𦓴,耒,shào,4,0
𦓵,耒,,0,0
𦓶,耒,,0,0
𦓷,耒,,0,0
𦓸,耒,,0,0
𦓹,耒,lái,2,0
𦓺,耒,zhēng,1,0
𦓻,耒,yì,4,0
𦓼,耒,gǔn,3,0
𦓽,耒,wēi,1,0
𦓾,耒,lǔn,3,0
𦓿,耒,,0,0
𦔀,耒,,0,0
𦔁,耒,,0,0
𦔂,耒,shí,2,0
𦔃,耒,yīng,1,0
𦔄,耒,shěng,3,0
𦔅,耒,tú,2,0
𦔆,耒,bì,4,0
𦔇,耒,,0,0
𦔈,耒,zé,2,0
𦔉,耒,zhòng,4,0
𦔊,耒,,0,0
𦔋,耒,rǒng,3,0
𦔌,耒,qí,2,0
𦔍,耒,fù,4,0
𦔎,耒,cè,4,0
𦔏,耒,,0,0
𦔐,耒,,0,0
𦔑,耒,,0,0
𦔒,耒,,0,0
𦔓,耒,lí,2,0
𦔔,耒,mán,2,0
𦔕,耒,,0,0
𦔖,耒,lián,2,0
𦔗,耒,biāo,1,0
𦔘,耒,,0,0
𦔙,耒,,0,0
𦔚,耒,,0,0
𦔛,耒,chuáng,2,0
𦔜,耒,yì,4,0
𦔝,耒,,0,0
𦔞,耒,,0,0
𦔟,耒,,0,0
𦔠,耒,pài,4,0
𦔡,耒,,0,0
𦔢,耒,,0,0
𦔣,耒,,0,0
𦔤,耒,,0,0
𦔥,耒,yì,4,0
𦔦,耒,kuài,4,0
𦔧,耒,,0,0
𦔨,耒,,0,0
𦔩,耒,biāo,1,0
𦔪,耒,,0,0
𦔫,耒,chì,4,0
𦔬,耒,qú,2,0
𦔭,耒,mò,4,0
𦔮,耳,zhé,2,0
𦔯,耳,shà,4,0
𦔰,耳,shà,4,0
𦔱,耳,,0,0
𦔲,耳,,0,0
𦔳,耳,,0,0
𦔴,耳,,0,0
𦔵,耳,,0,0
𦔶,耳,,0,0
𦔷,耳,yāo,1,0
𦔸,耳,gōng,1,0
𦔹,耳,nài,4,0
𦔺,耳,,0,0
𦔻,耳,,0,0
𦔼,耳,xiè,4,0
𦔽,耳,,0,0
𦔾,耳,,0,0
𦔿,耳,tiàn,4,0
𦕀,耳,,0,0
𦕁,耳,,0,0
𦕂,耳,,0,0
𦕃,耳,,0,0
𦕄,耳,,0,0
𦕅,耳,,0,0
𦕆,耳,yé,2,0
𦕇,耳,,0,0
𦕈,耳,,0,0
𦕉,耳,shā,1,0
𦕊,耳,,0,0
𦕋,耳,,0,0
𦕌,耳,,0,0
𦕍,耳,,0,0
𦕎,耳,,0,0
𦕏,耳,sào,4,0
𦕐,耳,,0,0
𦕑,耳,,0,0
𦕒,耳,diān,1,0
𦕓,耳,xù,4,0
𦕔,耳,,0,0
𦕕,耳,,0,0
𦕖,耳,,0,0
𦕗,耳,,0,0
𦕘,耳,,0,0
𦕙,耳,qú,2,0
𦕚,耳,,0,0
𦕛,耳,,0,0
𦕜,耳,,0,0
𦕝,耳,,0,0
𦕞,耳,,0,0
𦕟,耳,,0,0
𦕠,耳,hōng,1,0
𦕡,耳,shèng,4,0
𦕢,耳,tìng,4,0
𦕣,耳,,0,0
𦕤,耳,,0,0
𦕥,耳,,0,0
𦕦,耳,,0,0
𦕧,耳,,0,0
𦕨,耳,,0,0
𦕩,耳,,0,0
𦕪,耳,,0,0
𦕫,耳,,0,0
𦕬,耳,,0,0
𦕭,耳,,0,0
𦕮,耳,,0,0
𦕯,耳,,0,0
𦕰,耳,duo,1,0
𦕱,耳,,0,0
𦕲,耳,,0,0
𦕳,耳,,0,0
𦕴,耳,,0,0
𦕵,耳,liáo,2,0
𦕶,耳,,0,0
𦕷,耳,hòng,4,0
𦕸,耳,lǐ,3,0
𦕹,耳,,0,0
𦕺,耳,xiǎng,3,0
𦕻,耳,,0,0
𦕼,耳,,0,0
𦕽,耳,shèn,4,0
𦕾,耳,,0,0
𦕿,耳,,0,0
𦖀,耳,fū,1,0
𦖁,耳,,0,0
𦖂,耳,,0,0
𦖃,耳,,0,0
𦖄,耳,,0,0
𦖅,耳,,0,0
𦖆,耳,,0,0
𦖇,耳,,0,0
𦖈,耳,yǎn,3,0
𦖉,耳,wǎng,3,0
𦖊,耳,qī,1,0
𦖋,耳,duǒ,3,0
𦖌,耳,,0,0
𦖍,耳,huà,4,0
𦖎,耳,qiān,1,0
𦖏,耳,,0,0
𦖐,耳,xiè,4,0
𦖑,耳,,0,0
𦖒,耳,,0,0
𦖓,耳,,0,0
𦖔,耳,,0,0
𦖕,耳,,0,0
𦖖,耳,,0,0
𦖗,耳,,0,0
𦖘,耳,,0,0
𦖙,耳,,0,0
𦖚,耳,,0,0
𦖛,耳,,0,0
𦖜,耳,,0,0
𦖝,耳,cì,4,0
𦖞,耳,shēng,1,0
𦖟,耳,,0,0
𦖠,耳,,0,0
𦖡,耳,,0,0
𦖢,耳,èr,4,0
𦖣,耳,,0,0
𦖤,耳,xīng,1,0
𦖥,耳,,0,0
𦖦,耳,tuì,4,0
𦖧,耳,yàn,4,0
𦖨,耳,,0,0
𦖩,耳,liè,4,0
𦖪,耳,,0,0
𦖫,耳,,0,0
𦖬,耳,mí,2,0
𦖭,耳,,0,0
𦖮,耳,,0,0
𦖯,耳,,0,0
𦖰,耳,,0,0
𦖱,耳,,0,0
𦖲,耳,,0,0
𦖳,耳,,0,0
𦖴,耳,,0,0
𦖵,耳,,0,0
𦖶,耳,,0,0
𦖷,耳,,0,0
𦖸,耳,zòng,4,0
𦖹,耳,,0,0
𦖺,耳,zī,1,0
𦖻,耳,,0,0
𦖼,耳,hú,2,0
𦖽,耳,yíng,2,0
𦖾,耳,lián,2,0
𦖿,耳,dā,1,0
𦗀,耳,tián,2,0
𦗁,耳,tiàn,4,0
𦗂,耳,,0,0
𦗃,耳,,0,0
𦗄,耳,,0,0
𦗅,耳,,0,0
𦗆,耳,,0,0
𦗇,耳,,0,0
𦗈,耳,,0,0
𦗉,耳,,0,0
𦗊,耳,,0,0
𦗋,耳,róng,2,0
𦗌,耳,,0,0
𦗍,耳,ài,4,0
𦗎,耳,,0,0
𦗏,耳,,0,0
𦗐,耳,ài,4,0
𦗑,耳,zhé,2,0
𦗒,耳,guō,1,0
𦗓,耳,lù,4,0
𦗔,耳,zhāo,1,0
𦗕,耳,mí,2,0
𦗖,耳,liáo,2,0
𦗗,耳,zhé,2,0
𦗘,耳,,0,0
𦗙,耳,,0,0
𦗚,耳,,0,0
𦗛,耳,qǔ,3,0
𦗜,耳,cōng,1,0
𦗝,耳,,0,0
𦗞,耳,,0,0
𦗟,耳,tīng,1,0
𦗠,耳,,0,0
𦗡,耳,tán,2,0
𦗢,耳,zhǎn,3,0
𦗣,耳,hú,2,0
𦗤,耳,,0,0
𦗥,耳,piē,1,0
𦗦,耳,,0,0
𦗧,耳,dā,1,0
𦗨,耳,róng,2,0
𦗩,耳,,0,0
𦗪,耳,,0,0
𦗫,耳,,0,0
𦗬,耳,,0,0
𦗭,耳,,0,0
𦗮,耳,nǎo,3,0
𦗯,耳,,0,0
𦗰,耳,,0,0
𦗱,耳,,0,0
𦗲,耳,,0,0
𦗳,耳,náng,2,0
𦗴,耳,dāng,1,0
𦗵,耳,jiǎo,3,0
𦗶,耳,,0,0
𦗷,耳,,0,0
𦗸,耳,,0,0
𦗹,耳,,0,0
𦗺,耳,,0,0
𦗻,耳,jù,4,0
𦗼,耳,ěr,3,0
𦗽,耳,,0,0
𦗾,耳,,0,0
𦗿,耳,,0,0
𦘀,耳,,0,0
𦘁,耳,,0,0
𦘂,耳,,0,0
𦘃,耳,,0,0
𦘄,耳,,0,0
𦘅,耳,,0,0
𦘆,耳,,0,0
𦘇,耳,,0,0
𦘈,耳,,0,0
𦘉,耳,,0,0
𦘊,耳,lì,4,0
𦘋,耳,,0,0
𦘌,耳,guō,1,0
𦘍,耳,wài,4,0
𦘎,耳,,0,0
𦘏,耳,,0,0
𦘐,耳,,0,0
𦘑,耳,,0,0
𦘒,聿,niè,4,0
𦘓,聿,,0,0
𦘔,聿,jīn,1,0
𦘕,聿,,0,0
𦘖,聿,,0,0
𦘗,聿,,0,0
𦘘,聿,,0,0
𦘙,聿,,0,0
𦘚,聿,,0,0
𦘛,聿,,0,0
𦘜,聿,,0,0
𦘝,聿,,0,0
𦘞,聿,,0,0
𦘟,聿,,0,0
𦘠,聿,,0,0
𦘡,聿,,0,0
𦘢,聿,,0,0
𦘣,聿,,0,0
𦘤,聿,,0,0
𦘥,聿,,0,0
𦘦,聿,,0,0
𦘧,聿,,0,0
𦘨,聿,,0,0
𦘩,肉,pǐ,3,0
𦘪,肉,chì,4,0
𦘫,肉,,0,0
𦘬,肉,,0,0
𦘭,肉,,0,0
𦘮,肉,,0,0
𦘯,肉,,0,0
𦘰,肉,,0,0
𦘱,肉,,0,0
𦘲,肉,pǐ,3,0
𦘳,肉,yì,4,0
𦘴,肉,dū,1,0
𦘵,肉,wǎ,3,0
𦘶,肉,xūn,1,0
𦘷,肉,,0,0
𦘸,肉,qì,4,0
𦘹,肉,shàn,4,0
𦘺,肉,,0,0
𦘻,肉,,0,0
𦘼,肉,xū,1,0
𦘽,肉,,0,0
𦘾,肉,,0,0
𦘿,肉,hē,1,0
𦙀,肉,pàn,4,0
𦙁,肉,,0,0
𦙂,肉,pēi,1,0
𦙃,肉,,0,0
𦙄,肉,xiōng,1,0
𦙅,肉,,0,0
𦙆,肉,chǐ,3,0
𦙇,肉,tān,1,0
𦙈,肉,zuì,4,0
𦙉,肉,zuǎn,3,0
𦙊,肉,qì,4,0
𦙋,肉,dū,1,0
𦙌,肉,,0,0
𦙍,肉,,0,0
𦙎,肉,,0,0
𦙏,肉,,0,0
𦙐,肉,,0,0
𦙑,肉,,0,0
𦙒,肉,,0,0
𦙓,肉,,0,0
𦙔,肉,,0,0
𦙕,肉,,0,0
𦙖,肉,,0,0
𦙗,月,,0,0
𦙘,肉,,0,0
𦙙,肉,shuǐ,3,0
𦙚,肉,,0,0
𦙛,肉,,0,0
𦙜,肉,nǎ,3,0
𦙝,肉,xī,1,0
𦙞,肉,,0,0
𦙟,肉,,0,0
𦙠,肉,,0,0
𦙡,肉,,0,0
𦙢,肉,,0,0
𦙣,肉,,0,0
𦙤,肉,,0,0
𦙥,肉,,0,0
𦙦,肉,,0,0
𦙧,肉,chǎo,3,0
𦙨,肉,yì,4,0
𦙩,肉,,0,0
𦙪,肉,,0,0
𦙫,肉,zhēng,1,0
𦙬,肉,,0,0
𦙭,肉,,0,0
𦙮,肉,jú,2,0
𦙯,肉,dài,4,0
𦙰,肉,,0,0
𦙱,肉,sān,1,0
𦙲,肉,,0,0
𦙳,肉,,0,0
𦙴,肉,zhù,4,0
𦙵,肉,wàn,4,0
𦙶,肉,gǔ,3,0
𦙷,肉,,0,0
𦙸,肉,sān,1,0
𦙹,肉,bàn,4,0
𦙺,肉,jià,4,0
𦙻,肉,mài,4,0
𦙼,肉,,0,0
𦙽,肉,,0,0
𦙾,肉,,0,0
𦙿,肉,,0,0
𦚀,肉,,0,0
𦚁,肉,,0,0
𦚂,肉,,0,0
𦚃,肉,,0,0
𦚄,肉,,0,0
𦚅,肉,,0,0
𦚆,肉,,0,0
𦚇,肉,,0,0
𦚈,肉,tuò,4,0
𦚉,肉,,0,0
𦚊,肉,qì,4,0
𦚋,肉,,0,0
𦚌,肉,,0,0
𦚍,肉,,0,0
𦚎,肉,,0,0
𦚏,肉,zhuāng,1,0
𦚐,肉,tuó,2,0
𦚑,肉,,0,0
𦚒,肉,,0,0
𦚓,肉,píng,2,0
𦚔,肉,,0,0
𦚕,肉,,0,0
𦚖,肉,,0,0
𦚗,肉,,0,0
𦚘,肉,,0,0
𦚙,肉,,0,0
𦚚,肉,,0,0
𦚛,肉,,0,0
𦚜,肉,,0,0
𦚝,肉,pēng,1,0
𦚞,肉,kuāng,1,0
𦚟,肉,yí,2,0
𦚠,肉,,0,0
𦚡,肉,xiè,4,0
𦚢,肉,yuē,1,0
𦚣,肉,hén,2,0
𦚤,肉,,0,0
𦚥,肉,hóu,2,0
𦚦,肉,zhēng,1,0
𦚧,肉,chǔn,3,0
𦚨,肉,shì,4,0
𦚩,肉,wǎ,3,0
𦚪,肉,,0,0
𦚫,肉,xié,2,0
𦚬,肉,,0,0
𦚭,肉,,0,0
𦚮,肉,,0,0
𦚯,肉,,0,0
𦚰,肉,,0,0
𦚱,肉,,0,0
𦚲,肉,,0,0
𦚳,肉,,0,0
𦚴,肉,,0,0
𦚵,肉,,0,0
𦚶,肉,,0,0
𦚷,肉,,0,0
𦚸,肉,gèng,4,0
𦚹,月,,0,0
𦚺,肉,,0,0
𦚻,肉,,0,0
𦚼,肉,,0,0
𦚽,肉,,0,0
𦚾,肉,,0,0
𦚿,肉,,0,0
𦛀,肉,,0,0
𦛁,肉,,0,0
𦛂,肉,,0,0
𦛃,肉,,0,0
𦛄,肉,,0,0
𦛅,肉,è,4,0
𦛆,肉,,0,0
𦛇,肉,,0,0
𦛈,肉,,0,0
𦛉,肉,,0,0
𦛊,肉,,0,0
𦛋,肉,,0,0
𦛌,肉,,0,0
𦛍,肉,,0,0
𦛎,肉,,0,0
𦛏,肉,kú,2,0
𦛐,肉,nà,4,0
𦛑,肉,,0,0
𦛒,肉,,0,0
𦛓,肉,jū,1,0
𦛔,肉,xuàn,4,0
𦛕,肉,qū,1,0
𦛖,肉,chè,4,0
𦛗,肉,lǚ,3,0
𦛘,肉,hé,2,0
𦛙,肉,shèng,4,0
𦛚,肉,nàn,4,0
𦛛,肉,,0,0
𦛜,肉,hé,2,0
𦛝,肉,chá,2,0
𦛞,肉,yān,1,0
𦛟,肉,gěng,3,0
𦛠,肉,niè,4,0
𦛡,肉,,0,0
𦛢,肉,guó,2,0
𦛣,肉,yán,2,0
𦛤,肉,guǎn,3,0
𦛥,肉,,0,0
𦛦,肉,,0,0
𦛧,肉,zhì,4,0
𦛨,肉,láo,2,0
𦛩,肉,,0,0
𦛪,肉,,0,0
𦛫,肉,,0,0
𦛬,肉,,0,0
𦛭,肉,,0,0
𦛮,肉,,0,0
𦛯,肉,dǔ,3,0
𦛰,肉,qì,4,0
𦛱,肉,qū,1,0
𦛲,肉,jué,2,0
𦛳,肉,,0,0
𦛴,肉,,0,0
𦛵,肉,,0,0
𦛶,肉,,0,0
𦛷,肉,,0,0
𦛸,肉,,0,0
𦛹,肉,,0,0
𦛺,肉,,0,0
𦛻,肉,,0,0
𦛼,肉,,0,0
𦛽,肉,,0,0
𦛾,肉,,0,0
𦛿,肉,,0,0
𦜀,肉,,0,0
𦜁,肉,fēng,1,0
𦜂,肉,,0,0
𦜃,肉,xù,4,0
𦜄,肉,tuì,4,0
𦜅,肉,,0,0
𦜆,肉,hán,2,0
𦜇,肉,kū,1,0
𦜈,肉,,0,0
𦜉,肉,,0,0
𦜊,肉,shēn,1,0
𦜋,肉,zhì,4,0
𦜌,肉,,0,0
𦜍,肉,pàng,4,0
𦜎,肉,zhēng,1,0
𦜏,肉,lì,4,0
𦜐,肉,wǎn,3,0
𦜑,肉,,0,0
𦜒,肉,fǎn,3,0
𦜓,肉,xìn,4,0
𦜔,肉,,0,0
𦜕,肉,,0,0
𦜖,肉,yà,4,0
𦜗,肉,,0,0
𦜘,肉,,0,0
𦜙,肉,,0,0
𦜚,肉,,0,0
𦜛,肉,jū,1,0
𦜜,肉,shèn,4,0
𦜝,肉,,0,0
𦜞,肉,,0,0
𦜟,肉,,0,0
𦜠,肉,,0,0
𦜡,肉,,0,0
𦜢,肉,,0,0
𦜣,肉,,0,0
𦜤,肉,,0,0
𦜥,肉,,0,0
𦜦,肉,,0,0
𦜧,肉,,0,0
𦜨,肉,,0,0
𦜩,肉,,0,0
𦜪,肉,,0,0
𦜫,肉,,0,0
𦜬,肉,,0,0
𦜭,肉,mǎng,3,0
𦜮,肉,,0,0
𦜯,肉,tǔn,3,0
𦜰,肉,zhuó,2,0
𦜱,肉,xī,1,0
𦜲,肉,yìn,4,0
𦜳,月,jīng,1,0
𦜴,肉,tún,2,0
𦜵,肉,,0,0
𦜶,肉,,0,0
𦜷,肉,gèng,4,0
𦜸,肉,jì,4,0
𦜹,肉,,0,0
𦜺,肉,,0,0
𦜻,肉,,0,0
𦜼,肉,,0,0
𦜽,肉,,0,0
𦜾,肉,,0,0
𦜿,肉,,0,0
𦝀,肉,,0,0
𦝁,肉,,0,0
𦝂,肉,,0,0
𦝃,肉,,0,0
𦝄,肉,,0,0
𦝅,肉,,0,0
𦝆,肉,,0,0
𦝇,肉,,0,0
𦝈,肉,,0,0
𦝉,肉,,0,0
𦝊,肉,,0,0
𦝋,肉,,0,0
𦝌,肉,,0,0
𦝍,肉,,0,0
𦝎,肉,,0,0
𦝏,肉,zhuǎn,3,0
𦝐,肉,,0,0
𦝑,肉,,0,0
𦝒,肉,tiē,1,0
𦝓,肉,,0,0
𦝔,肉,zhī,1,0
𦝕,肉,,0,0
𦝖,肉,jí,2,0
𦝗,肉,,0,0
𦝘,肉,,0,0
𦝙,肉,,0,0
𦝚,肉,yíng,2,0
𦝛,肉,wèi,4,0
𦝜,肉,,0,0
𦝝,肉,huàn,4,0
𦝞,肉,tíng,2,0
𦝟,肉,chán,2,0
𦝠,肉,,0,0
𦝡,肉,,0,0
𦝢,肉,kuí,2,0
𦝣,肉,qià,4,0
𦝤,肉,bàn,4,0
𦝥,肉,chā,1,0
𦝦,肉,tuǒ,3,0
𦝧,肉,nǎn,3,0
𦝨,肉,jiē,1,0
𦝩,肉,,0,0
𦝪,肉,yān,1,0
𦝫,肉,,0,0
𦝬,肉,tú,2,0
𦝭,肉,,0,0
𦝮,肉,wěn,3,0
𦝯,肉,,0,0
𦝰,肉,cōng,1,0
𦝱,肉,,0,0
𦝲,肉,,0,0
𦝳,肉,xù,4,0
𦝴,肉,yìn,4,0
𦝵,肉,,0,0
𦝶,肉,,0,0
𦝷,肉,bèng,4,0
𦝸,肉,,0,0
𦝹,肉,,0,0
𦝺,肉,,0,0
𦝻,肉,,0,0
𦝼,肉,lǘ,2,0
𦝽,肉,,0,0
𦝾,肉,,0,0
𦝿,肉,,0,0
𦞀,肉,,0,0
𦞁,肉,zāi,1,0
𦞂,肉,dā,1,0
𦞃,肉,,0,0
𦞄,肉,,0,0
𦞅,肉,,0,0
𦞆,肉,niè,4,0
𦞇,肉,jǔ,3,0
𦞈,肉,hóu,2,0
𦞉,肉,,0,0
𦞊,肉,,0,0
𦞋,肉,,0,0
𦞌,肉,gèng,4,0
𦞍,肉,,0,0
𦞎,肉,,0,0
𦞏,肉,,0,0
𦞐,肉,,0,0
𦞑,肉,,0,0
𦞒,肉,,0,0
𦞓,肉,,0,0
𦞔,肉,,0,0
𦞕,肉,hóu,2,0
𦞖,肉,kān,1,0
𦞗,肉,gōng,1,0
𦞘,肉,,0,0
𦞙,肉,huǐ,3,0
𦞚,肉,xiè,4,0
𦞛,肉,,0,0
𦞜,肉,,0,0
𦞝,肉,xì,4,0
𦞞,肉,hán,2,0
𦞟,肉,mí,2,0
𦞠,肉,,0,0
𦞡,肉,wěng,3,0
𦞢,肉,hùn,4,0
𦞣,肉,sāo,1,0
𦞤,肉,xìn,4,0
𦞥,肉,zhé,2,0
𦞦,肉,huò,4,0
𦞧,肉,,0,0
𦞨,肉,gōng,1,0
𦞩,肉,,0,0
𦞪,肉,,0,0
𦞫,肉,sài,4,0
𦞬,肉,jīn,1,0
𦞭,肉,wā,1,0
𦞮,肉,,0,0
𦞯,肉,,0,0
𦞰,肉,,0,0
𦞱,肉,duǐ,3,0
𦞲,肉,chī,1,0
𦞳,肉,,0,0
𦞴,肉,,0,0
𦞵,肉,,0,0
𦞶,肉,,0,0
𦞷,肉,,0,0
𦞸,肉,,0,0
𦞹,肉,,0,0
𦞺,肉,,0,0
𦞻,肉,,0,0
𦞼,肉,,0,0
𦞽,肉,xī,1,0
𦞾,肉,,0,0
𦞿,肉,,0,0
𦟀,肉,,0,0
𦟁,肉,,0,0
𦟂,肉,mí,2,0
𦟃,肉,zāng,1,0
𦟄,肉,sǎng,3,0
𦟅,肉,,0,0
𦟆,肉,,0,0
𦟇,肉,,0,0
𦟈,肉,,0,0
𦟉,肉,,0,0
𦟊,肉,,0,0
𦟋,肉,,0,0
𦟌,肉,,0,0
𦟍,肉,,0,0
𦟎,肉,,0,0
𦟏,肉,,0,0
𦟐,肉,,0,0
𦟑,肉,,0,0
𦟒,肉,,0,0
𦟓,肉,tún,2,0
𦟔,肉,zhì,4,0
𦟕,肉,wěn,3,0
𦟖,肉,,0,0
𦟗,肉,,0,0
𦟘,肉,yín,2,0
𦟙,肉,tǔn,3,0
𦟚,肉,,0,0
𦟛,肉,chōng,1,0
𦟜,肉,zé,2,0
𦟝,肉,,0,0
𦟞,肉,xiāo,1,0
𦟟,肉,mó,2,0
𦟠,肉,cù,4,0
𦟡,肉,,0,0
𦟢,肉,,0,0
𦟣,肉,biǎn,3,0
𦟤,肉,xiū,1,0
𦟥,肉,,0,0
𦟦,肉,,0,0
𦟧,肉,yí,2,0
𦟨,肉,,0,0
𦟩,肉,,0,0
𦟪,肉,,0,0
𦟫,肉,,0,0
𦟬,肉,,0,0
𦟭,肉,,0,0
𦟮,肉,huǎng,3,0
𦟯,肉,,0,0
𦟰,肉,zhā,1,0
𦟱,肉,suō,1,0
𦟲,肉,hún,2,0
𦟳,肉,jù,4,0
𦟴,肉,,0,0
𦟵,肉,,0,0
𦟶,肉,,0,0
𦟷,肉,,0,0
𦟸,肉,,0,0
𦟹,肉,,0,0
𦟺,肉,,0,0
𦟻,肉,,0,0
𦟼,肉,,0,0
𦟽,肉,,0,0
𦟾,肉,,0,0
𦟿,肉,,0,0
𦠀,肉,,0,0
𦠁,肉,cù,4,0
𦠂,肉,,0,0
𦠃,肉,,0,0
𦠄,肉,jī,1,0
𦠅,肉,xún,2,0
𦠆,肉,sǔn,3,0
𦠇,肉,céng,2,0
𦠈,肉,,0,0
𦠉,肉,yì,4,0
𦠊,肉,,0,0
𦠋,肉,,0,0
𦠌,肉,,0,0
𦠍,肉,,0,0
𦠎,肉,biāo,1,0
𦠏,肉,,0,0
𦠐,肉,,0,0
𦠑,肉,,0,0
𦠒,肉,jué,2,0
𦠓,肉,lì,4,0
𦠔,肉,,0,0
𦠕,肉,,0,0
𦠖,肉,pào,4,0
𦠗,肉,,0,0
𦠘,肉,,0,0
𦠙,肉,,0,0
𦠚,肉,,0,0
𦠛,肉,zā,1,0
𦠜,肉,yè,4,0
𦠝,肉,,0,0
𦠞,肉,bì,4,0
𦠟,肉,zhè,4,0
𦠠,肉,zhè,4,0
𦠡,肉,,0,0
𦠢,肉,jiù,4,0
𦠣,肉,zhé,2,0
𦠤,肉,,0,0
𦠥,肉,,0,0
𦠦,肉,shù,4,0
𦠧,肉,,0,0
𦠨,肉,,0,0
𦠩,肉,,0,0
𦠪,肉,xī,1,0
𦠫,肉,,0,0
𦠬,肉,,0,0
𦠭,肉,,0,0
𦠮,肉,,0,0
𦠯,肉,,0,0
𦠰,肉,,0,0
𦠱,肉,,0,0
𦠲,肉,,0,0
𦠳,肉,,0,0
𦠴,肉,,0,0
𦠵,肉,,0,0
𦠶,肉,,0,0
𦠷,肉,xǔ,3,0
𦠸,肉,nǎi,3,0
𦠹,肉,xián,2,0
𦠺,肉,gǔn,3,0
𦠻,肉,wèi,4,0
𦠼,肉,,0,0
𦠽,肉,,0,0
𦠾,肉,jí,2,0
𦠿,肉,sà,4,0
𦡀,肉,,0,0
𦡁,肉,,0,0
𦡂,肉,dǒng,3,0
𦡃,肉,nuó,2,0
𦡄,肉,dù,4,0
𦡅,肉,zhēng,1,0
𦡆,肉,kū,1,0
𦡇,肉,,0,0
𦡈,肉,,0,0
𦡉,肉,míng,2,0
𦡊,肉,,0,0
𦡋,肉,,0,0
𦡌,肉,,0,0
𦡍,肉,,0,0
𦡎,肉,,0,0
𦡏,肉,,0,0
𦡐,肉,,0,0
𦡑,肉,,0,0
𦡒,肉,,0,0
𦡓,肉,,0,0
𦡔,肉,,0,0
𦡕,肉,báo,2,0
𦡖,月,huì,4,0
𦡗,心,,0,0
𦡘,肉,,0,0
𦡙,肉,zōng,1,0
𦡚,肉,,0,0
𦡛,肉,,0,0
𦡜,肉,,0,0
𦡝,肉,,0,0
𦡞,肉,,0,0
𦡟,肉,,0,0
𦡠,肉,,0,0
𦡡,肉,,0,0
𦡢,肉,,0,0
𦡣,肉,,0,0
𦡤,肉,,0,0
𦡥,肉,,0,0
𦡦,肉,,0,0
𦡧,肉,,0,0
𦡨,肉,sàn,4,0
𦡩,肉,,0,0
𦡪,肉,tēng,1,0
𦡫,肉,yí,2,0
𦡬,肉,,0,0
𦡭,肉,yù,4,0
𦡮,肉,,0,0
𦡯,肉,,0,0
𦡰,肉,,0,0
𦡱,肉,yào,4,0
𦡲,肉,nǐng,3,0
𦡳,肉,,0,0
𦡴,肉,chóu,2,0
𦡵,肉,hùn,4,0
𦡶,肉,,0,0
𦡷,肉,duì,4,0
𦡸,肉,,0,0
𦡹,肉,qì,4,0
𦡺,肉,yǐng,3,0
𦡻,肉,bìng,4,0
𦡼,肉,níng,2,0
𦡽,肉,huáng,2,0
𦡾,肉,,0,0
𦡿,肉,,0,0
𦢀,肉,,0,0
𦢁,肉,,0,0
𦢂,肉,,0,0
𦢃,肉,,0,0
𦢄,肉,,0,0
𦢅,肉,,0,0
𦢆,肉,yǐng,3,0
𦢇,肉,,0,0
𦢈,肉,,0,0
𦢉,肉,,0,0
𦢊,肉,báo,2,0
𦢋,肉,,0,0
𦢌,肉,,0,0
𦢍,肉,,0,0
𦢎,肉,guàng,4,0
𦢏,肉,lěi,3,0
𦢐,肉,zǔn,3,0
𦢑,肉,,0,0
𦢒,肉,,0,0
𦢓,肉,,0,0
𦢔,肉,,0,0
𦢕,肉,,0,0
𦢖,肉,,0,0
𦢗,肉,,0,0
𦢘,肉,,0,0
𦢙,肉,chǎn,3,0
𦢚,肉,,0,0
𦢛,肉,,0,0
𦢜,肉,,0,0
𦢝,肉,,0,0
𦢞,肉,,0,0
𦢟,肉,,0,0
𦢠,肉,,0,0
𦢡,肉,,0,0
𦢢,肉,,0,0
𦢣,肉,jiǎn,3,0
𦢤,肉,,0,0
𦢥,肉,,0,0
𦢦,肉,,0,0
𦢧,肉,méng,2,0
𦢨,肉,,0,0
𦢩,肉,xiào,4,0
𦢪,肉,,0,0
𦢫,肉,,0,0
𦢬,肉,,0,0
𦢭,肉,,0,0
𦢮,肉,,0,0
𦢯,肉,xìn,4,0
𦢰,肉,,0,0
𦢱,肉,lí,2,0
𦢲,肉,,0,0
𦢳,肉,,0,0
𦢴,肉,,0,0
𦢵,肉,,0,0
𦢶,肉,,0,0
𦢷,肉,,0,0
𦢸,肉,,0,0
𦢹,肉,,0,0
𦢺,肉,qiǎo,3,0
𦢻,肉,,0,0
𦢼,肉,,0,0
𦢽,肉,,0,0
𦢾,肉,,0,0
𦢿,肉,wěi,3,0
𦣀,肉,nà,4,0
𦣁,肉,,0,0
𦣂,肉,pāng,1,0
𦣃,肉,,0,0
𦣄,肉,léi,2,0
𦣅,肉,,0,0
𦣆,肉,,0,0
𦣇,肉,luó,2,0
𦣈,肉,,0,0
𦣉,肉,,0,0
𦣊,肉,,0,0
𦣋,肉,luán,2,0
𦣌,肉,,0,0
𦣍,肉,gēng,1,0
𦣎,肉,,0,0
𦣏,肉,luán,2,0
𦣐,肉,,0,0
𦣑,肉,,0,0
𦣒,肉,qú,2,0
𦣓,肉,,0,0
𦣔,肉,,0,0
𦣕,肉,,0,0
𦣖,肉,luó,2,0
𦣗,肉,,0,0
𦣘,肉,náng,2,0
𦣙,肉,,0,0
𦣚,肉,,0,0
𦣛,肉,luó,2,0
𦣜,肉,yuè,4,0
𦣝,臣,,0,0
𦣞,臣,,0,0
𦣟,臣,,0,0
𦣠,臣,,0,0
𦣡,臣,,0,0
𦣢,臣,shuì,4,0
𦣣,臣,,0,0
𦣤,臣,,0,0
𦣥,臣,mì,4,0
𦣦,臣,wáng,2,0
𦣧,臣,cè,4,0
𦣨,臣,jiān,1,0
𦣩,臣,wǎng,3,0
𦣪,臣,,0,0
𦣫,臣,,0,0
𦣬,臣,,0,0
𦣭,臣,,0,0
𦣮,臣,,0,0
𦣯,臣,jiā,1,0
𦣰,臣,,0,0
𦣱,臣,,0,0
𦣲,臣,,0,0
𦣳,臣,,0,0
𦣴,臣,huán,2,0
𦣵,臣,,0,0
𦣶,臣,,0,0
𦣷,臣,,0,0
𦣸,臣,liàn,4,0
𦣹,自,zì,4,0
𦣺,自,bái,2,0
𦣻,自,shǒu,3,0
𦣼,自,,0,0
𦣽,自,,0,0
𦣾,自,wǎn,3,0
𦣿,自,,0,0
𦤀,自,,0,0
𦤁,自,,0,0
𦤂,自,shū,1,0
𦤃,自,,0,0
𦤄,自,,0,0
𦤅,自,,0,0
𦤆,自,,0,0
𦤇,自,guī,1,0
𦤈,自,xī,1,0
𦤉,自,,0,0
𦤊,自,rú,2,0
𦤋,自,yào,4,0
𦤌,自,,0,0
𦤍,自,,0,0
𦤎,自,gāo,1,0
𦤏,自,,0,0
𦤐,自,,0,0
𦤑,自,,0,0
𦤒,自,,0,0
𦤓,自,,0,0
𦤔,自,,0,0
𦤕,自,yuè,4,0
𦤖,自,,0,0
𦤗,自,,0,0
𦤘,自,yōng,1,0
𦤙,自,wà,4,0
𦤚,自,bó,2,0
𦤛,自,,0,0
𦤜,自,,0,0
𦤝,自,,0,0
𦤞,自,,0,0
𦤟,自,xìn,4,0
𦤠,自,,0,0
𦤡,自,,0,0
𦤢,自,pì,4,0
𦤣,自,bó,2,0
𦤤,自,,0,0
𦤥,自,,0,0
𦤦,自,hài,4,0
𦤧,自,zhài,4,0
𦤨,自,wò,4,0
𦤩,自,,0,0
𦤪,自,yè,4,0
𦤫,自,bì,4,0
𦤬,自,hài,4,0
𦤭,自,,0,0
𦤮,自,,0,0
𦤯,自,,0,0
𦤰,自,,0,0
𦤱,自,,0,0
𦤲,自,,0,0
𦤳,至,,0,0
𦤴,至,,0,0
𦤵,至,,0,0
𦤶,至,,0,0
𦤷,至,,0,0
𦤸,至,chì,4,0
𦤹,至,,0,0
𦤺,至,,0,0
𦤻,至,zhì,4,0
𦤼,至,,0,0
𦤽,至,ní,2,0
𦤾,至,,0,0
𦤿,至,,0,0
𦥀,至,,0,0
𦥁,至,wú,2,0
𦥂,至,ǎi,3,0
𦥃,至,,0,0
𦥄,至,,0,0
𦥅,至,,0,0
𦥆,至,,0,0
𦥇,至,,0,0
𦥈,土,ǎi,3,0
𦥉,至,yǔ,3,0
𦥊,至,chì,4,0
𦥋,至,,0,0
𦥌,至,,0,0
𦥍,至,jìng,4,0
𦥎,至,zhì,4,0
𦥏,至,zhì,4,0
𦥐,至,zhì,4,0
𦥑,臼,jú,2,0
𦥒,臼,,0,0
𦥓,臼,,0,0
𦥔,臼,,0,0
𦥕,臼,,0,0
𦥖,臼,hán,2,0
𦥗,臼,,0,0
𦥘,臼,,0,0
𦥙,臼,,0,0
𦥚,臼,pīng,1,0
𦥛,臼,,0,0
𦥜,臼,,0,0
𦥝,臼,yǎo,3,0
𦥞,臼,,0,0
𦥟,臼,,0,0
𦥠,臼,,0,0
𦥡,臼,,0,0
𦥢,臼,,0,0
𦥣,臼,yóu,2,0
𦥤,臼,pīng,1,0
𦥥,臼,,0,0
𦥦,臼,mò,4,0
𦥧,臼,,0,0
𦥨,臼,,0,0
𦥩,臼,,0,0
𦥪,臼,,0,0
𦥫,臼,,0,0
𦥬,臼,zuò,4,0
𦥭,臼,pò,4,0
𦥮,臼,,0,0
𦥯,臼,xué,2,0
𦥰,臼,kuáng,2,0
𦥱,臼,yì,4,0
𦥲,臼,pò,4,0
𦥳,臼,,0,0
𦥴,臼,,0,0
𦥵,臼,,0,0
𦥶,臼,,0,0
𦥷,臼,,0,0
𦥸,臼,,0,0
𦥹,臼,,0,0
𦥺,臼,,0,0
𦥻,臼,zhuì,4,0
𦥼,臼,,0,0
𦥽,臼,,0,0
𦥾,臼,,0,0
𦥿,臼,,0,0
𦦀,臼,,0,0
𦦁,臼,,0,0
𦦂,臼,,0,0
𦦃,臼,ní,2,0
𦦄,臼,qiǔ,3,0
𦦅,臼,còu,4,0
𦦆,臼,,0,0
𦦇,臼,,0,0
𦦈,臼,,0,0
𦦉,臼,,0,0
𦦊,臼,,0,0
𦦋,臼,,0,0
𦦌,臼,yǎo,3,0
𦦍,臼,,0,0
𦦎,臼,,0,0
𦦏,臼,,0,0
𦦐,臼,,0,0
𦦑,臼,fén,2,0
𦦒,臼,,0,0
𦦓,臼,,0,0
𦦔,禸,,0,0
𦦕,臼,xiá,2,0
𦦖,臼,,0,0
𦦗,臼,jiāng,1,0
𦦘,臼,chā,1,0
𦦙,臼,,0,0
𦦚,臼,,0,0
𦦛,臼,xiào,4,0
𦦜,臼,chā,1,0
𦦝,臼,,0,0
𦦞,臼,,0,0
𦦟,臼,,0,0
𦦠,臼,,0,0
𦦡,臼,,0,0
𦦢,臼,chéng,2,0
𦦣,臼,cuì,4,0
𦦤,臼,,0,0
𦦥,臼,,0,0
𦦦,臼,,0,0
𦦧,臼,qióng,2,0
𦦨,火,,0,0
𦦩,臼,yù,4,0
𦦪,臼,,0,0
𦦫,臼,yú,2,0
𦦬,臼,,0,0
𦦭,臼,,0,0
𦦮,臼,,0,0
𦦯,臼,wèn,4,0
𦦰,臼,,0,0
𦦱,臼,chā,1,0
𦦲,臼,yǔ,3,0
𦦳,臼,,0,0
𦦴,臼,,0,0
𦦵,臼,,0,0
𦦶,臼,,0,0
𦦷,臼,,0,0
𦦸,臼,,0,0
𦦹,臼,zuó,2,0
𦦺,臼,dǎo,3,0
𦦻,臼,,0,0
𦦼,臼,,0,0
𦦽,臼,juàn,4,0
𦦾,臼,dǎo,3,0
𦦿,臼,yīng,1,0
𦧀,臼,,0,0
𦧁,臼,fěng,3,0
𦧂,臼,,0,0
𦧃,臼,,0,0
𦧄,臼,,0,0
𦧅,臼,wèng,4,0
𦧆,舌,,0,0
𦧇,舌,,0,0
𦧈,舌,jìn,4,0
𦧉,舌,qì,4,0
𦧊,舌,,0,0
𦧋,舌,qìn,4,0
𦧌,舌,,0,0
𦧍,舌,kuò,4,0
𦧎,舌,,0,0
𦧏,舌,tān,1,0
𦧐,舌,xiān,1,0
𦧑,舌,,0,0
𦧒,舌,tiān,1,0
𦧓,舌,,0,0
𦧔,舌,kuò,4,0
𦧕,舌,,0,0
𦧖,舌,tiàn,4,0
𦧗,舌,,0,0
𦧘,舌,hú,2,0
𦧙,舌,zhū,1,0
𦧚,舌,zhān,1,0
𦧛,舌,tà,4,0
𦧜,舌,,0,0
𦧝,舌,tiān,1,0
𦧞,舌,tà,4,0
𦧟,舌,tà,4,0
𦧠,舌,huá,2,0
𦧡,舌,yǎn,3,0
𦧢,舌,tiè,4,0
𦧣,舌,,0,0
𦧤,舌,tiè,4,0
𦧥,舌,tà,4,0
𦧦,舌,,0,0
𦧧,舌,,0,0
𦧨,舌,,0,0
𦧩,舌,,0,0
𦧪,舌,,0,0
𦧫,舌,,0,0
𦧬,舌,huài,4,0
𦧭,舌,,0,0
𦧮,舌,jiá,2,0
𦧯,舌,qì,4,0
𦧰,舌,,0,0
𦧱,舌,tà,4,0
𦧲,舌,,0,0
𦧳,舌,,0,0
𦧴,舌,tān,1,0
𦧵,舌,huà,4,0
𦧶,舌,,0,0
𦧷,舌,,0,0
𦧸,舌,zhuàn,4,0
𦧹,舌,huā,1,0
𦧺,舌,,0,0
𦧻,舌,,0,0
𦧼,舌,lán,2,0
𦧽,舌,,0,0
𦧾,舛,,0,0
𦧿,舛,,0,0
𦨀,舛,,0,0
𦨁,舛,,0,0
𦨂,舛,,0,0
𦨃,舛,,0,0
𦨄,舛,,0,0
𦨅,舛,,0,0
𦨆,舛,zūn,1,0
𦨇,舟,yì,4,0
𦨈,舟,fú,2,0
𦨉,舟,wù,4,0
𦨊,舟,,0,0
𦨋,舟,fú,2,0
𦨌,舟,,0,0
𦨍,舟,dīng,1,0
𦨎,舟,tà,4,0
𦨏,舟,,0,0
𦨐,舟,,0,0
𦨑,舟,,0,0
𦨒,舟,,0,0
𦨓,舟,,0,0
𦨔,舟,,0,0
𦨕,舟,,0,0
𦨖,舟,chào,4,0
𦨗,舟,,0,0
𦨘,舟,,0,0
𦨙,舟,rì,4,0
𦨚,舟,quǎn,3,0
𦨛,舟,,0,0
𦨜,舟,gē,1,0
𦨝,舟,,0,0
𦨞,舟,,0,0
𦨟,舟,,0,0
𦨠,舟,,0,0
𦨡,舟,fú,2,0
𦨢,舟,dì,4,0
𦨣,舟,diāo,1,0
𦨤,舟,yǒng,3,0
𦨥,舟,,0,0
𦨦,舟,jià,4,0
𦨧,舟,,0,0
𦨨,舟,,0,0
𦨩,舟,lóng,2,0
𦨪,舟,,0,0
𦨫,舟,,0,0
𦨬,舟,yǒng,3,0
𦨭,舟,pí,2,0
𦨮,舟,,0,0
𦨯,舟,huó,2,0
𦨰,舟,qióng,2,0
𦨱,舟,,0,0
𦨲,舟,fán,2,0
𦨳,舟,wú,2,0
𦨴,舟,tóng,2,0
𦨵,舟,háng,2,0
𦨶,舟,,0,0
𦨷,舟,,0,0
𦨸,舟,tān,1,0
𦨹,舟,,0,0
𦨺,舟,,0,0
𦨻,舟,,0,0
𦨼,舟,,0,0
𦨽,舟,,0,0
𦨾,舟,hēng,1,0
𦨿,舟,,0,0
𦩀,舟,,0,0
𦩁,舟,,0,0
𦩂,舟,,0,0
𦩃,舟,,0,0
𦩄,舟,tiāo,1,0
𦩅,舟,,0,0
𦩆,舟,,0,0
𦩇,舟,,0,0
𦩈,舟,zhōu,1,0
𦩉,舟,,0,0
𦩊,舟,,0,0
𦩋,舟,bài,4,0
𦩌,舟,xiè,4,0
𦩍,舟,dāo,1,0
𦩎,舟,,0,0
𦩏,舟,jīn,1,0
𦩐,舟,,0,0
𦩑,舟,,0,0
𦩒,舟,,0,0
𦩓,舟,,0,0
𦩔,舟,,0,0
𦩕,舟,hū,1,0
𦩖,舟,bēi,1,0
𦩗,舟,,0,0
𦩘,舟,dìng,4,0
𦩙,舟,,0,0
𦩚,舟,,0,0
𦩛,舟,,0,0
𦩜,舟,nuó,2,0
𦩝,舟,wèi,4,0
𦩞,舟,yú,2,0
𦩟,舟,,0,0
𦩠,舟,xīng,1,0
𦩡,舟,fú,2,0
𦩢,舟,xiàn,4,0
𦩣,舟,qì,4,0
𦩤,舟,tū,1,0
𦩥,舟,,0,0
𦩦,舟,,0,0
𦩧,舟,jí,2,0
𦩨,舟,,0,0
𦩩,舟,yìng,4,0
𦩪,舟,,0,0
𦩫,舟,dèng,4,0
𦩬,舟,wēi,1,0
𦩭,舟,xī,1,0
𦩮,舟,,0,0
𦩯,舟,pái,2,0
𦩰,舟,,0,0
𦩱,舟,shéng,2,0
𦩲,舟,yǒu,3,0
𦩳,舟,,0,0
𦩴,舟,ái,2,0
𦩵,舟,jiàn,4,0
𦩶,舟,,0,0
𦩷,舟,gōu,1,0
𦩸,舟,ruò,4,0
𦩹,舟,,0,0
𦩺,舟,,0,0
𦩻,舟,,0,0
𦩼,舟,gòng,4,0
𦩽,舟,,0,0
𦩾,舟,,0,0
𦩿,舟,shà,4,0
𦪀,舟,táng,2,0
𦪁,舟,,0,0
𦪂,舟,,0,0
𦪃,舟,,0,0
𦪄,舟,,0,0
𦪅,舟,,0,0
𦪆,舟,,0,0
𦪇,舟,lù,4,0
𦪈,舟,áo,2,0
𦪉,舟,,0,0
𦪊,舟,qì,4,0
𦪋,舟,xiū,1,0
𦪌,舟,,0,0
𦪍,舟,dāi,1,0
𦪎,舟,,0,0
𦪏,舟,,0,0
𦪐,舟,,0,0
𦪑,舟,fá,2,0
𦪒,舟,wèi,4,0
𦪓,舟,,0,0
𦪔,舟,dùn,4,0
𦪕,舟,liáo,2,0
𦪖,舟,fān,1,0
𦪗,舟,huáng,2,0
𦪘,舟,jué,2,0
𦪙,舟,tà,4,0
𦪚,舟,zùn,4,0
𦪛,舟,ráo,2,0
𦪜,舟,cān,1,0
𦪝,舟,téng,2,0
𦪞,舟,,0,0
𦪟,舟,,0,0
𦪠,舟,huà,4,0
𦪡,舟,xū,1,0
𦪢,舟,,0,0
𦪣,舟,zhān,1,0
𦪤,舟,,0,0
𦪥,舟,,0,0
𦪦,舟,,0,0
𦪧,舟,gǎn,3,0
𦪨,舟,,0,0
𦪩,舟,,0,0
𦪪,舟,péng,2,0
𦪫,舟,cān,1,0
𦪬,舟,xiē,1,0
𦪭,舟,dá,2,0
𦪮,舟,,0,0
𦪯,舟,,0,0
𦪰,舟,,0,0
𦪱,舟,jì,4,0
𦪲,舟,,0,0
𦪳,舟,,0,0
𦪴,舟,,0,0
𦪵,舟,,0,0
𦪶,舟,lǐ,3,0
𦪷,舟,,0,0
𦪸,舟,,0,0
𦪹,皿,pán,2,0
𦪺,舟,,0,0
𦪻,舟,,0,0
𦪼,舟,,0,0
𦪽,舟,lóng,2,0
𦪾,舟,lì,4,0
𦪿,舟,xí,2,0
𦫀,舟,téng,2,0
𦫁,舟,,0,0
𦫂,舟,,0,0
𦫃,舟,líng,2,0
𦫄,舟,,0,0
𦫅,舟,,0,0
𦫆,舟,,0,0
𦫇,舟,,0,0
𦫈,舟,lǐ,3,0
𦫉,舟,rán,2,0
𦫊,舟,líng,2,0
𦫋,艮,,0,0
𦫌,艮,,0,0
𦫍,艮,,0,0
𦫎,艮,gǔn,3,0
𦫏,艮,,0,0
𦫐,艮,,0,0
𦫑,艮,,0,0
𦫒,艮,,0,0
𦫓,色,,0,0
𦫔,色,pō,1,0
𦫕,色,mò,4,0
𦫖,色,pāi,1,0
𦫗,色,,0,0
𦫘,色,,0,0
𦫙,色,bà,4,0
𦫚,色,,0,0
𦫛,色,,0,0
𦫜,色,,0,0
𦫝,色,,0,0
𦫞,色,,0,0
𦫟,色,,0,0
𦫠,色,,0,0
𦫡,色,qí,2,0
𦫢,色,,0,0
𦫣,色,,0,0
𦫤,色,yán,2,0
𦫥,色,,0,0
𦫦,色,,0,0
𦫧,色,,0,0
𦫨,色,,0,0
𦫩,色,,0,0
𦫪,色,wà,4,0
𦫫,色,ǎng,3,0
𦫬,色,,0,0
𦫭,色,mìng,4,0
𦫮,色,mǐn,3,0
𦫯,色,xùn,4,0
𦫰,色,méng,2,0
𦫱,色,,0,0
𦫲,色,,0,0
𦫳,艸,guǎi,3,0
𦫴,艸,,0,0
𦫵,艸,,0,0
𦫶,艸,jiāo,1,0
𦫷,艸,,0,0
𦫸,艸,,0,0
𦫹,艸,,0,0
𦫺,艸,,0,0
𦫻,艸,gǎi,3,0
𦫼,艸,,0,0
𦫽,艸,,0,0
𦫾,艸,,0,0
𦫿,艸,,0,0
𦬀,艸,,0,0
𦬁,艸,cái,2,0
𦬂,艸,wù,4,0
𦬃,艸,zhé,2,0
𦬄,艸,rěn,3,0
𦬅,艸,kōu,1,0
𦬆,艸,,0,0
𦬇,艸,,0,0
𦬈,艸,,0,0
𦬉,艸,,0,0
𦬊,艸,,0,0
𦬋,艸,,0,0
𦬌,艸,,0,0
𦬍,艸,,0,0
𦬎,艸,,0,0
𦬏,艸,,0,0
𦬐,艸,,0,0
𦬑,艸,,0,0
𦬒,艸,,0,0
𦬓,艸,,0,0
𦬔,艸,zhǎo,3,0
𦬕,艸,zhōng,1,0
𦬖,艸,qiú,2,0
𦬗,艸,guō,1,0
𦬘,艸,gōng,1,0
𦬙,艸,pū,1,0
𦬚,艸,hù,4,0
𦬛,艸,miǎn,3,0
𦬜,艸,,0,0
𦬝,艸,,0,0
𦬞,艸,tiān,1,0
𦬟,艸,,0,0
𦬠,艸,,0,0
𦬡,艸,,0,0
𦬢,艸,,0,0
𦬣,艸,wǎng,3,0
𦬤,艸,,0,0
𦬥,艸,,0,0
𦬦,艸,,0,0
𦬧,艸,,0,0
𦬨,艸,,0,0
𦬩,艸,,0,0
𦬪,艸,,0,0
𦬫,艸,,0,0
𦬬,艸,,0,0
𦬭,艸,,0,0
𦬮,艸,,0,0
𦬯,艸,,0,0
𦬰,艸,,0,0
𦬱,艸,,0,0
𦬲,艸,,0,0
𦬳,艸,,0,0
𦬴,艸,,0,0
𦬵,艸,,0,0
𦬶,艸,,0,0
𦬷,艸,,0,0
𦬸,艸,zhú,2,0
𦬹,艸,dá,2,0
𦬺,艸,xiòng,4,0
𦬻,艸,ná,2,0
𦬼,艸,,0,0
𦬽,艸,,0,0
𦬾,艸,juān,1,0
𦬿,艸,,0,0
𦭀,艸,,0,0
𦭁,艸,niǎn,3,0
𦭂,艸,,0,0
𦭃,艸,,0,0
𦭄,艸,,0,0
𦭅,艸,,0,0
𦭆,艸,,0,0
𦭇,艸,,0,0
𦭈,艸,hù,4,0
𦭉,艸,shā,1,0
𦭊,艸,,0,0
𦭋,艸,,0,0
𦭌,艸,,0,0
𦭍,艸,,0,0
𦭎,艸,,0,0
𦭏,艸,,0,0
𦭐,艸,,0,0
𦭑,艸,,0,0
𦭒,艸,,0,0
𦭓,艸,,0,0
𦭔,艸,,0,0
𦭕,艸,,0,0
𦭖,艸,,0,0
𦭗,艸,,0,0
𦭘,艸,,0,0
𦭙,艸,,0,0
𦭚,艸,,0,0
𦭛,艸,,0,0
𦭜,艸,zhī,1,0
𦭝,艸,,0,0
𦭞,艸,,0,0
𦭟,艸,tā,1,0
𦭠,艸,,0,0
𦭡,艸,sī,1,0
𦭢,艸,,0,0
𦭣,艸,,0,0
𦭤,艸,,0,0
𦭥,艸,yì,4,0
𦭦,艸,,0,0
𦭧,艸,,0,0
𦭨,艸,,0,0
𦭩,艸,,0,0
𦭪,艸,,0,0
𦭫,艸,,0,0
𦭬,艸,,0,0
𦭭,艸,qióng,2,0
𦭮,艸,zhì,4,0
𦭯,艸,lǚ,3,0
𦭰,艸,rú,2,0
𦭱,艸,,0,0
𦭲,艸,qí,2,0
𦭳,艸,yǔ,3,0
𦭴,艸,zhōu,1,0
𦭵,艸,yáng,2,0
𦭶,艸,xiǎn,3,0
𦭷,艸,móu,2,0
𦭸,艸,chóu,2,0
𦭹,艸,huī,1,0
𦭺,艸,jiū,1,0
𦭻,艸,jiù,4,0
𦭼,艸,piǎo,3,0
𦭽,艸,,0,0
𦭾,艸,,0,0
𦭿,艸,,0,0
𦮀,艸,,0,0
𦮁,艸,jiào,4,0
𦮂,艸,,0,0
𦮃,艸,guāi,1,0
𦮄,艸,,0,0
𦮅,艸,mò,4,0
𦮆,艸,,0,0
𦮇,艸,,0,0
𦮈,艸,,0,0
𦮉,艸,,0,0
𦮊,艸,,0,0
𦮋,艸,,0,0
𦮌,艸,,0,0
𦮍,艸,,0,0
𦮎,艸,,0,0
𦮏,艸,,0,0
𦮐,艸,xī,1,0
𦮑,艸,pú,2,0
𦮒,艸,,0,0
𦮓,艸,,0,0
𦮔,艸,,0,0
𦮕,艸,,0,0
𦮖,艸,,0,0
𦮗,艸,,0,0
𦮘,艸,,0,0
𦮙,艸,,0,0
𦮚,艸,,0,0
𦮛,艸,,0,0
𦮜,艸,,0,0
𦮝,艸,,0,0
𦮞,艸,,0,0
𦮟,艸,,0,0
𦮠,艸,,0,0
𦮡,艸,,0,0
𦮢,艸,,0,0
𦮣,艸,,0,0
𦮤,艸,,0,0
𦮥,艸,,0,0
𦮦,艸,,0,0
𦮧,艸,,0,0
𦮨,艸,,0,0
𦮩,艸,,0,0
𦮪,艸,,0,0
𦮫,艸,,0,0
𦮬,艸,,0,0
𦮭,艸,,0,0
𦮮,艸,,0,0
𦮯,艸,jì,4,0
𦮰,艸,,0,0
𦮱,艸,,0,0
𦮲,艸,,0,0
𦮳,艸,,0,0
𦮴,艸,,0,0
𦮵,艸,,0,0
𦮶,艸,wěn,3,0
𦮷,艸,bèi,4,0
𦮸,艸,yǐ,3,0
𦮹,艸,fú,2,0
𦮺,艸,sī,1,0
𦮻,艸,juān,1,0
𦮼,艸,jì,4,0
𦮽,艸,,0,0
𦮾,艸,nì,4,0
𦮿,艸,,0,0
𦯀,艸,bèn,4,0
𦯁,艸,,0,0
𦯂,艸,,0,0
𦯃,艸,,0,0
𦯄,艸,,0,0
𦯅,艸,xù,4,0
𦯆,艸,,0,0
𦯇,艸,,0,0
𦯈,艸,qǐn,3,0
𦯉,艸,bó,2,0
𦯊,艸,,0,0
𦯋,艸,,0,0
𦯌,艸,wáng,2,0
𦯍,艸,zhè,4,0
𦯎,艸,,0,0
𦯏,艸,wò,4,0
𦯐,艸,sháo,2,0
𦯑,艸,zào,4,0
𦯒,艸,yǎng,3,0
𦯓,艸,,0,0
𦯔,艸,,0,0
𦯕,艸,sòng,4,0
𦯖,艸,niè,4,0
𦯗,艸,,0,0
𦯘,艸,,0,0
𦯙,艸,,0,0
𦯚,艸,,0,0
𦯛,艸,bì,4,0
𦯜,艸,,0,0
𦯝,艸,,0,0
𦯞,艸,,0,0
𦯟,艸,,0,0
𦯠,艸,,0,0
𦯡,艸,,0,0
𦯢,艸,,0,0
𦯣,艸,cú,2,0
𦯤,艸,qiāng,1,0
𦯥,艸,,0,0
𦯦,艸,,0,0
𦯧,艸,,0,0
𦯨,艸,,0,0
𦯩,艸,,0,0
𦯪,艸,xiào,4,0
𦯫,艸,zhī,1,0
𦯬,艸,shé,2,0
𦯭,艸,,0,0
𦯮,艸,,0,0
𦯯,艸,zhì,4,0
𦯰,艸,pēng,1,0
𦯱,艸,,0,0
𦯲,艸,,0,0
𦯳,艸,,0,0
𦯴,艸,,0,0
𦯵,艸,,0,0
𦯶,艸,,0,0
𦯷,艸,,0,0
𦯸,艸,,0,0
𦯹,艸,,0,0
𦯺,艸,,0,0
𦯻,艸,,0,0
𦯼,艸,,0,0
𦯽,艸,,0,0
𦯾,艸,,0,0
𦯿,艸,,0,0
𦰀,艸,,0,0
𦰁,艸,,0,0
𦰂,艸,,0,0
𦰃,艸,,0,0
𦰄,艸,,0,0
𦰅,艸,,0,0
𦰆,艸,,0,0
𦰇,艸,,0,0
𦰈,艸,,0,0
𦰉,艸,,0,0
𦰊,艸,,0,0
𦰋,艸,,0,0
𦰌,艸,,0,0
𦰍,艸,,0,0
𦰎,艸,,0,0
𦰏,艸,diào,4,0
𦰐,艸,,0,0
𦰑,艸,,0,0
𦰒,艸,,0,0
𦰓,艸,,0,0
𦰔,艸,,0,0
𦰕,艸,,0,0
𦰖,艸,wò,4,0
𦰗,艸,,0,0
𦰘,艸,zhǐ,3,0
𦰙,艸,bì,4,0
𦰚,艸,,0,0
𦰛,艸,fén,2,0
𦰜,艸,,0,0
𦰝,艸,,0,0
𦰞,艸,,0,0
𦰟,艸,,0,0
𦰠,艸,,0,0
𦰡,艸,nà,4,0
𦰢,艸,,0,0
𦰣,艸,,0,0
𦰤,艸,,0,0
𦰥,艸,bāng,1,0
𦰦,艸,,0,0
𦰧,艸,,0,0
𦰨,艸,,0,0
𦰩,艸,,0,0
𦰪,艸,qiú,2,0
𦰫,艸,nǐ,3,0
𦰬,艸,bó,2,0
𦰭,艸,dùn,4,0
𦰮,艸,,0,0
𦰯,艸,shǐ,3,0
𦰰,艸,xū,1,0
𦰱,艸,cháng,2,0
𦰲,艸,xū,1,0
𦰳,艸,yé,2,0
𦰴,艸,mí,2,0
𦰵,艸,,0,0
𦰶,艸,,0,0
𦰷,艸,,0,0
𦰸,艸,xīn,1,0
𦰹,艸,zhuó,2,0
𦰺,艸,fù,4,0
𦰻,艸,,0,0
𦰼,艸,,0,0
𦰽,艸,pǐ,3,0
𦰾,艸,xuè,4,0
𦰿,艸,,0,0
𦱀,艸,yù,4,0
𦱁,艸,xián,2,0
𦱂,艸,yù,4,0
𦱃,艸,yú,2,0
𦱄,艸,,0,0
𦱅,艸,jū,1,0
𦱆,艸,tā,1,0
𦱇,艸,kōng,1,0
𦱈,艸,,0,0
𦱉,艸,,0,0
𦱊,艸,zhēng,1,0
𦱋,艸,méng,2,0
𦱌,艸,gāng,1,0
𦱍,艸,,0,0
𦱎,艸,,0,0
𦱏,艸,,0,0
𦱐,艸,,0,0
𦱑,艸,,0,0
𦱒,艸,mù,4,0
𦱓,艸,xǐ,3,0
𦱔,艸,bì,4,0
𦱕,艸,,0,0
